warning: unknown warning option '-Walloc-zero'; did you mean '-Walloca'? [-Wunknown-warning-option]
warning: unknown warning option '-Wduplicated-branches' [-Wunknown-warning-option]
warning: unknown warning option '-Wduplicated-cond' [-Wunknown-warning-option]
warning: unknown warning option '-Wformat-overflow=2'; did you mean '-Wformat-overflow'? [-Wunknown-warning-option]
warning: unknown warning option '-Wformat-truncation=1'; did you mean '-Wformat-truncation'? [-Wunknown-warning-option]
warning: unknown warning option '-Wlogical-op'; did you mean '-Wlong-long'? [-Wunknown-warning-option]
warning: unknown warning option '-Wshift-overflow=2'; did you mean '-Wshift-overflow'? [-Wunknown-warning-option]
warning: unknown warning option '-Wstringop-overflow=4'; did you mean '-Wshift-overflow'? [-Wunknown-warning-option]
8 warnings generated.
warning: unknown warning option '-Walloc-zero'; did you mean '-Walloca'? [-Wunknown-warning-option]
warning: unknown warning option '-Wduplicated-branches' [-Wunknown-warning-option]
warning: unknown warning option '-Wduplicated-cond' [-Wunknown-warning-option]
warning: unknown warning option '-Wformat-overflow=2'; did you mean '-Wformat-overflow'? [-Wunknown-warning-option]
warning: unknown warning option '-Wformat-truncation=1'; did you mean '-Wformat-truncation'? [-Wunknown-warning-option]
warning: unknown warning option '-Wlogical-op'; did you mean '-Wlong-long'? [-Wunknown-warning-option]
warning: unknown warning option '-Wshift-overflow=2'; did you mean '-Wshift-overflow'? [-Wunknown-warning-option]
warning: unknown warning option '-Wstringop-overflow=4'; did you mean '-Wshift-overflow'? [-Wunknown-warning-option]
8 warnings generated.
warning: unknown warning option '-Walloc-zero'; did you mean '-Walloca'? [-Wunknown-warning-option]
warning: unknown warning option '-Wduplicated-branches' [-Wunknown-warning-option]
warning: unknown warning option '-Wduplicated-cond' [-Wunknown-warning-option]
warning: unknown warning option '-Wformat-overflow=2'; did you mean '-Wformat-overflow'? [-Wunknown-warning-option]
warning: unknown warning option '-Wformat-truncation=1'; did you mean '-Wformat-truncation'? [-Wunknown-warning-option]
warning: unknown warning option '-Wlogical-op'; did you mean '-Wlong-long'? [-Wunknown-warning-option]
warning: unknown warning option '-Wshift-overflow=2'; did you mean '-Wshift-overflow'? [-Wunknown-warning-option]
warning: unknown warning option '-Wstringop-overflow=4'; did you mean '-Wshift-overflow'? [-Wunknown-warning-option]
8 warnings generated.
warning: unknown warning option '-Walloc-zero'; did you mean '-Walloca'? [-Wunknown-warning-option]
warning: unknown warning option '-Wduplicated-branches' [-Wunknown-warning-option]
warning: unknown warning option '-Wduplicated-cond' [-Wunknown-warning-option]
warning: unknown warning option '-Wformat-overflow=2'; did you mean '-Wformat-overflow'? [-Wunknown-warning-option]
warning: unknown warning option '-Wformat-truncation=1'; did you mean '-Wformat-truncation'? [-Wunknown-warning-option]
warning: unknown warning option '-Wlogical-op'; did you mean '-Wlong-long'? [-Wunknown-warning-option]
warning: unknown warning option '-Wshift-overflow=2'; did you mean '-Wshift-overflow'? [-Wunknown-warning-option]
warning: unknown warning option '-Wstringop-overflow=4'; did you mean '-Wshift-overflow'? [-Wunknown-warning-option]
8 warnings generated.
warning: unknown warning option '-Walloc-zero'; did you mean '-Walloca'? [-Wunknown-warning-option]
warning: unknown warning option '-Wduplicated-branches' [-Wunknown-warning-option]
warning: unknown warning option '-Wduplicated-cond' [-Wunknown-warning-option]
warning: unknown warning option '-Wformat-overflow=2'; did you mean '-Wformat-overflow'? [-Wunknown-warning-option]
warning: unknown warning option '-Wformat-truncation=1'; did you mean '-Wformat-truncation'? [-Wunknown-warning-option]
warning: unknown warning option '-Wlogical-op'; did you mean '-Wlong-long'? [-Wunknown-warning-option]
warning: unknown warning option '-Wshift-overflow=2'; did you mean '-Wshift-overflow'? [-Wunknown-warning-option]
warning: unknown warning option '-Wstringop-overflow=4'; did you mean '-Wshift-overflow'? [-Wunknown-warning-option]
8 warnings generated.
warning: unknown warning option '-Walloc-zero'; did you mean '-Walloca'? [-Wunknown-warning-option]
warning: unknown warning option '-Wduplicated-branches' [-Wunknown-warning-option]
warning: unknown warning option '-Wduplicated-cond' [-Wunknown-warning-option]
warning: unknown warning option '-Wformat-overflow=2'; did you mean '-Wformat-overflow'? [-Wunknown-warning-option]
warning: unknown warning option '-Wformat-truncation=1'; did you mean '-Wformat-truncation'? [-Wunknown-warning-option]
warning: unknown warning option '-Wlogical-op'; did you mean '-Wlong-long'? [-Wunknown-warning-option]
warning: unknown warning option '-Wshift-overflow=2'; did you mean '-Wshift-overflow'? [-Wunknown-warning-option]
warning: unknown warning option '-Wstringop-overflow=4'; did you mean '-Wshift-overflow'? [-Wunknown-warning-option]
bsp/bspcomp.c:258:20: warning: format string is not a string literal [-Wformat-nonliteral]
  258 |   vfprintf(stderr, fmtstring, ap);
      |                    ^~~~~~~~~
bsp/bspcomp.c:753:5: warning: variable 'shorthand' is used uninitialized whenever switch default is taken [-Wsometimes-uninitialized]
  753 |     default:
      |     ^~~~~~~
bsp/bspcomp.c:761:37: note: uninitialized use occurs here
  761 |   argument = get_argument(arguments[shorthand ? 1 : 2]);
      |                                     ^~~~~~~~~
bsp/bspcomp.c:745:26: note: initialize the variable 'shorthand' to silence this warning
  745 |   unsigned char shorthand;
      |                          ^
      |                           = '\0'
10 warnings generated.
warning: unknown warning option '-Walloc-zero'; did you mean '-Walloca'? [-Wunknown-warning-option]
warning: unknown warning option '-Wduplicated-branches' [-Wunknown-warning-option]
warning: unknown warning option '-Wduplicated-cond' [-Wunknown-warning-option]
warning: unknown warning option '-Wformat-overflow=2'; did you mean '-Wformat-overflow'? [-Wunknown-warning-option]
warning: unknown warning option '-Wformat-truncation=1'; did you mean '-Wformat-truncation'? [-Wunknown-warning-option]
warning: unknown warning option '-Wlogical-op'; did you mean '-Wlong-long'? [-Wunknown-warning-option]
warning: unknown warning option '-Wshift-overflow=2'; did you mean '-Wshift-overflow'? [-Wunknown-warning-option]
warning: unknown warning option '-Wstringop-overflow=4'; did you mean '-Wshift-overflow'? [-Wunknown-warning-option]
8 warnings generated.
warning: unknown warning option '-Walloc-zero'; did you mean '-Walloca'? [-Wunknown-warning-option]
warning: unknown warning option '-Wduplicated-branches' [-Wunknown-warning-option]
warning: unknown warning option '-Wduplicated-cond' [-Wunknown-warning-option]
warning: unknown warning option '-Wformat-overflow=2'; did you mean '-Wformat-overflow'? [-Wunknown-warning-option]
warning: unknown warning option '-Wformat-truncation=1'; did you mean '-Wformat-truncation'? [-Wunknown-warning-option]
warning: unknown warning option '-Wlogical-op'; did you mean '-Wlong-long'? [-Wunknown-warning-option]
warning: unknown warning option '-Wshift-overflow=2'; did you mean '-Wshift-overflow'? [-Wunknown-warning-option]
warning: unknown warning option '-Wstringop-overflow=4'; did you mean '-Wshift-overflow'? [-Wunknown-warning-option]
8 warnings generated.
warning: unknown warning option '-Walloc-zero'; did you mean '-Walloca'? [-Wunknown-warning-option]
warning: unknown warning option '-Wduplicated-branches' [-Wunknown-warning-option]
warning: unknown warning option '-Wduplicated-cond' [-Wunknown-warning-option]
warning: unknown warning option '-Wformat-overflow=2'; did you mean '-Wformat-overflow'? [-Wunknown-warning-option]
warning: unknown warning option '-Wformat-truncation=1'; did you mean '-Wformat-truncation'? [-Wunknown-warning-option]
warning: unknown warning option '-Wlogical-op'; did you mean '-Wlong-long'? [-Wunknown-warning-option]
warning: unknown warning option '-Wshift-overflow=2'; did you mean '-Wshift-overflow'? [-Wunknown-warning-option]
warning: unknown warning option '-Wstringop-overflow=4'; did you mean '-Wshift-overflow'? [-Wunknown-warning-option]
lzpcompress.c:124:20: warning: format string is not a string literal [-Wformat-nonliteral]
  124 |   vfprintf(stderr, error, ap);
      |                    ^~~~~
9 warnings generated.
warning: unknown warning option '-Walloc-zero'; did you mean '-Walloca'? [-Wunknown-warning-option]
warning: unknown warning option '-Wduplicated-branches' [-Wunknown-warning-option]
warning: unknown warning option '-Wduplicated-cond' [-Wunknown-warning-option]
warning: unknown warning option '-Wformat-overflow=2'; did you mean '-Wformat-overflow'? [-Wunknown-warning-option]
warning: unknown warning option '-Wformat-truncation=1'; did you mean '-Wformat-truncation'? [-Wunknown-warning-option]
warning: unknown warning option '-Wlogical-op'; did you mean '-Wlong-long'? [-Wunknown-warning-option]
warning: unknown warning option '-Wshift-overflow=2'; did you mean '-Wshift-overflow'? [-Wunknown-warning-option]
warning: unknown warning option '-Wstringop-overflow=4'; did you mean '-Wshift-overflow'? [-Wunknown-warning-option]
8 warnings generated.
warning: unknown warning option '-Walloc-zero'; did you mean '-Walloca'? [-Wunknown-warning-option]
warning: unknown warning option '-Wduplicated-branches' [-Wunknown-warning-option]
warning: unknown warning option '-Wduplicated-cond' [-Wunknown-warning-option]
warning: unknown warning option '-Wformat-overflow=2'; did you mean '-Wformat-overflow'? [-Wunknown-warning-option]
warning: unknown warning option '-Wformat-truncation=1'; did you mean '-Wformat-truncation'? [-Wunknown-warning-option]
warning: unknown warning option '-Wlogical-op'; did you mean '-Wlong-long'? [-Wunknown-warning-option]
warning: unknown warning option '-Wshift-overflow=2'; did you mean '-Wshift-overflow'? [-Wunknown-warning-option]
warning: unknown warning option '-Wstringop-overflow=4'; did you mean '-Wshift-overflow'? [-Wunknown-warning-option]
8 warnings generated.
warning: unknown warning option '-Walloc-zero'; did you mean '-Walloca'? [-Wunknown-warning-option]
warning: unknown warning option '-Wduplicated-branches' [-Wunknown-warning-option]
warning: unknown warning option '-Wduplicated-cond' [-Wunknown-warning-option]
warning: unknown warning option '-Wformat-overflow=2'; did you mean '-Wformat-overflow'? [-Wunknown-warning-option]
warning: unknown warning option '-Wformat-truncation=1'; did you mean '-Wformat-truncation'? [-Wunknown-warning-option]
warning: unknown warning option '-Wlogical-op'; did you mean '-Wlong-long'? [-Wunknown-warning-option]
warning: unknown warning option '-Wshift-overflow=2'; did you mean '-Wshift-overflow'? [-Wunknown-warning-option]
warning: unknown warning option '-Wstringop-overflow=4'; did you mean '-Wshift-overflow'? [-Wunknown-warning-option]
8 warnings generated.
warning: unknown warning option '-Walloc-zero'; did you mean '-Walloca'? [-Wunknown-warning-option]
warning: unknown warning option '-Wduplicated-branches' [-Wunknown-warning-option]
warning: unknown warning option '-Wduplicated-cond' [-Wunknown-warning-option]
warning: unknown warning option '-Wformat-overflow=2'; did you mean '-Wformat-overflow'? [-Wunknown-warning-option]
warning: unknown warning option '-Wformat-truncation=1'; did you mean '-Wformat-truncation'? [-Wunknown-warning-option]
warning: unknown warning option '-Wlogical-op'; did you mean '-Wlong-long'? [-Wunknown-warning-option]
warning: unknown warning option '-Wshift-overflow=2'; did you mean '-Wshift-overflow'? [-Wunknown-warning-option]
warning: unknown warning option '-Wstringop-overflow=4'; did you mean '-Wshift-overflow'? [-Wunknown-warning-option]
8 warnings generated.
warning: unknown warning option '-Walloc-zero'; did you mean '-Walloca'? [-Wunknown-warning-option]
warning: unknown warning option '-Wduplicated-branches' [-Wunknown-warning-option]
warning: unknown warning option '-Wduplicated-cond' [-Wunknown-warning-option]
warning: unknown warning option '-Wformat-overflow=2'; did you mean '-Wformat-overflow'? [-Wunknown-warning-option]
warning: unknown warning option '-Wformat-truncation=1'; did you mean '-Wformat-truncation'? [-Wunknown-warning-option]
warning: unknown warning option '-Wlogical-op'; did you mean '-Wlong-long'? [-Wunknown-warning-option]
warning: unknown warning option '-Wshift-overflow=2'; did you mean '-Wshift-overflow'? [-Wunknown-warning-option]
warning: unknown warning option '-Wstringop-overflow=4'; did you mean '-Wshift-overflow'? [-Wunknown-warning-option]
8 warnings generated.
warning: unknown warning option '-Walloc-zero'; did you mean '-Walloca'? [-Wunknown-warning-option]
warning: unknown warning option '-Wduplicated-branches' [-Wunknown-warning-option]
warning: unknown warning option '-Wduplicated-cond' [-Wunknown-warning-option]
warning: unknown warning option '-Wformat-overflow=2'; did you mean '-Wformat-overflow'? [-Wunknown-warning-option]
warning: unknown warning option '-Wformat-truncation=1'; did you mean '-Wformat-truncation'? [-Wunknown-warning-option]
warning: unknown warning option '-Wlogical-op'; did you mean '-Wlong-long'? [-Wunknown-warning-option]
warning: unknown warning option '-Wshift-overflow=2'; did you mean '-Wshift-overflow'? [-Wunknown-warning-option]
warning: unknown warning option '-Wstringop-overflow=4'; did you mean '-Wshift-overflow'? [-Wunknown-warning-option]
8 warnings generated.
gcc -O3 -flto -std=c17 -Wall -Wextra -pedantic -Walloc-zero -Wcast-align -Wcast-qual -Wduplicated-branches -Wduplicated-cond -Wfloat-equal -Wformat=2 -Wformat-overflow=2 -Wformat-truncation=1 -Winline -Wlogical-op -Wnested-externs -Wno-sign-compare -Wnull-dereference -Wold-style-definition -Wshadow -Wshift-overflow=2 -Wstrict-overflow=2 -Wstrict-prototypes -Wstringop-overflow=4 -Wundef -Wuninitialized -Wunused -Wwrite-strings -c parsemap.c parsemap.h gcc -O3 -flto -std=c17 -Wall -Wextra -pedantic -Walloc-zero -Wcast-align -Wcast-qual -Wduplicated-branches -Wduplicated-cond -Wfloat-equal -Wformat=2 -Wformat-overflow=2 -Wformat-truncation=1 -Winline -Wlogical-op -Wnested-externs -Wno-sign-compare -Wnull-dereference -Wold-style-definition -Wshadow -Wshift-overflow=2 -Wstrict-overflow=2 -Wstrict-prototypes -Wstringop-overflow=4 -Wundef -Wuninitialized -Wunused -Wwrite-strings -o bankends bankends.c parsemap.o gcc -O3 -flto -std=c17 -Wall -Wextra -pedantic -Walloc-zero -Wcast-align -Wcast-qual -Wduplicated-branches -Wduplicated-cond -Wfloat-equal -Wformat=2 -Wformat-overflow=2 -Wformat-truncation=1 -Winline -Wlogical-op -Wnested-externs -Wno-sign-compare -Wnull-dereference -Wold-style-definition -Wshadow -Wshift-overflow=2 -Wstrict-overflow=2 -Wstrict-prototypes -Wstringop-overflow=4 -Wundef -Wuninitialized -Wunused -Wwrite-strings -o bpp2png bpp2png.c lodepng/lodepng.c gcc -O3 -flto -std=c17 -Wall -Wextra -pedantic -Walloc-zero -Wcast-align -Wcast-qual -Wduplicated-branches -Wduplicated-cond -Wfloat-equal -Wformat=2 -Wformat-overflow=2 -Wformat-truncation=1 -Winline -Wlogical-op -Wnested-externs -Wno-sign-compare -Wnull-dereference -Wold-style-definition -Wshadow -Wshift-overflow=2 -Wstrict-overflow=2 -Wstrict-prototypes -Wstringop-overflow=4 -Wundef -Wuninitialized -Wunused -Wwrite-strings -o bspcomp bsp/bspcomp.c gcc -O3 -flto -std=c17 -Wall -Wextra -pedantic -Walloc-zero -Wcast-align -Wcast-qual -Wduplicated-branches -Wduplicated-cond -Wfloat-equal -Wformat=2 -Wformat-overflow=2 -Wformat-truncation=1 -Winline -Wlogical-op -Wnested-externs -Wno-sign-compare -Wnull-dereference -Wold-style-definition -Wshadow -Wshift-overflow=2 -Wstrict-overflow=2 -Wstrict-prototypes -Wstringop-overflow=4 -Wundef -Wuninitialized -Wunused -Wwrite-strings -o fine_print fine_print.c gcc -O3 -flto -std=c17 -Wall -Wextra -pedantic -Walloc-zero -Wcast-align -Wcast-qual -Wduplicated-branches -Wduplicated-cond -Wfloat-equal -Wformat=2 -Wformat-overflow=2 -Wformat-truncation=1 -Winline -Wlogical-op -Wnested-externs -Wno-sign-compare -Wnull-dereference -Wold-style-definition -Wshadow -Wshift-overflow=2 -Wstrict-overflow=2 -Wstrict-prototypes -Wstringop-overflow=4 -Wundef -Wuninitialized -Wunused -Wwrite-strings -o gfx gfx.c gcc -O3 -flto -std=c17 -Wall -Wextra -pedantic -Walloc-zero -Wcast-align -Wcast-qual -Wduplicated-branches -Wduplicated-cond -Wfloat-equal -Wformat=2 -Wformat-overflow=2 -Wformat-truncation=1 -Winline -Wlogical-op -Wnested-externs -Wno-sign-compare -Wnull-dereference -Wold-style-definition -Wshadow -Wshift-overflow=2 -Wstrict-overflow=2 -Wstrict-prototypes -Wstringop-overflow=4 -Wundef -Wuninitialized -Wunused -Wwrite-strings -Wno-strict-overflow -Wno-sign-compare -o lzpcompress lzpcompress.c gcc -O3 -flto -std=c17 -Wall -Wextra -pedantic -Walloc-zero -Wcast-align -Wcast-qual -Wduplicated-branches -Wduplicated-cond -Wfloat-equal -Wformat=2 -Wformat-overflow=2 -Wformat-truncation=1 -Winline -Wlogical-op -Wnested-externs -Wno-sign-compare -Wnull-dereference -Wold-style-definition -Wshadow -Wshift-overflow=2 -Wstrict-overflow=2 -Wstrict-prototypes -Wstringop-overflow=4 -Wundef -Wuninitialized -Wunused -Wwrite-strings -o make_patch make_patch.c gcc -O3 -flto -std=c17 -Wall -Wextra -pedantic -Walloc-zero -Wcast-align -Wcast-qual -Wduplicated-branches -Wduplicated-cond -Wfloat-equal -Wformat=2 -Wformat-overflow=2 -Wformat-truncation=1 -Winline -Wlogical-op -Wnested-externs -Wno-sign-compare -Wnull-dereference -Wold-style-definition -Wshadow -Wshift-overflow=2 -Wstrict-overflow=2 -Wstrict-prototypes -Wstringop-overflow=4 -Wundef -Wuninitialized -Wunused -Wwrite-strings -o png_dimensions png_dimensions.c gcc -O3 -flto -std=c17 -Wall -Wextra -pedantic -Walloc-zero -Wcast-align -Wcast-qual -Wduplicated-branches -Wduplicated-cond -Wfloat-equal -Wformat=2 -Wformat-overflow=2 -Wformat-truncation=1 -Winline -Wlogical-op -Wnested-externs -Wno-sign-compare -Wnull-dereference -Wold-style-definition -Wshadow -Wshift-overflow=2 -Wstrict-overflow=2 -Wstrict-prototypes -Wstringop-overflow=4 -Wundef -Wuninitialized -Wunused -Wwrite-strings -o pokemon_animation pokemon_animation.c gcc -O3 -flto -std=c17 -Wall -Wextra -pedantic -Walloc-zero -Wcast-align -Wcast-qual -Wduplicated-branches -Wduplicated-cond -Wfloat-equal -Wformat=2 -Wformat-overflow=2 -Wformat-truncation=1 -Winline -Wlogical-op -Wnested-externs -Wno-sign-compare -Wnull-dereference -Wold-style-definition -Wshadow -Wshift-overflow=2 -Wstrict-overflow=2 -Wstrict-prototypes -Wstringop-overflow=4 -Wundef -Wuninitialized -Wunused -Wwrite-strings -o pokemon_animation_graphics pokemon_animation_graphics.c gcc -O3 -flto -std=c17 -Wall -Wextra -pedantic -Walloc-zero -Wcast-align -Wcast-qual -Wduplicated-branches -Wduplicated-cond -Wfloat-equal -Wformat=2 -Wformat-overflow=2 -Wformat-truncation=1 -Winline -Wlogical-op -Wnested-externs -Wno-sign-compare -Wnull-dereference -Wold-style-definition -Wshadow -Wshift-overflow=2 -Wstrict-overflow=2 -Wstrict-prototypes -Wstringop-overflow=4 -Wundef -Wuninitialized -Wunused -Wwrite-strings -o scan_includes scan_includes.c gcc -O3 -flto -std=c17 -Wall -Wextra -pedantic -Walloc-zero -Wcast-align -Wcast-qual -Wduplicated-branches -Wduplicated-cond -Wfloat-equal -Wformat=2 -Wformat-overflow=2 -Wformat-truncation=1 -Winline -Wlogical-op -Wnested-externs -Wno-sign-compare -Wnull-dereference -Wold-style-definition -Wshadow -Wshift-overflow=2 -Wstrict-overflow=2 -Wstrict-prototypes -Wstringop-overflow=4 -Wundef -Wuninitialized -Wunused -Wwrite-strings -o vwf vwf.c
rgbgfx -c dmg -Weverything -o gfx/new_game/intro_gradient.2bpp gfx/new_game/intro_gradient.png
rgbgfx -c dmg -Weverything -o gfx/pack/pack_top.2bpp gfx/pack/pack_top.png
rgbgfx -c dmg -Weverything -o gfx/pack/pack_left.2bpp gfx/pack/pack_left.png
rgbgfx -c dmg -Weverything -o gfx/naming_screen/naming_border.2bpp gfx/naming_screen/naming_border.png
rgbgfx -c dmg -Weverything -o gfx/naming_screen/naming_cursor.2bpp gfx/naming_screen/naming_cursor.png
rgbgfx -c dmg -Weverything -o gfx/naming_screen/lines.2bpp gfx/naming_screen/lines.png
tools/gfx --trim-whitespace -o gfx/pack/pack_left.2bpp gfx/pack/pack_left.2bpp
rgbgfx -c dmg -Weverything -o gfx/naming_screen/mail.2bpp gfx/naming_screen/mail.png
rgbgfx -c dmg -Weverything -o gfx/trainer_card/border.2bpp gfx/trainer_card/border.png
rgbgfx -c dmg -Weverything -o gfx/trainer_card/divider.2bpp gfx/trainer_card/divider.png
rgbgfx -c dmg -Weverything -o gfx/trainer_card/status.2bpp gfx/trainer_card/status.png
rgbgfx -c dmg -Weverything -o gfx/trainer_card/badges.2bpp gfx/trainer_card/badges.png
rgbgfx -c dmg -Weverything -o gfx/trainer_card/johto_leaders.2bpp gfx/trainer_card/johto_leaders.png
rgbgfx -c dmg -Weverything -o gfx/trainer_card/kanto_leaders.2bpp gfx/trainer_card/kanto_leaders.png
rgbgfx -c dmg -Weverything -o gfx/trainer_card/johto_badges.2bpp gfx/trainer_card/johto_badges.png
rgbgfx -c dmg -Weverything -o gfx/trainer_card/kanto_badges.2bpp gfx/trainer_card/kanto_badges.png
tools/lzpcompress -- gfx/trade/border.tilemap gfx/trade/border.tilemap.lzp
rgbgfx -c dmg -Weverything -o gfx/battle/balls.2bpp gfx/battle/balls.png
rgbgfx -c dmg -Weverything -d1 -o gfx/footprints/circle_small.1bpp gfx/footprints/circle_small.png
rgbgfx -c dmg -Weverything -d1 -o gfx/footprints/circle_large.1bpp gfx/footprints/circle_large.png
rgbgfx -c dmg -Weverything -d1 -o gfx/footprints/umbreon_leafeon_glaceon.1bpp gfx/footprints/umbreon_leafeon_glaceon.png
rgbgfx -c dmg -Weverything -d1 -o gfx/footprints/pidgey_spearow.1bpp gfx/footprints/pidgey_spearow.png
rgbgfx -c dmg -Weverything -d1 -o gfx/footprints/corsola_cursola.1bpp gfx/footprints/corsola_cursola.png
rgbgfx -c dmg -Weverything -d1 -o gfx/footprints/blank.1bpp gfx/footprints/blank.png
rgbgfx -c dmg -Weverything -d1 -o gfx/footprints/bulbasaur.1bpp gfx/footprints/bulbasaur.png
rgbgfx -c dmg -Weverything -d1 -o gfx/footprints/ivysaur.1bpp gfx/footprints/ivysaur.png
rgbgfx -c dmg -Weverything -d1 -o gfx/footprints/venusaur.1bpp gfx/footprints/venusaur.png
rgbgfx -c dmg -Weverything -d1 -o gfx/footprints/charmander.1bpp gfx/footprints/charmander.png
rgbgfx -c dmg -Weverything -d1 -o gfx/footprints/charmeleon.1bpp gfx/footprints/charmeleon.png
rgbgfx -c dmg -Weverything -d1 -o gfx/footprints/charizard.1bpp gfx/footprints/charizard.png
rgbgfx -c dmg -Weverything -d1 -o gfx/footprints/squirtle.1bpp gfx/footprints/squirtle.png
rgbgfx -c dmg -Weverything -d1 -o gfx/footprints/wartortle.1bpp gfx/footprints/wartortle.png
rgbgfx -c dmg -Weverything -d1 -o gfx/footprints/blastoise.1bpp gfx/footprints/blastoise.png
rgbgfx -c dmg -Weverything -d1 -o gfx/footprints/butterfree.1bpp gfx/footprints/butterfree.png
rgbgfx -c dmg -Weverything -d1 -o gfx/footprints/beedrill.1bpp gfx/footprints/beedrill.png
rgbgfx -c dmg -Weverything -d1 -o gfx/footprints/pidgeotto.1bpp gfx/footprints/pidgeotto.png
rgbgfx -c dmg -Weverything -d1 -o gfx/footprints/pidgeot.1bpp gfx/footprints/pidgeot.png
rgbgfx -c dmg -Weverything -d1 -o gfx/footprints/rattata.1bpp gfx/footprints/rattata.png
rgbgfx -c dmg -Weverything -d1 -o gfx/footprints/raticate.1bpp gfx/footprints/raticate.png
rgbgfx -c dmg -Weverything -d1 -o gfx/footprints/fearow.1bpp gfx/footprints/fearow.png
rgbgfx -c dmg -Weverything -d1 -o gfx/footprints/pikachu.1bpp gfx/footprints/pikachu.png
rgbgfx -c dmg -Weverything -d1 -o gfx/footprints/raichu.1bpp gfx/footprints/raichu.png
rgbgfx -c dmg -Weverything -d1 -o gfx/footprints/sandshrew.1bpp gfx/footprints/sandshrew.png
rgbgfx -c dmg -Weverything -d1 -o gfx/footprints/sandslash.1bpp gfx/footprints/sandslash.png
rgbgfx -c dmg -Weverything -d1 -o gfx/footprints/nidoran_f.1bpp gfx/footprints/nidoran_f.png
rgbgfx -c dmg -Weverything -d1 -o gfx/footprints/nidorina.1bpp gfx/footprints/nidorina.png
rgbgfx -c dmg -Weverything -d1 -o gfx/footprints/nidoqueen.1bpp gfx/footprints/nidoqueen.png
rgbgfx -c dmg -Weverything -d1 -o gfx/footprints/nidoran_m.1bpp gfx/footprints/nidoran_m.png
rgbgfx -c dmg -Weverything -d1 -o gfx/footprints/nidorino.1bpp gfx/footprints/nidorino.png
rgbgfx -c dmg -Weverything -d1 -o gfx/footprints/nidoking.1bpp gfx/footprints/nidoking.png
rgbgfx -c dmg -Weverything -d1 -o gfx/footprints/clefairy.1bpp gfx/footprints/clefairy.png
rgbgfx -c dmg -Weverything -d1 -o gfx/footprints/clefable.1bpp gfx/footprints/clefable.png
rgbgfx -c dmg -Weverything -d1 -o gfx/footprints/vulpix.1bpp gfx/footprints/vulpix.png
rgbgfx -c dmg -Weverything -d1 -o gfx/footprints/ninetales.1bpp gfx/footprints/ninetales.png
rgbgfx -c dmg -Weverything -d1 -o gfx/footprints/jigglypuff.1bpp gfx/footprints/jigglypuff.png
rgbgfx -c dmg -Weverything -d1 -o gfx/footprints/wigglytuff.1bpp gfx/footprints/wigglytuff.png
rgbgfx -c dmg -Weverything -d1 -o gfx/footprints/golbat.1bpp gfx/footprints/golbat.png
rgbgfx -c dmg -Weverything -d1 -o gfx/footprints/oddish.1bpp gfx/footprints/oddish.png
rgbgfx -c dmg -Weverything -d1 -o gfx/footprints/gloom.1bpp gfx/footprints/gloom.png
rgbgfx -c dmg -Weverything -d1 -o gfx/footprints/vileplume.1bpp gfx/footprints/vileplume.png
rgbgfx -c dmg -Weverything -d1 -o gfx/footprints/paras.1bpp gfx/footprints/paras.png
rgbgfx -c dmg -Weverything -d1 -o gfx/footprints/parasect.1bpp gfx/footprints/parasect.png
rgbgfx -c dmg -Weverything -d1 -o gfx/footprints/venonat.1bpp gfx/footprints/venonat.png
rgbgfx -c dmg -Weverything -d1 -o gfx/footprints/meowth.1bpp gfx/footprints/meowth.png
rgbgfx -c dmg -Weverything -d1 -o gfx/footprints/persian.1bpp gfx/footprints/persian.png
rgbgfx -c dmg -Weverything -d1 -o gfx/footprints/psyduck.1bpp gfx/footprints/psyduck.png
rgbgfx -c dmg -Weverything -d1 -o gfx/footprints/golduck.1bpp gfx/footprints/golduck.png
rgbgfx -c dmg -Weverything -d1 -o gfx/footprints/mankey.1bpp gfx/footprints/mankey.png
rgbgfx -c dmg -Weverything -d1 -o gfx/footprints/primeape.1bpp gfx/footprints/primeape.png
rgbgfx -c dmg -Weverything -d1 -o gfx/footprints/growlithe.1bpp gfx/footprints/growlithe.png
rgbgfx -c dmg -Weverything -d1 -o gfx/footprints/arcanine.1bpp gfx/footprints/arcanine.png
rgbgfx -c dmg -Weverything -d1 -o gfx/footprints/poliwag.1bpp gfx/footprints/poliwag.png
rgbgfx -c dmg -Weverything -d1 -o gfx/footprints/poliwhirl.1bpp gfx/footprints/poliwhirl.png
rgbgfx -c dmg -Weverything -d1 -o gfx/footprints/poliwrath.1bpp gfx/footprints/poliwrath.png
rgbgfx -c dmg -Weverything -d1 -o gfx/footprints/abra.1bpp gfx/footprints/abra.png
rgbgfx -c dmg -Weverything -d1 -o gfx/footprints/kadabra.1bpp gfx/footprints/kadabra.png
rgbgfx -c dmg -Weverything -d1 -o gfx/footprints/alakazam.1bpp gfx/footprints/alakazam.png
rgbgfx -c dmg -Weverything -d1 -o gfx/footprints/machop.1bpp gfx/footprints/machop.png
rgbgfx -c dmg -Weverything -d1 -o gfx/footprints/machoke.1bpp gfx/footprints/machoke.png
rgbgfx -c dmg -Weverything -d1 -o gfx/footprints/machamp.1bpp gfx/footprints/machamp.png
rgbgfx -c dmg -Weverything -d1 -o gfx/footprints/bellsprout.1bpp gfx/footprints/bellsprout.png
rgbgfx -c dmg -Weverything -d1 -o gfx/footprints/graveler.1bpp gfx/footprints/graveler.png
rgbgfx -c dmg -Weverything -d1 -o gfx/footprints/golem.1bpp gfx/footprints/golem.png
rgbgfx -c dmg -Weverything -d1 -o gfx/footprints/ponyta.1bpp gfx/footprints/ponyta.png
rgbgfx -c dmg -Weverything -d1 -o gfx/footprints/rapidash.1bpp gfx/footprints/rapidash.png
rgbgfx -c dmg -Weverything -d1 -o gfx/footprints/slowpoke.1bpp gfx/footprints/slowpoke.png
rgbgfx -c dmg -Weverything -d1 -o gfx/footprints/slowbro.1bpp gfx/footprints/slowbro.png
rgbgfx -c dmg -Weverything -d1 -o gfx/footprints/magnemite.1bpp gfx/footprints/magnemite.png
rgbgfx -c dmg -Weverything -d1 -o gfx/footprints/magneton.1bpp gfx/footprints/magneton.png
rgbgfx -c dmg -Weverything -d1 -o gfx/footprints/farfetch_d.1bpp gfx/footprints/farfetch_d.png
rgbgfx -c dmg -Weverything -d1 -o gfx/footprints/doduo.1bpp gfx/footprints/doduo.png
rgbgfx -c dmg -Weverything -d1 -o gfx/footprints/dodrio.1bpp gfx/footprints/dodrio.png
rgbgfx -c dmg -Weverything -d1 -o gfx/footprints/gengar.1bpp gfx/footprints/gengar.png
rgbgfx -c dmg -Weverything -d1 -o gfx/footprints/drowzee.1bpp gfx/footprints/drowzee.png
rgbgfx -c dmg -Weverything -d1 -o gfx/footprints/hypno.1bpp gfx/footprints/hypno.png
rgbgfx -c dmg -Weverything -d1 -o gfx/footprints/krabby.1bpp gfx/footprints/krabby.png
rgbgfx -c dmg -Weverything -d1 -o gfx/footprints/kingler.1bpp gfx/footprints/kingler.png
rgbgfx -c dmg -Weverything -d1 -o gfx/footprints/exeggutor.1bpp gfx/footprints/exeggutor.png
rgbgfx -c dmg -Weverything -d1 -o gfx/footprints/cubone.1bpp gfx/footprints/cubone.png
rgbgfx -c dmg -Weverything -d1 -o gfx/footprints/marowak.1bpp gfx/footprints/marowak.png
rgbgfx -c dmg -Weverything -d1 -o gfx/footprints/hitmonlee.1bpp gfx/footprints/hitmonlee.png
rgbgfx -c dmg -Weverything -d1 -o gfx/footprints/hitmonchan.1bpp gfx/footprints/hitmonchan.png
rgbgfx -c dmg -Weverything -d1 -o gfx/footprints/lickitung.1bpp gfx/footprints/lickitung.png
rgbgfx -c dmg -Weverything -d1 -o gfx/footprints/rhyhorn.1bpp gfx/footprints/rhyhorn.png
rgbgfx -c dmg -Weverything -d1 -o gfx/footprints/rhydon.1bpp gfx/footprints/rhydon.png
rgbgfx -c dmg -Weverything -d1 -o gfx/footprints/chansey.1bpp gfx/footprints/chansey.png
rgbgfx -c dmg -Weverything -d1 -o gfx/footprints/tangela.1bpp gfx/footprints/tangela.png
rgbgfx -c dmg -Weverything -d1 -o gfx/footprints/kangaskhan.1bpp gfx/footprints/kangaskhan.png
rgbgfx -c dmg -Weverything -d1 -o gfx/footprints/mr__mime.1bpp gfx/footprints/mr__mime.png
rgbgfx -c dmg -Weverything -d1 -o gfx/footprints/scyther.1bpp gfx/footprints/scyther.png
rgbgfx -c dmg -Weverything -d1 -o gfx/footprints/electabuzz.1bpp gfx/footprints/electabuzz.png
rgbgfx -c dmg -Weverything -d1 -o gfx/footprints/magmar.1bpp gfx/footprints/magmar.png
rgbgfx -c dmg -Weverything -d1 -o gfx/footprints/pinsir.1bpp gfx/footprints/pinsir.png
rgbgfx -c dmg -Weverything -d1 -o gfx/footprints/tauros.1bpp gfx/footprints/tauros.png
rgbgfx -c dmg -Weverything -d1 -o gfx/footprints/eevee.1bpp gfx/footprints/eevee.png
rgbgfx -c dmg -Weverything -d1 -o gfx/footprints/vaporeon.1bpp gfx/footprints/vaporeon.png
rgbgfx -c dmg -Weverything -d1 -o gfx/footprints/jolteon.1bpp gfx/footprints/jolteon.png
rgbgfx -c dmg -Weverything -d1 -o gfx/footprints/flareon.1bpp gfx/footprints/flareon.png
rgbgfx -c dmg -Weverything -d1 -o gfx/footprints/porygon.1bpp gfx/footprints/porygon.png
rgbgfx -c dmg -Weverything -d1 -o gfx/footprints/omanyte.1bpp gfx/footprints/omanyte.png
rgbgfx -c dmg -Weverything -d1 -o gfx/footprints/omastar.1bpp gfx/footprints/omastar.png
rgbgfx -c dmg -Weverything -d1 -o gfx/footprints/kabutops.1bpp gfx/footprints/kabutops.png
rgbgfx -c dmg -Weverything -d1 -o gfx/footprints/aerodactyl.1bpp gfx/footprints/aerodactyl.png
rgbgfx -c dmg -Weverything -d1 -o gfx/footprints/snorlax.1bpp gfx/footprints/snorlax.png
rgbgfx -c dmg -Weverything -d1 -o gfx/footprints/articuno.1bpp gfx/footprints/articuno.png
rgbgfx -c dmg -Weverything -d1 -o gfx/footprints/zapdos.1bpp gfx/footprints/zapdos.png
rgbgfx -c dmg -Weverything -d1 -o gfx/footprints/moltres.1bpp gfx/footprints/moltres.png
rgbgfx -c dmg -Weverything -d1 -o gfx/footprints/dragonite.1bpp gfx/footprints/dragonite.png
rgbgfx -c dmg -Weverything -d1 -o gfx/footprints/mewtwo.1bpp gfx/footprints/mewtwo.png
rgbgfx -c dmg -Weverything -d1 -o gfx/footprints/mew.1bpp gfx/footprints/mew.png
rgbgfx -c dmg -Weverything -d1 -o gfx/footprints/chikorita.1bpp gfx/footprints/chikorita.png
rgbgfx -c dmg -Weverything -d1 -o gfx/footprints/bayleef.1bpp gfx/footprints/bayleef.png
rgbgfx -c dmg -Weverything -d1 -o gfx/footprints/meganium.1bpp gfx/footprints/meganium.png
rgbgfx -c dmg -Weverything -d1 -o gfx/footprints/cyndaquil.1bpp gfx/footprints/cyndaquil.png
rgbgfx -c dmg -Weverything -d1 -o gfx/footprints/quilava.1bpp gfx/footprints/quilava.png
rgbgfx -c dmg -Weverything -d1 -o gfx/footprints/typhlosion.1bpp gfx/footprints/typhlosion.png
rgbgfx -c dmg -Weverything -d1 -o gfx/footprints/totodile.1bpp gfx/footprints/totodile.png
rgbgfx -c dmg -Weverything -d1 -o gfx/footprints/croconaw.1bpp gfx/footprints/croconaw.png
rgbgfx -c dmg -Weverything -d1 -o gfx/footprints/feraligatr.1bpp gfx/footprints/feraligatr.png
rgbgfx -c dmg -Weverything -d1 -o gfx/footprints/sentret.1bpp gfx/footprints/sentret.png
rgbgfx -c dmg -Weverything -d1 -o gfx/footprints/furret.1bpp gfx/footprints/furret.png
rgbgfx -c dmg -Weverything -d1 -o gfx/footprints/hoothoot.1bpp gfx/footprints/hoothoot.png
rgbgfx -c dmg -Weverything -d1 -o gfx/footprints/noctowl.1bpp gfx/footprints/noctowl.png
rgbgfx -c dmg -Weverything -d1 -o gfx/footprints/ledyba.1bpp gfx/footprints/ledyba.png
rgbgfx -c dmg -Weverything -d1 -o gfx/footprints/ledian.1bpp gfx/footprints/ledian.png
rgbgfx -c dmg -Weverything -d1 -o gfx/footprints/ariados.1bpp gfx/footprints/ariados.png
rgbgfx -c dmg -Weverything -d1 -o gfx/footprints/pichu.1bpp gfx/footprints/pichu.png
rgbgfx -c dmg -Weverything -d1 -o gfx/footprints/cleffa.1bpp gfx/footprints/cleffa.png
rgbgfx -c dmg -Weverything -d1 -o gfx/footprints/igglybuff.1bpp gfx/footprints/igglybuff.png
rgbgfx -c dmg -Weverything -d1 -o gfx/footprints/togepi.1bpp gfx/footprints/togepi.png
rgbgfx -c dmg -Weverything -d1 -o gfx/footprints/togetic.1bpp gfx/footprints/togetic.png
rgbgfx -c dmg -Weverything -d1 -o gfx/footprints/natu.1bpp gfx/footprints/natu.png
rgbgfx -c dmg -Weverything -d1 -o gfx/footprints/xatu.1bpp gfx/footprints/xatu.png
rgbgfx -c dmg -Weverything -d1 -o gfx/footprints/mareep.1bpp gfx/footprints/mareep.png
rgbgfx -c dmg -Weverything -d1 -o gfx/footprints/flaaffy.1bpp gfx/footprints/flaaffy.png
rgbgfx -c dmg -Weverything -d1 -o gfx/footprints/ampharos.1bpp gfx/footprints/ampharos.png
rgbgfx -c dmg -Weverything -d1 -o gfx/footprints/marill.1bpp gfx/footprints/marill.png
rgbgfx -c dmg -Weverything -d1 -o gfx/footprints/azumarill.1bpp gfx/footprints/azumarill.png
rgbgfx -c dmg -Weverything -d1 -o gfx/footprints/sudowoodo.1bpp gfx/footprints/sudowoodo.png
rgbgfx -c dmg -Weverything -d1 -o gfx/footprints/politoed.1bpp gfx/footprints/politoed.png
rgbgfx -c dmg -Weverything -d1 -o gfx/footprints/hoppip.1bpp gfx/footprints/hoppip.png
rgbgfx -c dmg -Weverything -d1 -o gfx/footprints/skiploom.1bpp gfx/footprints/skiploom.png
rgbgfx -c dmg -Weverything -d1 -o gfx/footprints/jumpluff.1bpp gfx/footprints/jumpluff.png
rgbgfx -c dmg -Weverything -d1 -o gfx/footprints/aipom.1bpp gfx/footprints/aipom.png
rgbgfx -c dmg -Weverything -d1 -o gfx/footprints/sunflora.1bpp gfx/footprints/sunflora.png
rgbgfx -c dmg -Weverything -d1 -o gfx/footprints/yanma.1bpp gfx/footprints/yanma.png
rgbgfx -c dmg -Weverything -d1 -o gfx/footprints/wooper.1bpp gfx/footprints/wooper.png
rgbgfx -c dmg -Weverything -d1 -o gfx/footprints/quagsire.1bpp gfx/footprints/quagsire.png
rgbgfx -c dmg -Weverything -d1 -o gfx/footprints/espeon.1bpp gfx/footprints/espeon.png
rgbgfx -c dmg -Weverything -d1 -o gfx/footprints/murkrow.1bpp gfx/footprints/murkrow.png
rgbgfx -c dmg -Weverything -d1 -o gfx/footprints/slowking.1bpp gfx/footprints/slowking.png
rgbgfx -c dmg -Weverything -d1 -o gfx/footprints/wobbuffet.1bpp gfx/footprints/wobbuffet.png
rgbgfx -c dmg -Weverything -d1 -o gfx/footprints/girafarig.1bpp gfx/footprints/girafarig.png
rgbgfx -c dmg -Weverything -d1 -o gfx/footprints/gligar.1bpp gfx/footprints/gligar.png
rgbgfx -c dmg -Weverything -d1 -o gfx/footprints/snubbull.1bpp gfx/footprints/snubbull.png
rgbgfx -c dmg -Weverything -d1 -o gfx/footprints/granbull.1bpp gfx/footprints/granbull.png
rgbgfx -c dmg -Weverything -d1 -o gfx/footprints/scizor.1bpp gfx/footprints/scizor.png
rgbgfx -c dmg -Weverything -d1 -o gfx/footprints/shuckle.1bpp gfx/footprints/shuckle.png
rgbgfx -c dmg -Weverything -d1 -o gfx/footprints/heracross.1bpp gfx/footprints/heracross.png
rgbgfx -c dmg -Weverything -d1 -o gfx/footprints/sneasel.1bpp gfx/footprints/sneasel.png
rgbgfx -c dmg -Weverything -d1 -o gfx/footprints/teddiursa.1bpp gfx/footprints/teddiursa.png
rgbgfx -c dmg -Weverything -d1 -o gfx/footprints/ursaring.1bpp gfx/footprints/ursaring.png
rgbgfx -c dmg -Weverything -d1 -o gfx/footprints/swinub.1bpp gfx/footprints/swinub.png
rgbgfx -c dmg -Weverything -d1 -o gfx/footprints/piloswine.1bpp gfx/footprints/piloswine.png
rgbgfx -c dmg -Weverything -d1 -o gfx/footprints/octillery.1bpp gfx/footprints/octillery.png
rgbgfx -c dmg -Weverything -d1 -o gfx/footprints/delibird.1bpp gfx/footprints/delibird.png
rgbgfx -c dmg -Weverything -d1 -o gfx/footprints/skarmory.1bpp gfx/footprints/skarmory.png
rgbgfx -c dmg -Weverything -d1 -o gfx/footprints/houndour.1bpp gfx/footprints/houndour.png
rgbgfx -c dmg -Weverything -d1 -o gfx/footprints/houndoom.1bpp gfx/footprints/houndoom.png
rgbgfx -c dmg -Weverything -d1 -o gfx/footprints/phanpy.1bpp gfx/footprints/phanpy.png
rgbgfx -c dmg -Weverything -d1 -o gfx/footprints/donphan.1bpp gfx/footprints/donphan.png
rgbgfx -c dmg -Weverything -d1 -o gfx/footprints/porygon2.1bpp gfx/footprints/porygon2.png
rgbgfx -c dmg -Weverything -d1 -o gfx/footprints/stantler.1bpp gfx/footprints/stantler.png
rgbgfx -c dmg -Weverything -d1 -o gfx/footprints/smeargle.1bpp gfx/footprints/smeargle.png
rgbgfx -c dmg -Weverything -d1 -o gfx/footprints/tyrogue.1bpp gfx/footprints/tyrogue.png
rgbgfx -c dmg -Weverything -d1 -o gfx/footprints/hitmontop.1bpp gfx/footprints/hitmontop.png
rgbgfx -c dmg -Weverything -d1 -o gfx/footprints/smoochum.1bpp gfx/footprints/smoochum.png
rgbgfx -c dmg -Weverything -d1 -o gfx/footprints/elekid.1bpp gfx/footprints/elekid.png
rgbgfx -c dmg -Weverything -d1 -o gfx/footprints/magby.1bpp gfx/footprints/magby.png
rgbgfx -c dmg -Weverything -d1 -o gfx/footprints/miltank.1bpp gfx/footprints/miltank.png
rgbgfx -c dmg -Weverything -d1 -o gfx/footprints/blissey.1bpp gfx/footprints/blissey.png
rgbgfx -c dmg -Weverything -d1 -o gfx/footprints/raikou.1bpp gfx/footprints/raikou.png
rgbgfx -c dmg -Weverything -d1 -o gfx/footprints/entei.1bpp gfx/footprints/entei.png
rgbgfx -c dmg -Weverything -d1 -o gfx/footprints/suicune.1bpp gfx/footprints/suicune.png
rgbgfx -c dmg -Weverything -d1 -o gfx/footprints/larvitar.1bpp gfx/footprints/larvitar.png
rgbgfx -c dmg -Weverything -d1 -o gfx/footprints/tyranitar.1bpp gfx/footprints/tyranitar.png
rgbgfx -c dmg -Weverything -d1 -o gfx/footprints/lugia.1bpp gfx/footprints/lugia.png
rgbgfx -c dmg -Weverything -d1 -o gfx/footprints/ho_oh.1bpp gfx/footprints/ho_oh.png
rgbgfx -c dmg -Weverything -d1 -o gfx/footprints/celebi.1bpp gfx/footprints/celebi.png
rgbgfx -c dmg -Weverything -d1 -o gfx/footprints/azurill.1bpp gfx/footprints/azurill.png
rgbgfx -c dmg -Weverything -d1 -o gfx/footprints/wynaut.1bpp gfx/footprints/wynaut.png
rgbgfx -c dmg -Weverything -d1 -o gfx/footprints/ambipom.1bpp gfx/footprints/ambipom.png
rgbgfx -c dmg -Weverything -d1 -o gfx/footprints/egg.1bpp gfx/footprints/egg.png
rgbgfx -c dmg -Weverything -d1 -o gfx/footprints/honchkrow.1bpp gfx/footprints/honchkrow.png
rgbgfx -c dmg -Weverything -d1 -o gfx/footprints/bonsly.1bpp gfx/footprints/bonsly.png
rgbgfx -c dmg -Weverything -d1 -o gfx/footprints/mime_jr_.1bpp gfx/footprints/mime_jr_.png
rgbgfx -c dmg -Weverything -d1 -o gfx/footprints/happiny.1bpp gfx/footprints/happiny.png
rgbgfx -c dmg -Weverything -d1 -o gfx/footprints/munchlax.1bpp gfx/footprints/munchlax.png
rgbgfx -c dmg -Weverything -d1 -o gfx/footprints/weavile.1bpp gfx/footprints/weavile.png
rgbgfx -c dmg -Weverything -d1 -o gfx/footprints/lickilicky.1bpp gfx/footprints/lickilicky.png
rgbgfx -c dmg -Weverything -d1 -o gfx/footprints/rhyperior.1bpp gfx/footprints/rhyperior.png
rgbgfx -c dmg -Weverything -d1 -o gfx/footprints/tangrowth.1bpp gfx/footprints/tangrowth.png
rgbgfx -c dmg -Weverything -d1 -o gfx/footprints/electivire.1bpp gfx/footprints/electivire.png
rgbgfx -c dmg -Weverything -d1 -o gfx/footprints/magmortar.1bpp gfx/footprints/magmortar.png
rgbgfx -c dmg -Weverything -d1 -o gfx/footprints/togekiss.1bpp gfx/footprints/togekiss.png
rgbgfx -c dmg -Weverything -d1 -o gfx/footprints/yanmega.1bpp gfx/footprints/yanmega.png
rgbgfx -c dmg -Weverything -d1 -o gfx/footprints/gliscor.1bpp gfx/footprints/gliscor.png
rgbgfx -c dmg -Weverything -d1 -o gfx/footprints/mamoswine.1bpp gfx/footprints/mamoswine.png
rgbgfx -c dmg -Weverything -d1 -o gfx/footprints/sylveon.1bpp gfx/footprints/sylveon.png
rgbgfx -c dmg -Weverything -d1 -o gfx/footprints/perrserker.1bpp gfx/footprints/perrserker.png
rgbgfx -c dmg -Weverything -d1 -o gfx/footprints/sirfetch_d.1bpp gfx/footprints/sirfetch_d.png
rgbgfx -c dmg -Weverything -d1 -o gfx/footprints/mr__rime.1bpp gfx/footprints/mr__rime.png
rgbgfx -c dmg -Weverything -d1 -o gfx/footprints/wyrdeer.1bpp gfx/footprints/wyrdeer.png
rgbgfx -c dmg -Weverything -d1 -o gfx/footprints/kleavor.1bpp gfx/footprints/kleavor.png
rgbgfx -c dmg -Weverything -d1 -o gfx/footprints/ursaluna.1bpp gfx/footprints/ursaluna.png
rgbgfx -c dmg -Weverything -d1 -o gfx/footprints/sneasler.1bpp gfx/footprints/sneasler.png
rgbgfx -c dmg -Weverything -d1 -o gfx/footprints/farigiraf.1bpp gfx/footprints/farigiraf.png
rgbgfx -c dmg -Weverything -d1 -o gfx/footprints/clodsire.1bpp gfx/footprints/clodsire.png
rgbgfx -c dmg -Weverything -d1 -o gfx/footprints/annihilape.1bpp gfx/footprints/annihilape.png
rgbgfx -c dmg -Weverything -d1 -o gfx/shapes/head.1bpp gfx/shapes/head.png
rgbgfx -c dmg -Weverything -d1 -o gfx/shapes/serpentine.1bpp gfx/shapes/serpentine.png
rgbgfx -c dmg -Weverything -d1 -o gfx/shapes/fins.1bpp gfx/shapes/fins.png
rgbgfx -c dmg -Weverything -d1 -o gfx/shapes/head_arms.1bpp gfx/shapes/head_arms.png
rgbgfx -c dmg -Weverything -d1 -o gfx/shapes/head_base.1bpp gfx/shapes/head_base.png
rgbgfx -c dmg -Weverything -d1 -o gfx/shapes/bipedal_tail.1bpp gfx/shapes/bipedal_tail.png
rgbgfx -c dmg -Weverything -d1 -o gfx/shapes/head_legs.1bpp gfx/shapes/head_legs.png
rgbgfx -c dmg -Weverything -d1 -o gfx/shapes/quadruped.1bpp gfx/shapes/quadruped.png
rgbgfx -c dmg -Weverything -d1 -o gfx/shapes/wings.1bpp gfx/shapes/wings.png
rgbgfx -c dmg -Weverything -d1 -o gfx/shapes/tentacles.1bpp gfx/shapes/tentacles.png
rgbgfx -c dmg -Weverything -d1 -o gfx/shapes/multibody.1bpp gfx/shapes/multibody.png
rgbgfx -c dmg -Weverything -d1 -o gfx/shapes/bipedal.1bpp gfx/shapes/bipedal.png
rgbgfx -c dmg -Weverything -d1 -o gfx/shapes/multiwings.1bpp gfx/shapes/multiwings.png
rgbgfx -c dmg -Weverything -d1 -o gfx/shapes/insectoid.1bpp gfx/shapes/insectoid.png
rgbgfx -c dmg -Weverything -o gfx/overworld/celebi.2bpp gfx/overworld/celebi.png
rgbgfx -c dmg -Weverything -o gfx/stats/judge.2bpp gfx/stats/judge.png
rgbgfx -c dmg -Weverything -o gfx/stats/judge_stats.2bpp gfx/stats/judge_stats.png
cat gfx/stats/judge.tilemap gfx/stats/judge.attrmap > gfx/stats/judge.bin
tools/gfx --trim-whitespace -o gfx/stats/judge.2bpp gfx/stats/judge.2bpp
rgbgfx -c dmg -Weverything -d1 -o gfx/font/normal.1bpp gfx/font/normal.png
rgbgfx -c dmg -Weverything -d1 -o gfx/font/narrow.1bpp gfx/font/narrow.png
rgbgfx -c dmg -Weverything -d1 -o gfx/font/bold.1bpp gfx/font/bold.png
tools/gfx --trim-whitespace -d1 -o gfx/font/normal.1bpp gfx/font/normal.1bpp
tools/gfx --trim-whitespace -d1 -o gfx/font/bold.1bpp gfx/font/bold.1bpp
rgbgfx -c dmg -Weverything -d1 -o gfx/font/italic.1bpp gfx/font/italic.png
tools/gfx --trim-whitespace -d1 -o gfx/font/narrow.1bpp gfx/font/narrow.1bpp
rgbgfx -c dmg -Weverything -d1 -o gfx/font/serif.1bpp gfx/font/serif.png
rgbgfx -c dmg -Weverything -d1 -o gfx/font/micr.1bpp gfx/font/micr.png
rgbgfx -c dmg -Weverything -d1 -o gfx/font/chicago.1bpp gfx/font/chicago.png
tools/gfx --trim-whitespace -d1 -o gfx/font/italic.1bpp gfx/font/italic.1bpp
tools/gfx --trim-whitespace -d1 -o gfx/font/serif.1bpp gfx/font/serif.1bpp
tools/gfx --trim-whitespace -d1 -o gfx/font/micr.1bpp gfx/font/micr.1bpp
rgbgfx -c dmg -Weverything -d1 -o gfx/font/unown.1bpp gfx/font/unown.png
rgbgfx -c dmg -Weverything -d1 -o gfx/font/common.1bpp gfx/font/common.png
tools/gfx --trim-whitespace -d1 -o gfx/font/chicago.1bpp gfx/font/chicago.1bpp
rgbgfx -c dmg -Weverything -o gfx/font/space.2bpp gfx/font/space.png
rgbgfx -c dmg -Weverything -d1 -o gfx/frames/1.1bpp gfx/frames/1.png
tools/gfx --trim-whitespace -d1 -o gfx/font/unown.1bpp gfx/font/unown.1bpp
tools/gfx --trim-whitespace -d1 -o gfx/font/common.1bpp gfx/font/common.1bpp
rgbgfx -c dmg -Weverything -d1 -o gfx/frames/2.1bpp gfx/frames/2.png
rgbgfx -c dmg -Weverything -d1 -o gfx/frames/3.1bpp gfx/frames/3.png
rgbgfx -c dmg -Weverything -d1 -o gfx/frames/4.1bpp gfx/frames/4.png
rgbgfx -c dmg -Weverything -d1 -o gfx/frames/5.1bpp gfx/frames/5.png
rgbgfx -c dmg -Weverything -d1 -o gfx/frames/6.1bpp gfx/frames/6.png
rgbgfx -c dmg -Weverything -d1 -o gfx/frames/7.1bpp gfx/frames/7.png
rgbgfx -c dmg -Weverything -d1 -o gfx/frames/8.1bpp gfx/frames/8.png
rgbgfx -c dmg -Weverything -d1 -o gfx/frames/9.1bpp gfx/frames/9.png
rgbgfx -c dmg -Weverything -d1 -o gfx/frames/10.1bpp gfx/frames/10.png
rgbgfx -c dmg -Weverything -d1 -o gfx/frames/11.1bpp gfx/frames/11.png
rgbgfx -c dmg -Weverything -d1 -o gfx/frames/12.1bpp gfx/frames/12.png
rgbgfx -c dmg -Weverything -d1 -o gfx/frames/13.1bpp gfx/frames/13.png
rgbgfx -c dmg -Weverything -d1 -o gfx/frames/14.1bpp gfx/frames/14.png
rgbgfx -c dmg -Weverything -d1 -o gfx/frames/15.1bpp gfx/frames/15.png
rgbgfx -c dmg -Weverything -d1 -o gfx/frames/16.1bpp gfx/frames/16.png
rgbgfx -c dmg -Weverything -d1 -o gfx/frames/17.1bpp gfx/frames/17.png
rgbgfx -c dmg -Weverything -d1 -o gfx/frames/18.1bpp gfx/frames/18.png
rgbgfx -c dmg -Weverything -d1 -o gfx/frames/19.1bpp gfx/frames/19.png
rgbgfx -c dmg -Weverything -d1 -o gfx/frames/20.1bpp gfx/frames/20.png
rgbgfx -c dmg -Weverything -o gfx/battle/hpexpbars.2bpp gfx/battle/hpexpbars.png
rgbgfx -c dmg -Weverything -o gfx/stats/shiny.2bpp gfx/stats/shiny.png
rgbgfx -c dmg -Weverything -o gfx/stats/status.2bpp gfx/stats/status.png
rgbgfx -c dmg -Weverything -o gfx/battle/status.2bpp gfx/battle/status.png
rgbgfx -c dmg -Weverything -o gfx/battle/status-enemy.2bpp gfx/battle/status-enemy.png
rgbgfx -c dmg -Weverything -d1 -o gfx/battle/types.1bpp gfx/battle/types.png
rgbgfx -c dmg -Weverything -o gfx/battle/categories.2bpp gfx/battle/categories.png
rgbgfx -c dmg -Weverything -o gfx/signs/painting.2bpp gfx/signs/painting.png
rgbgfx -c dmg -Weverything -o gfx/overworld/trainer_battle_pokeball_tile.2bpp gfx/overworld/trainer_battle_pokeball_tile.png
rgbgfx -c dmg -Weverything -o gfx/battle/expbarend.2bpp gfx/battle/expbarend.png
rgbgfx -c dmg -Weverything -o gfx/stats/held_items.2bpp gfx/stats/held_items.png
rgbgfx -c dmg -Weverything -o gfx/town_map/fast_ship.2bpp gfx/town_map/fast_ship.png
rgbgfx -c dmg -Weverything -o gfx/town_map/arrow.2bpp gfx/town_map/arrow.png
rgbgfx -c dmg -Weverything -o gfx/pokegear/pokegear_sprites.2bpp gfx/pokegear/pokegear_sprites.png
rgbgfx -c dmg -Weverything -o gfx/pokegear/pokegear.2bpp gfx/pokegear/pokegear.png
tools/lzpcompress -- gfx/slots/slots.tilemap gfx/slots/slots.tilemap.lzp
rgbgfx -c dmg -Weverything -o gfx/slots/slots_1.2bpp gfx/slots/slots_1.png
tools/gfx --trim-whitespace -o gfx/pokegear/pokegear_sprites.2bpp gfx/pokegear/pokegear_sprites.2bpp
rgbgfx -c dmg -Weverything -o gfx/slots/slots_2.2bpp gfx/slots/slots_2.png
tools/gfx --trim-whitespace -o gfx/pokegear/pokegear.2bpp gfx/pokegear/pokegear.2bpp
rgbgfx -c dmg -Weverything -o gfx/slots/slots_3.2bpp gfx/slots/slots_3.png
tools/gfx --trim-whitespace -o gfx/slots/slots_1.2bpp gfx/slots/slots_1.2bpp
rgbgfx -c dmg -Weverything -d1 -o gfx/mail/morph_mail_divider.1bpp gfx/mail/morph_mail_divider.png
rgbgfx -c dmg -Weverything -d1 -o gfx/mail/grass.1bpp gfx/mail/grass.png
tools/gfx --interleave --png=gfx/slots/slots_2.png -o gfx/slots/slots_2.2bpp gfx/slots/slots_2.2bpp
tools/gfx --interleave --png=gfx/slots/slots_3.png --remove-duplicates --keep-whitespace --remove-xflip -o gfx/slots/slots_3.2bpp gfx/slots/slots_3.2bpp
rgbgfx -c dmg -Weverything -d1 -o gfx/mail/small_pokeball.1bpp gfx/mail/small_pokeball.png
rgbgfx -c dmg -Weverything -d1 -o gfx/mail/morph_mail_border.1bpp gfx/mail/morph_mail_border.png
rgbgfx -c dmg -Weverything -d1 -o gfx/mail/small_note.1bpp gfx/mail/small_note.png
rgbgfx -c dmg -Weverything -d1 -o gfx/mail/wave.1bpp gfx/mail/wave.png
rgbgfx -c dmg -Weverything -d1 -o gfx/mail/portraitmail_underline.1bpp gfx/mail/portraitmail_underline.png
rgbgfx -c dmg -Weverything -d1 -o gfx/mail/lovely_mail_underline.1bpp gfx/mail/lovely_mail_underline.png
rgbgfx -c dmg -Weverything -d1 -o gfx/mail/small_heart.1bpp gfx/mail/small_heart.png
rgbgfx -c dmg -Weverything -d1 -o gfx/mail/small_triangle.1bpp gfx/mail/small_triangle.png
rgbgfx -c dmg -Weverything -d1 -o gfx/mail/eon_mail_border_1.1bpp gfx/mail/eon_mail_border_1.png
rgbgfx -c dmg -Weverything -d1 -o gfx/mail/eon_mail_border_2.1bpp gfx/mail/eon_mail_border_2.png
rgbgfx -c dmg -Weverything -d1 -o gfx/mail/natu.1bpp gfx/mail/natu.png
rgbgfx -c dmg -Weverything -d1 -o gfx/mail/dratini.1bpp gfx/mail/dratini.png
rgbgfx -c dmg -Weverything -d1 -o gfx/mail/poliwag.1bpp gfx/mail/poliwag.png
rgbgfx -c dmg -Weverything -d1 -o gfx/mail/lapras.1bpp gfx/mail/lapras.png
rgbgfx -c dmg -Weverything -d1 -o gfx/mail/eevee.1bpp gfx/mail/eevee.png
rgbgfx -c dmg -Weverything -d1 -o gfx/mail/ditto.1bpp gfx/mail/ditto.png
rgbgfx -c dmg -Weverything -d1 -o gfx/mail/mew.1bpp gfx/mail/mew.png
rgbgfx -c dmg -Weverything -d1 -o gfx/mail/dragonite.1bpp gfx/mail/dragonite.png
rgbgfx -c dmg -Weverything -d1 -o gfx/mail/sentret.1bpp gfx/mail/sentret.png
rgbgfx -c dmg -Weverything -d1 -o gfx/mail/large_pokeball.1bpp gfx/mail/large_pokeball.png
rgbgfx -c dmg -Weverything -d1 -o gfx/mail/oddish.1bpp gfx/mail/oddish.png
tools/gfx --remove-whitespace -d1 -o gfx/mail/dragonite.1bpp gfx/mail/dragonite.1bpp
rgbgfx -c dmg -Weverything -d1 -o gfx/mail/large_triangle.1bpp gfx/mail/large_triangle.png
rgbgfx -c dmg -Weverything -d1 -o gfx/mail/large_heart.1bpp gfx/mail/large_heart.png
rgbgfx -c dmg -Weverything -d1 -o gfx/mail/morph_mail_corner.1bpp gfx/mail/morph_mail_corner.png
rgbgfx -c dmg -Weverything -d1 -o gfx/mail/large_circle.1bpp gfx/mail/large_circle.png
rgbgfx -c dmg -Weverything -d1 -o gfx/mail/flower_1.1bpp gfx/mail/flower_1.png
rgbgfx -c dmg -Weverything -d1 -o gfx/mail/flower_2.1bpp gfx/mail/flower_2.png
rgbgfx -c dmg -Weverything -d1 -o gfx/mail/large_note.1bpp gfx/mail/large_note.png
rgbgfx -c dmg -Weverything -d1 -o gfx/mail/cloud.1bpp gfx/mail/cloud.png
rgbgfx -c dmg -Weverything -d1 -o gfx/mail/surf_mail_border.1bpp gfx/mail/surf_mail_border.png
rgbgfx -c dmg -Weverything -d1 -o gfx/mail/flower_mail_border.1bpp gfx/mail/flower_mail_border.png
tools/gfx --remove-whitespace -d1 -o gfx/mail/large_note.1bpp gfx/mail/large_note.1bpp
rgbgfx -c dmg -Weverything -d1 -o gfx/mail/litebluemail_border.1bpp gfx/mail/litebluemail_border.png
tools/gfx --remove-whitespace -d1 -o gfx/mail/flower_mail_border.1bpp gfx/mail/flower_mail_border.1bpp
tools/gfx --remove-whitespace -d1 -o gfx/mail/surf_mail_border.1bpp gfx/mail/surf_mail_border.1bpp
rgbgfx -c dmg -Weverything -d1 -o gfx/mail/music_mail_border.1bpp gfx/mail/music_mail_border.png
rgbgfx -c dmg -Weverything -d1 -o gfx/mail/lovely_mail_border.1bpp gfx/mail/lovely_mail_border.png
tools/gfx --remove-whitespace -d1 -o gfx/mail/litebluemail_border.1bpp gfx/mail/litebluemail_border.1bpp
rgbgfx -c dmg -Weverything -d1 -o gfx/mail/portraitmail_border.1bpp gfx/mail/portraitmail_border.png
rgbgfx -c dmg -Weverything -o gfx/pokemon/bulbasaur/front.2bpp gfx/pokemon/bulbasaur/front.png
tools/png_dimensions gfx/pokemon/bulbasaur/front.png gfx/pokemon/bulbasaur/front.dimensions
rgbgfx -c dmg -Weverything -o gfx/pokemon/ivysaur/front.2bpp gfx/pokemon/ivysaur/front.png
tools/png_dimensions gfx/pokemon/ivysaur/front.png gfx/pokemon/ivysaur/front.dimensions
rgbgfx -c dmg -Weverything -o gfx/pokemon/venusaur/front.2bpp gfx/pokemon/venusaur/front.png
tools/png_dimensions gfx/pokemon/venusaur/front.png gfx/pokemon/venusaur/front.dimensions
rgbgfx -c dmg -Weverything -o gfx/pokemon/charmander/front.2bpp gfx/pokemon/charmander/front.png
tools/png_dimensions gfx/pokemon/charmander/front.png gfx/pokemon/charmander/front.dimensions
rgbgfx -c dmg -Weverything -o gfx/pokemon/charmeleon/front.2bpp gfx/pokemon/charmeleon/front.png
tools/png_dimensions gfx/pokemon/charmeleon/front.png gfx/pokemon/charmeleon/front.dimensions
rgbgfx -c dmg -Weverything -o gfx/pokemon/charizard/front.2bpp gfx/pokemon/charizard/front.png
tools/png_dimensions gfx/pokemon/charizard/front.png gfx/pokemon/charizard/front.dimensions
rgbgfx -c dmg -Weverything -o gfx/pokemon/squirtle/front.2bpp gfx/pokemon/squirtle/front.png
tools/png_dimensions gfx/pokemon/squirtle/front.png gfx/pokemon/squirtle/front.dimensions
rgbgfx -c dmg -Weverything -o gfx/pokemon/wartortle/front.2bpp gfx/pokemon/wartortle/front.png
tools/png_dimensions gfx/pokemon/wartortle/front.png gfx/pokemon/wartortle/front.dimensions
rgbgfx -c dmg -Weverything -o gfx/pokemon/blastoise/front.2bpp gfx/pokemon/blastoise/front.png
tools/png_dimensions gfx/pokemon/blastoise/front.png gfx/pokemon/blastoise/front.dimensions
rgbgfx -c dmg -Weverything -o gfx/pokemon/caterpie/front.2bpp gfx/pokemon/caterpie/front.png
tools/png_dimensions gfx/pokemon/caterpie/front.png gfx/pokemon/caterpie/front.dimensions
rgbgfx -c dmg -Weverything -o gfx/pokemon/metapod/front.2bpp gfx/pokemon/metapod/front.png
tools/png_dimensions gfx/pokemon/metapod/front.png gfx/pokemon/metapod/front.dimensions
rgbgfx -c dmg -Weverything -o gfx/pokemon/butterfree/front.2bpp gfx/pokemon/butterfree/front.png
tools/png_dimensions gfx/pokemon/butterfree/front.png gfx/pokemon/butterfree/front.dimensions
rgbgfx -c dmg -Weverything -o gfx/pokemon/weedle/front.2bpp gfx/pokemon/weedle/front.png
tools/png_dimensions gfx/pokemon/weedle/front.png gfx/pokemon/weedle/front.dimensions
rgbgfx -c dmg -Weverything -o gfx/pokemon/kakuna/front.2bpp gfx/pokemon/kakuna/front.png
tools/png_dimensions gfx/pokemon/kakuna/front.png gfx/pokemon/kakuna/front.dimensions
rgbgfx -c dmg -Weverything -o gfx/pokemon/beedrill/front.2bpp gfx/pokemon/beedrill/front.png
tools/png_dimensions gfx/pokemon/beedrill/front.png gfx/pokemon/beedrill/front.dimensions
rgbgfx -c dmg -Weverything -o gfx/pokemon/pidgey/front.2bpp gfx/pokemon/pidgey/front.png
tools/png_dimensions gfx/pokemon/pidgey/front.png gfx/pokemon/pidgey/front.dimensions
rgbgfx -c dmg -Weverything -o gfx/pokemon/pidgeotto/front.2bpp gfx/pokemon/pidgeotto/front.png
tools/png_dimensions gfx/pokemon/pidgeotto/front.png gfx/pokemon/pidgeotto/front.dimensions
rgbgfx -c dmg -Weverything -o gfx/pokemon/pidgeot/front.2bpp gfx/pokemon/pidgeot/front.png
tools/png_dimensions gfx/pokemon/pidgeot/front.png gfx/pokemon/pidgeot/front.dimensions
rgbgfx -c dmg -Weverything -o gfx/pokemon/spearow/front.2bpp gfx/pokemon/spearow/front.png
tools/png_dimensions gfx/pokemon/spearow/front.png gfx/pokemon/spearow/front.dimensions
rgbgfx -c dmg -Weverything -o gfx/pokemon/fearow/front.2bpp gfx/pokemon/fearow/front.png
tools/png_dimensions gfx/pokemon/fearow/front.png gfx/pokemon/fearow/front.dimensions
rgbgfx -c dmg -Weverything -o gfx/pokemon/ekans/front.2bpp gfx/pokemon/ekans/front.png
tools/png_dimensions gfx/pokemon/ekans/front.png gfx/pokemon/ekans/front.dimensions
rgbgfx -c dmg -Weverything -o gfx/pokemon/nidoran_f/front.2bpp gfx/pokemon/nidoran_f/front.png
tools/png_dimensions gfx/pokemon/nidoran_f/front.png gfx/pokemon/nidoran_f/front.dimensions
rgbgfx -c dmg -Weverything -o gfx/pokemon/nidorina/front.2bpp gfx/pokemon/nidorina/front.png
tools/png_dimensions gfx/pokemon/nidorina/front.png gfx/pokemon/nidorina/front.dimensions
rgbgfx -c dmg -Weverything -o gfx/pokemon/nidoqueen/front.2bpp gfx/pokemon/nidoqueen/front.png
tools/png_dimensions gfx/pokemon/nidoqueen/front.png gfx/pokemon/nidoqueen/front.dimensions
rgbgfx -c dmg -Weverything -o gfx/pokemon/nidoran_m/front.2bpp gfx/pokemon/nidoran_m/front.png
tools/png_dimensions gfx/pokemon/nidoran_m/front.png gfx/pokemon/nidoran_m/front.dimensions
rgbgfx -c dmg -Weverything -o gfx/pokemon/nidorino/front.2bpp gfx/pokemon/nidorino/front.png
tools/png_dimensions gfx/pokemon/nidorino/front.png gfx/pokemon/nidorino/front.dimensions
rgbgfx -c dmg -Weverything -o gfx/pokemon/nidoking/front.2bpp gfx/pokemon/nidoking/front.png
tools/png_dimensions gfx/pokemon/nidoking/front.png gfx/pokemon/nidoking/front.dimensions
rgbgfx -c dmg -Weverything -o gfx/pokemon/clefairy/front.2bpp gfx/pokemon/clefairy/front.png
tools/png_dimensions gfx/pokemon/clefairy/front.png gfx/pokemon/clefairy/front.dimensions
rgbgfx -c dmg -Weverything -o gfx/pokemon/clefable/front.2bpp gfx/pokemon/clefable/front.png
tools/png_dimensions gfx/pokemon/clefable/front.png gfx/pokemon/clefable/front.dimensions
rgbgfx -c dmg -Weverything -o gfx/pokemon/jigglypuff/front.2bpp gfx/pokemon/jigglypuff/front.png
tools/png_dimensions gfx/pokemon/jigglypuff/front.png gfx/pokemon/jigglypuff/front.dimensions
rgbgfx -c dmg -Weverything -o gfx/pokemon/wigglytuff/front.2bpp gfx/pokemon/wigglytuff/front.png
tools/png_dimensions gfx/pokemon/wigglytuff/front.png gfx/pokemon/wigglytuff/front.dimensions
rgbgfx -c dmg -Weverything -o gfx/pokemon/zubat/front.2bpp gfx/pokemon/zubat/front.png
tools/png_dimensions gfx/pokemon/zubat/front.png gfx/pokemon/zubat/front.dimensions
rgbgfx -c dmg -Weverything -o gfx/pokemon/golbat/front.2bpp gfx/pokemon/golbat/front.png
tools/png_dimensions gfx/pokemon/golbat/front.png gfx/pokemon/golbat/front.dimensions
rgbgfx -c dmg -Weverything -o gfx/pokemon/oddish/front.2bpp gfx/pokemon/oddish/front.png
tools/png_dimensions gfx/pokemon/oddish/front.png gfx/pokemon/oddish/front.dimensions
rgbgfx -c dmg -Weverything -o gfx/pokemon/gloom/front.2bpp gfx/pokemon/gloom/front.png
tools/png_dimensions gfx/pokemon/gloom/front.png gfx/pokemon/gloom/front.dimensions
rgbgfx -c dmg -Weverything -o gfx/pokemon/vileplume/front.2bpp gfx/pokemon/vileplume/front.png
tools/png_dimensions gfx/pokemon/vileplume/front.png gfx/pokemon/vileplume/front.dimensions
rgbgfx -c dmg -Weverything -o gfx/pokemon/paras/front.2bpp gfx/pokemon/paras/front.png
tools/png_dimensions gfx/pokemon/paras/front.png gfx/pokemon/paras/front.dimensions
rgbgfx -c dmg -Weverything -o gfx/pokemon/parasect/front.2bpp gfx/pokemon/parasect/front.png
tools/png_dimensions gfx/pokemon/parasect/front.png gfx/pokemon/parasect/front.dimensions
rgbgfx -c dmg -Weverything -o gfx/pokemon/venonat/front.2bpp gfx/pokemon/venonat/front.png
tools/png_dimensions gfx/pokemon/venonat/front.png gfx/pokemon/venonat/front.dimensions
rgbgfx -c dmg -Weverything -o gfx/pokemon/venomoth/front.2bpp gfx/pokemon/venomoth/front.png
tools/png_dimensions gfx/pokemon/venomoth/front.png gfx/pokemon/venomoth/front.dimensions
rgbgfx -c dmg -Weverything -o gfx/pokemon/psyduck/front.2bpp gfx/pokemon/psyduck/front.png
tools/png_dimensions gfx/pokemon/psyduck/front.png gfx/pokemon/psyduck/front.dimensions
rgbgfx -c dmg -Weverything -o gfx/pokemon/golduck/front.2bpp gfx/pokemon/golduck/front.png
tools/png_dimensions gfx/pokemon/golduck/front.png gfx/pokemon/golduck/front.dimensions
rgbgfx -c dmg -Weverything -o gfx/pokemon/mankey/front.2bpp gfx/pokemon/mankey/front.png
tools/png_dimensions gfx/pokemon/mankey/front.png gfx/pokemon/mankey/front.dimensions
rgbgfx -c dmg -Weverything -o gfx/pokemon/primeape/front.2bpp gfx/pokemon/primeape/front.png
tools/png_dimensions gfx/pokemon/primeape/front.png gfx/pokemon/primeape/front.dimensions
rgbgfx -c dmg -Weverything -o gfx/pokemon/poliwag/front.2bpp gfx/pokemon/poliwag/front.png
tools/png_dimensions gfx/pokemon/poliwag/front.png gfx/pokemon/poliwag/front.dimensions
rgbgfx -c dmg -Weverything -o gfx/pokemon/poliwhirl/front.2bpp gfx/pokemon/poliwhirl/front.png
tools/png_dimensions gfx/pokemon/poliwhirl/front.png gfx/pokemon/poliwhirl/front.dimensions
rgbgfx -c dmg -Weverything -o gfx/pokemon/poliwrath/front.2bpp gfx/pokemon/poliwrath/front.png
tools/png_dimensions gfx/pokemon/poliwrath/front.png gfx/pokemon/poliwrath/front.dimensions
rgbgfx -c dmg -Weverything -o gfx/pokemon/abra/front.2bpp gfx/pokemon/abra/front.png
tools/png_dimensions gfx/pokemon/abra/front.png gfx/pokemon/abra/front.dimensions
rgbgfx -c dmg -Weverything -o gfx/pokemon/kadabra/front.2bpp gfx/pokemon/kadabra/front.png
tools/png_dimensions gfx/pokemon/kadabra/front.png gfx/pokemon/kadabra/front.dimensions
rgbgfx -c dmg -Weverything -o gfx/pokemon/alakazam/front.2bpp gfx/pokemon/alakazam/front.png
tools/png_dimensions gfx/pokemon/alakazam/front.png gfx/pokemon/alakazam/front.dimensions
rgbgfx -c dmg -Weverything -o gfx/pokemon/machop/front.2bpp gfx/pokemon/machop/front.png
tools/png_dimensions gfx/pokemon/machop/front.png gfx/pokemon/machop/front.dimensions
rgbgfx -c dmg -Weverything -o gfx/pokemon/machoke/front.2bpp gfx/pokemon/machoke/front.png
tools/png_dimensions gfx/pokemon/machoke/front.png gfx/pokemon/machoke/front.dimensions
rgbgfx -c dmg -Weverything -o gfx/pokemon/machamp/front.2bpp gfx/pokemon/machamp/front.png
tools/png_dimensions gfx/pokemon/machamp/front.png gfx/pokemon/machamp/front.dimensions
rgbgfx -c dmg -Weverything -o gfx/pokemon/bellsprout/front.2bpp gfx/pokemon/bellsprout/front.png
tools/png_dimensions gfx/pokemon/bellsprout/front.png gfx/pokemon/bellsprout/front.dimensions
rgbgfx -c dmg -Weverything -o gfx/pokemon/weepinbell/front.2bpp gfx/pokemon/weepinbell/front.png
tools/png_dimensions gfx/pokemon/weepinbell/front.png gfx/pokemon/weepinbell/front.dimensions
rgbgfx -c dmg -Weverything -o gfx/pokemon/victreebel/front.2bpp gfx/pokemon/victreebel/front.png
tools/png_dimensions gfx/pokemon/victreebel/front.png gfx/pokemon/victreebel/front.dimensions
rgbgfx -c dmg -Weverything -o gfx/pokemon/tentacool/front.2bpp gfx/pokemon/tentacool/front.png
tools/png_dimensions gfx/pokemon/tentacool/front.png gfx/pokemon/tentacool/front.dimensions
rgbgfx -c dmg -Weverything -o gfx/pokemon/tentacruel/front.2bpp gfx/pokemon/tentacruel/front.png
tools/png_dimensions gfx/pokemon/tentacruel/front.png gfx/pokemon/tentacruel/front.dimensions
rgbgfx -c dmg -Weverything -o gfx/pokemon/magnemite/front.2bpp gfx/pokemon/magnemite/front.png
tools/png_dimensions gfx/pokemon/magnemite/front.png gfx/pokemon/magnemite/front.dimensions
rgbgfx -c dmg -Weverything -o gfx/pokemon/magneton/front.2bpp gfx/pokemon/magneton/front.png
tools/png_dimensions gfx/pokemon/magneton/front.png gfx/pokemon/magneton/front.dimensions
rgbgfx -c dmg -Weverything -o gfx/pokemon/doduo/front.2bpp gfx/pokemon/doduo/front.png
tools/png_dimensions gfx/pokemon/doduo/front.png gfx/pokemon/doduo/front.dimensions
rgbgfx -c dmg -Weverything -o gfx/pokemon/dodrio/front.2bpp gfx/pokemon/dodrio/front.png
tools/png_dimensions gfx/pokemon/dodrio/front.png gfx/pokemon/dodrio/front.dimensions
rgbgfx -c dmg -Weverything -o gfx/pokemon/seel/front.2bpp gfx/pokemon/seel/front.png
tools/png_dimensions gfx/pokemon/seel/front.png gfx/pokemon/seel/front.dimensions
rgbgfx -c dmg -Weverything -o gfx/pokemon/dewgong/front.2bpp gfx/pokemon/dewgong/front.png
tools/png_dimensions gfx/pokemon/dewgong/front.png gfx/pokemon/dewgong/front.dimensions
rgbgfx -c dmg -Weverything -o gfx/pokemon/shellder/front.2bpp gfx/pokemon/shellder/front.png
tools/png_dimensions gfx/pokemon/shellder/front.png gfx/pokemon/shellder/front.dimensions
rgbgfx -c dmg -Weverything -o gfx/pokemon/cloyster/front.2bpp gfx/pokemon/cloyster/front.png
tools/png_dimensions gfx/pokemon/cloyster/front.png gfx/pokemon/cloyster/front.dimensions
rgbgfx -c dmg -Weverything -o gfx/pokemon/gastly/front.2bpp gfx/pokemon/gastly/front.png
tools/png_dimensions gfx/pokemon/gastly/front.png gfx/pokemon/gastly/front.dimensions
rgbgfx -c dmg -Weverything -o gfx/pokemon/haunter/front.2bpp gfx/pokemon/haunter/front.png
tools/png_dimensions gfx/pokemon/haunter/front.png gfx/pokemon/haunter/front.dimensions
rgbgfx -c dmg -Weverything -o gfx/pokemon/gengar/front.2bpp gfx/pokemon/gengar/front.png
tools/png_dimensions gfx/pokemon/gengar/front.png gfx/pokemon/gengar/front.dimensions
rgbgfx -c dmg -Weverything -o gfx/pokemon/onix/front.2bpp gfx/pokemon/onix/front.png
tools/png_dimensions gfx/pokemon/onix/front.png gfx/pokemon/onix/front.dimensions
rgbgfx -c dmg -Weverything -o gfx/pokemon/drowzee/front.2bpp gfx/pokemon/drowzee/front.png
tools/png_dimensions gfx/pokemon/drowzee/front.png gfx/pokemon/drowzee/front.dimensions
rgbgfx -c dmg -Weverything -o gfx/pokemon/hypno/front.2bpp gfx/pokemon/hypno/front.png
tools/png_dimensions gfx/pokemon/hypno/front.png gfx/pokemon/hypno/front.dimensions
rgbgfx -c dmg -Weverything -o gfx/pokemon/krabby/front.2bpp gfx/pokemon/krabby/front.png
tools/png_dimensions gfx/pokemon/krabby/front.png gfx/pokemon/krabby/front.dimensions
rgbgfx -c dmg -Weverything -o gfx/pokemon/kingler/front.2bpp gfx/pokemon/kingler/front.png
tools/png_dimensions gfx/pokemon/kingler/front.png gfx/pokemon/kingler/front.dimensions
rgbgfx -c dmg -Weverything -o gfx/pokemon/exeggcute/front.2bpp gfx/pokemon/exeggcute/front.png
tools/png_dimensions gfx/pokemon/exeggcute/front.png gfx/pokemon/exeggcute/front.dimensions
rgbgfx -c dmg -Weverything -o gfx/pokemon/cubone/front.2bpp gfx/pokemon/cubone/front.png
tools/png_dimensions gfx/pokemon/cubone/front.png gfx/pokemon/cubone/front.dimensions
rgbgfx -c dmg -Weverything -o gfx/pokemon/hitmonlee/front.2bpp gfx/pokemon/hitmonlee/front.png
tools/png_dimensions gfx/pokemon/hitmonlee/front.png gfx/pokemon/hitmonlee/front.dimensions
rgbgfx -c dmg -Weverything -o gfx/pokemon/hitmonchan/front.2bpp gfx/pokemon/hitmonchan/front.png
tools/png_dimensions gfx/pokemon/hitmonchan/front.png gfx/pokemon/hitmonchan/front.dimensions
rgbgfx -c dmg -Weverything -o gfx/pokemon/lickitung/front.2bpp gfx/pokemon/lickitung/front.png
tools/png_dimensions gfx/pokemon/lickitung/front.png gfx/pokemon/lickitung/front.dimensions
rgbgfx -c dmg -Weverything -o gfx/pokemon/koffing/front.2bpp gfx/pokemon/koffing/front.png
tools/png_dimensions gfx/pokemon/koffing/front.png gfx/pokemon/koffing/front.dimensions
rgbgfx -c dmg -Weverything -o gfx/pokemon/rhyhorn/front.2bpp gfx/pokemon/rhyhorn/front.png
tools/png_dimensions gfx/pokemon/rhyhorn/front.png gfx/pokemon/rhyhorn/front.dimensions
rgbgfx -c dmg -Weverything -o gfx/pokemon/rhydon/front.2bpp gfx/pokemon/rhydon/front.png
tools/png_dimensions gfx/pokemon/rhydon/front.png gfx/pokemon/rhydon/front.dimensions
rgbgfx -c dmg -Weverything -o gfx/pokemon/chansey/front.2bpp gfx/pokemon/chansey/front.png
tools/png_dimensions gfx/pokemon/chansey/front.png gfx/pokemon/chansey/front.dimensions
rgbgfx -c dmg -Weverything -o gfx/pokemon/tangela/front.2bpp gfx/pokemon/tangela/front.png
tools/png_dimensions gfx/pokemon/tangela/front.png gfx/pokemon/tangela/front.dimensions
rgbgfx -c dmg -Weverything -o gfx/pokemon/kangaskhan/front.2bpp gfx/pokemon/kangaskhan/front.png
tools/png_dimensions gfx/pokemon/kangaskhan/front.png gfx/pokemon/kangaskhan/front.dimensions
rgbgfx -c dmg -Weverything -o gfx/pokemon/horsea/front.2bpp gfx/pokemon/horsea/front.png
tools/png_dimensions gfx/pokemon/horsea/front.png gfx/pokemon/horsea/front.dimensions
rgbgfx -c dmg -Weverything -o gfx/pokemon/seadra/front.2bpp gfx/pokemon/seadra/front.png
tools/png_dimensions gfx/pokemon/seadra/front.png gfx/pokemon/seadra/front.dimensions
rgbgfx -c dmg -Weverything -o gfx/pokemon/goldeen/front.2bpp gfx/pokemon/goldeen/front.png
tools/png_dimensions gfx/pokemon/goldeen/front.png gfx/pokemon/goldeen/front.dimensions
rgbgfx -c dmg -Weverything -o gfx/pokemon/seaking/front.2bpp gfx/pokemon/seaking/front.png
tools/png_dimensions gfx/pokemon/seaking/front.png gfx/pokemon/seaking/front.dimensions
rgbgfx -c dmg -Weverything -o gfx/pokemon/staryu/front.2bpp gfx/pokemon/staryu/front.png
tools/png_dimensions gfx/pokemon/staryu/front.png gfx/pokemon/staryu/front.dimensions
rgbgfx -c dmg -Weverything -o gfx/pokemon/starmie/front.2bpp gfx/pokemon/starmie/front.png
tools/png_dimensions gfx/pokemon/starmie/front.png gfx/pokemon/starmie/front.dimensions
rgbgfx -c dmg -Weverything -o gfx/pokemon/scyther/front.2bpp gfx/pokemon/scyther/front.png
tools/png_dimensions gfx/pokemon/scyther/front.png gfx/pokemon/scyther/front.dimensions
rgbgfx -c dmg -Weverything -o gfx/pokemon/jynx/front.2bpp gfx/pokemon/jynx/front.png
tools/png_dimensions gfx/pokemon/jynx/front.png gfx/pokemon/jynx/front.dimensions
rgbgfx -c dmg -Weverything -o gfx/pokemon/electabuzz/front.2bpp gfx/pokemon/electabuzz/front.png
tools/png_dimensions gfx/pokemon/electabuzz/front.png gfx/pokemon/electabuzz/front.dimensions
rgbgfx -c dmg -Weverything -o gfx/pokemon/magmar/front.2bpp gfx/pokemon/magmar/front.png
tools/png_dimensions gfx/pokemon/magmar/front.png gfx/pokemon/magmar/front.dimensions
rgbgfx -c dmg -Weverything -o gfx/pokemon/pinsir/front.2bpp gfx/pokemon/pinsir/front.png
tools/png_dimensions gfx/pokemon/pinsir/front.png gfx/pokemon/pinsir/front.dimensions
rgbgfx -c dmg -Weverything -o gfx/pokemon/lapras/front.2bpp gfx/pokemon/lapras/front.png
tools/png_dimensions gfx/pokemon/lapras/front.png gfx/pokemon/lapras/front.dimensions
rgbgfx -c dmg -Weverything -o gfx/pokemon/ditto/front.2bpp gfx/pokemon/ditto/front.png
tools/png_dimensions gfx/pokemon/ditto/front.png gfx/pokemon/ditto/front.dimensions
rgbgfx -c dmg -Weverything -o gfx/pokemon/eevee/front.2bpp gfx/pokemon/eevee/front.png
tools/png_dimensions gfx/pokemon/eevee/front.png gfx/pokemon/eevee/front.dimensions
rgbgfx -c dmg -Weverything -o gfx/pokemon/vaporeon/front.2bpp gfx/pokemon/vaporeon/front.png
tools/png_dimensions gfx/pokemon/vaporeon/front.png gfx/pokemon/vaporeon/front.dimensions
rgbgfx -c dmg -Weverything -o gfx/pokemon/jolteon/front.2bpp gfx/pokemon/jolteon/front.png
tools/png_dimensions gfx/pokemon/jolteon/front.png gfx/pokemon/jolteon/front.dimensions
rgbgfx -c dmg -Weverything -o gfx/pokemon/flareon/front.2bpp gfx/pokemon/flareon/front.png
tools/png_dimensions gfx/pokemon/flareon/front.png gfx/pokemon/flareon/front.dimensions
rgbgfx -c dmg -Weverything -o gfx/pokemon/porygon/front.2bpp gfx/pokemon/porygon/front.png
tools/png_dimensions gfx/pokemon/porygon/front.png gfx/pokemon/porygon/front.dimensions
rgbgfx -c dmg -Weverything -o gfx/pokemon/omanyte/front.2bpp gfx/pokemon/omanyte/front.png
tools/png_dimensions gfx/pokemon/omanyte/front.png gfx/pokemon/omanyte/front.dimensions
rgbgfx -c dmg -Weverything -o gfx/pokemon/omastar/front.2bpp gfx/pokemon/omastar/front.png
tools/png_dimensions gfx/pokemon/omastar/front.png gfx/pokemon/omastar/front.dimensions
rgbgfx -c dmg -Weverything -o gfx/pokemon/kabuto/front.2bpp gfx/pokemon/kabuto/front.png
tools/png_dimensions gfx/pokemon/kabuto/front.png gfx/pokemon/kabuto/front.dimensions
rgbgfx -c dmg -Weverything -o gfx/pokemon/kabutops/front.2bpp gfx/pokemon/kabutops/front.png
tools/png_dimensions gfx/pokemon/kabutops/front.png gfx/pokemon/kabutops/front.dimensions
rgbgfx -c dmg -Weverything -o gfx/pokemon/aerodactyl/front.2bpp gfx/pokemon/aerodactyl/front.png
tools/png_dimensions gfx/pokemon/aerodactyl/front.png gfx/pokemon/aerodactyl/front.dimensions
rgbgfx -c dmg -Weverything -o gfx/pokemon/snorlax/front.2bpp gfx/pokemon/snorlax/front.png
tools/png_dimensions gfx/pokemon/snorlax/front.png gfx/pokemon/snorlax/front.dimensions
rgbgfx -c dmg -Weverything -o gfx/pokemon/dratini/front.2bpp gfx/pokemon/dratini/front.png
tools/png_dimensions gfx/pokemon/dratini/front.png gfx/pokemon/dratini/front.dimensions
rgbgfx -c dmg -Weverything -o gfx/pokemon/dragonair/front.2bpp gfx/pokemon/dragonair/front.png
tools/png_dimensions gfx/pokemon/dragonair/front.png gfx/pokemon/dragonair/front.dimensions
rgbgfx -c dmg -Weverything -o gfx/pokemon/dragonite/front.2bpp gfx/pokemon/dragonite/front.png
tools/png_dimensions gfx/pokemon/dragonite/front.png gfx/pokemon/dragonite/front.dimensions
rgbgfx -c dmg -Weverything -o gfx/pokemon/mew/front.2bpp gfx/pokemon/mew/front.png
tools/png_dimensions gfx/pokemon/mew/front.png gfx/pokemon/mew/front.dimensions
rgbgfx -c dmg -Weverything -o gfx/pokemon/chikorita/front.2bpp gfx/pokemon/chikorita/front.png
tools/png_dimensions gfx/pokemon/chikorita/front.png gfx/pokemon/chikorita/front.dimensions
rgbgfx -c dmg -Weverything -o gfx/pokemon/bayleef/front.2bpp gfx/pokemon/bayleef/front.png
tools/png_dimensions gfx/pokemon/bayleef/front.png gfx/pokemon/bayleef/front.dimensions
rgbgfx -c dmg -Weverything -o gfx/pokemon/meganium/front.2bpp gfx/pokemon/meganium/front.png
tools/png_dimensions gfx/pokemon/meganium/front.png gfx/pokemon/meganium/front.dimensions
rgbgfx -c dmg -Weverything -o gfx/pokemon/cyndaquil/front.2bpp gfx/pokemon/cyndaquil/front.png
tools/png_dimensions gfx/pokemon/cyndaquil/front.png gfx/pokemon/cyndaquil/front.dimensions
rgbgfx -c dmg -Weverything -o gfx/pokemon/quilava/front.2bpp gfx/pokemon/quilava/front.png
tools/png_dimensions gfx/pokemon/quilava/front.png gfx/pokemon/quilava/front.dimensions
rgbgfx -c dmg -Weverything -o gfx/pokemon/totodile/front.2bpp gfx/pokemon/totodile/front.png
tools/png_dimensions gfx/pokemon/totodile/front.png gfx/pokemon/totodile/front.dimensions
rgbgfx -c dmg -Weverything -o gfx/pokemon/croconaw/front.2bpp gfx/pokemon/croconaw/front.png
tools/png_dimensions gfx/pokemon/croconaw/front.png gfx/pokemon/croconaw/front.dimensions
rgbgfx -c dmg -Weverything -o gfx/pokemon/feraligatr/front.2bpp gfx/pokemon/feraligatr/front.png
tools/png_dimensions gfx/pokemon/feraligatr/front.png gfx/pokemon/feraligatr/front.dimensions
rgbgfx -c dmg -Weverything -o gfx/pokemon/sentret/front.2bpp gfx/pokemon/sentret/front.png
tools/png_dimensions gfx/pokemon/sentret/front.png gfx/pokemon/sentret/front.dimensions
rgbgfx -c dmg -Weverything -o gfx/pokemon/furret/front.2bpp gfx/pokemon/furret/front.png
tools/png_dimensions gfx/pokemon/furret/front.png gfx/pokemon/furret/front.dimensions
rgbgfx -c dmg -Weverything -o gfx/pokemon/hoothoot/front.2bpp gfx/pokemon/hoothoot/front.png
tools/png_dimensions gfx/pokemon/hoothoot/front.png gfx/pokemon/hoothoot/front.dimensions
rgbgfx -c dmg -Weverything -o gfx/pokemon/noctowl/front.2bpp gfx/pokemon/noctowl/front.png
tools/png_dimensions gfx/pokemon/noctowl/front.png gfx/pokemon/noctowl/front.dimensions
rgbgfx -c dmg -Weverything -o gfx/pokemon/ledyba/front.2bpp gfx/pokemon/ledyba/front.png
tools/png_dimensions gfx/pokemon/ledyba/front.png gfx/pokemon/ledyba/front.dimensions
rgbgfx -c dmg -Weverything -o gfx/pokemon/ledian/front.2bpp gfx/pokemon/ledian/front.png
tools/png_dimensions gfx/pokemon/ledian/front.png gfx/pokemon/ledian/front.dimensions
rgbgfx -c dmg -Weverything -o gfx/pokemon/spinarak/front.2bpp gfx/pokemon/spinarak/front.png
tools/png_dimensions gfx/pokemon/spinarak/front.png gfx/pokemon/spinarak/front.dimensions
rgbgfx -c dmg -Weverything -o gfx/pokemon/ariados/front.2bpp gfx/pokemon/ariados/front.png
tools/png_dimensions gfx/pokemon/ariados/front.png gfx/pokemon/ariados/front.dimensions
rgbgfx -c dmg -Weverything -o gfx/pokemon/crobat/front.2bpp gfx/pokemon/crobat/front.png
tools/png_dimensions gfx/pokemon/crobat/front.png gfx/pokemon/crobat/front.dimensions
rgbgfx -c dmg -Weverything -o gfx/pokemon/chinchou/front.2bpp gfx/pokemon/chinchou/front.png
tools/png_dimensions gfx/pokemon/chinchou/front.png gfx/pokemon/chinchou/front.dimensions
rgbgfx -c dmg -Weverything -o gfx/pokemon/lanturn/front.2bpp gfx/pokemon/lanturn/front.png
tools/png_dimensions gfx/pokemon/lanturn/front.png gfx/pokemon/lanturn/front.dimensions
rgbgfx -c dmg -Weverything -o gfx/pokemon/cleffa/front.2bpp gfx/pokemon/cleffa/front.png
tools/png_dimensions gfx/pokemon/cleffa/front.png gfx/pokemon/cleffa/front.dimensions
rgbgfx -c dmg -Weverything -o gfx/pokemon/igglybuff/front.2bpp gfx/pokemon/igglybuff/front.png
tools/png_dimensions gfx/pokemon/igglybuff/front.png gfx/pokemon/igglybuff/front.dimensions
rgbgfx -c dmg -Weverything -o gfx/pokemon/togepi/front.2bpp gfx/pokemon/togepi/front.png
tools/png_dimensions gfx/pokemon/togepi/front.png gfx/pokemon/togepi/front.dimensions
rgbgfx -c dmg -Weverything -o gfx/pokemon/togetic/front.2bpp gfx/pokemon/togetic/front.png
tools/png_dimensions gfx/pokemon/togetic/front.png gfx/pokemon/togetic/front.dimensions
rgbgfx -c dmg -Weverything -o gfx/pokemon/natu/front.2bpp gfx/pokemon/natu/front.png
tools/png_dimensions gfx/pokemon/natu/front.png gfx/pokemon/natu/front.dimensions
rgbgfx -c dmg -Weverything -o gfx/pokemon/xatu/front.2bpp gfx/pokemon/xatu/front.png
tools/png_dimensions gfx/pokemon/xatu/front.png gfx/pokemon/xatu/front.dimensions
rgbgfx -c dmg -Weverything -o gfx/pokemon/mareep/front.2bpp gfx/pokemon/mareep/front.png
tools/png_dimensions gfx/pokemon/mareep/front.png gfx/pokemon/mareep/front.dimensions
rgbgfx -c dmg -Weverything -o gfx/pokemon/flaaffy/front.2bpp gfx/pokemon/flaaffy/front.png
tools/png_dimensions gfx/pokemon/flaaffy/front.png gfx/pokemon/flaaffy/front.dimensions
rgbgfx -c dmg -Weverything -o gfx/pokemon/ampharos/front.2bpp gfx/pokemon/ampharos/front.png
tools/png_dimensions gfx/pokemon/ampharos/front.png gfx/pokemon/ampharos/front.dimensions
rgbgfx -c dmg -Weverything -o gfx/pokemon/bellossom/front.2bpp gfx/pokemon/bellossom/front.png
tools/png_dimensions gfx/pokemon/bellossom/front.png gfx/pokemon/bellossom/front.dimensions
rgbgfx -c dmg -Weverything -o gfx/pokemon/sudowoodo/front.2bpp gfx/pokemon/sudowoodo/front.png
tools/png_dimensions gfx/pokemon/sudowoodo/front.png gfx/pokemon/sudowoodo/front.dimensions
rgbgfx -c dmg -Weverything -o gfx/pokemon/marill/front.2bpp gfx/pokemon/marill/front.png
tools/png_dimensions gfx/pokemon/marill/front.png gfx/pokemon/marill/front.dimensions
rgbgfx -c dmg -Weverything -o gfx/pokemon/azumarill/front.2bpp gfx/pokemon/azumarill/front.png
tools/png_dimensions gfx/pokemon/azumarill/front.png gfx/pokemon/azumarill/front.dimensions
rgbgfx -c dmg -Weverything -o gfx/pokemon/politoed/front.2bpp gfx/pokemon/politoed/front.png
tools/png_dimensions gfx/pokemon/politoed/front.png gfx/pokemon/politoed/front.dimensions
rgbgfx -c dmg -Weverything -o gfx/pokemon/hoppip/front.2bpp gfx/pokemon/hoppip/front.png
tools/png_dimensions gfx/pokemon/hoppip/front.png gfx/pokemon/hoppip/front.dimensions
rgbgfx -c dmg -Weverything -o gfx/pokemon/skiploom/front.2bpp gfx/pokemon/skiploom/front.png
tools/png_dimensions gfx/pokemon/skiploom/front.png gfx/pokemon/skiploom/front.dimensions
rgbgfx -c dmg -Weverything -o gfx/pokemon/jumpluff/front.2bpp gfx/pokemon/jumpluff/front.png
tools/png_dimensions gfx/pokemon/jumpluff/front.png gfx/pokemon/jumpluff/front.dimensions
rgbgfx -c dmg -Weverything -o gfx/pokemon/aipom/front.2bpp gfx/pokemon/aipom/front.png
tools/png_dimensions gfx/pokemon/aipom/front.png gfx/pokemon/aipom/front.dimensions
rgbgfx -c dmg -Weverything -o gfx/pokemon/sunkern/front.2bpp gfx/pokemon/sunkern/front.png
tools/png_dimensions gfx/pokemon/sunkern/front.png gfx/pokemon/sunkern/front.dimensions
rgbgfx -c dmg -Weverything -o gfx/pokemon/sunflora/front.2bpp gfx/pokemon/sunflora/front.png
tools/png_dimensions gfx/pokemon/sunflora/front.png gfx/pokemon/sunflora/front.dimensions
rgbgfx -c dmg -Weverything -o gfx/pokemon/yanma/front.2bpp gfx/pokemon/yanma/front.png
tools/png_dimensions gfx/pokemon/yanma/front.png gfx/pokemon/yanma/front.dimensions
rgbgfx -c dmg -Weverything -o gfx/pokemon/quagsire/front.2bpp gfx/pokemon/quagsire/front.png
tools/png_dimensions gfx/pokemon/quagsire/front.png gfx/pokemon/quagsire/front.dimensions
rgbgfx -c dmg -Weverything -o gfx/pokemon/espeon/front.2bpp gfx/pokemon/espeon/front.png
tools/png_dimensions gfx/pokemon/espeon/front.png gfx/pokemon/espeon/front.dimensions
rgbgfx -c dmg -Weverything -o gfx/pokemon/umbreon/front.2bpp gfx/pokemon/umbreon/front.png
tools/png_dimensions gfx/pokemon/umbreon/front.png gfx/pokemon/umbreon/front.dimensions
rgbgfx -c dmg -Weverything -o gfx/pokemon/murkrow/front.2bpp gfx/pokemon/murkrow/front.png
tools/png_dimensions gfx/pokemon/murkrow/front.png gfx/pokemon/murkrow/front.dimensions
rgbgfx -c dmg -Weverything -o gfx/pokemon/misdreavus/front.2bpp gfx/pokemon/misdreavus/front.png
tools/png_dimensions gfx/pokemon/misdreavus/front.png gfx/pokemon/misdreavus/front.dimensions
rgbgfx -c dmg -Weverything -o gfx/pokemon/wobbuffet/front.2bpp gfx/pokemon/wobbuffet/front.png
tools/png_dimensions gfx/pokemon/wobbuffet/front.png gfx/pokemon/wobbuffet/front.dimensions
rgbgfx -c dmg -Weverything -o gfx/pokemon/girafarig/front.2bpp gfx/pokemon/girafarig/front.png
tools/png_dimensions gfx/pokemon/girafarig/front.png gfx/pokemon/girafarig/front.dimensions
rgbgfx -c dmg -Weverything -o gfx/pokemon/pineco/front.2bpp gfx/pokemon/pineco/front.png
tools/png_dimensions gfx/pokemon/pineco/front.png gfx/pokemon/pineco/front.dimensions
rgbgfx -c dmg -Weverything -o gfx/pokemon/forretress/front.2bpp gfx/pokemon/forretress/front.png
tools/png_dimensions gfx/pokemon/forretress/front.png gfx/pokemon/forretress/front.dimensions
rgbgfx -c dmg -Weverything -o gfx/pokemon/dunsparce/front.2bpp gfx/pokemon/dunsparce/front.png
tools/png_dimensions gfx/pokemon/dunsparce/front.png gfx/pokemon/dunsparce/front.dimensions
rgbgfx -c dmg -Weverything -o gfx/pokemon/gligar/front.2bpp gfx/pokemon/gligar/front.png
tools/png_dimensions gfx/pokemon/gligar/front.png gfx/pokemon/gligar/front.dimensions
rgbgfx -c dmg -Weverything -o gfx/pokemon/steelix/front.2bpp gfx/pokemon/steelix/front.png
tools/png_dimensions gfx/pokemon/steelix/front.png gfx/pokemon/steelix/front.dimensions
rgbgfx -c dmg -Weverything -o gfx/pokemon/snubbull/front.2bpp gfx/pokemon/snubbull/front.png
tools/png_dimensions gfx/pokemon/snubbull/front.png gfx/pokemon/snubbull/front.dimensions
rgbgfx -c dmg -Weverything -o gfx/pokemon/granbull/front.2bpp gfx/pokemon/granbull/front.png
tools/png_dimensions gfx/pokemon/granbull/front.png gfx/pokemon/granbull/front.dimensions
rgbgfx -c dmg -Weverything -o gfx/pokemon/scizor/front.2bpp gfx/pokemon/scizor/front.png
tools/png_dimensions gfx/pokemon/scizor/front.png gfx/pokemon/scizor/front.dimensions
rgbgfx -c dmg -Weverything -o gfx/pokemon/shuckle/front.2bpp gfx/pokemon/shuckle/front.png
tools/png_dimensions gfx/pokemon/shuckle/front.png gfx/pokemon/shuckle/front.dimensions
rgbgfx -c dmg -Weverything -o gfx/pokemon/heracross/front.2bpp gfx/pokemon/heracross/front.png
tools/png_dimensions gfx/pokemon/heracross/front.png gfx/pokemon/heracross/front.dimensions
rgbgfx -c dmg -Weverything -o gfx/pokemon/teddiursa/front.2bpp gfx/pokemon/teddiursa/front.png
tools/png_dimensions gfx/pokemon/teddiursa/front.png gfx/pokemon/teddiursa/front.dimensions
rgbgfx -c dmg -Weverything -o gfx/pokemon/ursaring/front.2bpp gfx/pokemon/ursaring/front.png
tools/png_dimensions gfx/pokemon/ursaring/front.png gfx/pokemon/ursaring/front.dimensions
rgbgfx -c dmg -Weverything -o gfx/pokemon/slugma/front.2bpp gfx/pokemon/slugma/front.png
tools/png_dimensions gfx/pokemon/slugma/front.png gfx/pokemon/slugma/front.dimensions
rgbgfx -c dmg -Weverything -o gfx/pokemon/magcargo/front.2bpp gfx/pokemon/magcargo/front.png
tools/png_dimensions gfx/pokemon/magcargo/front.png gfx/pokemon/magcargo/front.dimensions
rgbgfx -c dmg -Weverything -o gfx/pokemon/swinub/front.2bpp gfx/pokemon/swinub/front.png
tools/png_dimensions gfx/pokemon/swinub/front.png gfx/pokemon/swinub/front.dimensions
rgbgfx -c dmg -Weverything -o gfx/pokemon/piloswine/front.2bpp gfx/pokemon/piloswine/front.png
tools/png_dimensions gfx/pokemon/piloswine/front.png gfx/pokemon/piloswine/front.dimensions
rgbgfx -c dmg -Weverything -o gfx/pokemon/remoraid/front.2bpp gfx/pokemon/remoraid/front.png
tools/png_dimensions gfx/pokemon/remoraid/front.png gfx/pokemon/remoraid/front.dimensions
rgbgfx -c dmg -Weverything -o gfx/pokemon/octillery/front.2bpp gfx/pokemon/octillery/front.png
tools/png_dimensions gfx/pokemon/octillery/front.png gfx/pokemon/octillery/front.dimensions
rgbgfx -c dmg -Weverything -o gfx/pokemon/delibird/front.2bpp gfx/pokemon/delibird/front.png
tools/png_dimensions gfx/pokemon/delibird/front.png gfx/pokemon/delibird/front.dimensions
rgbgfx -c dmg -Weverything -o gfx/pokemon/mantine/front.2bpp gfx/pokemon/mantine/front.png
tools/png_dimensions gfx/pokemon/mantine/front.png gfx/pokemon/mantine/front.dimensions
rgbgfx -c dmg -Weverything -o gfx/pokemon/skarmory/front.2bpp gfx/pokemon/skarmory/front.png
tools/png_dimensions gfx/pokemon/skarmory/front.png gfx/pokemon/skarmory/front.dimensions
rgbgfx -c dmg -Weverything -o gfx/pokemon/houndour/front.2bpp gfx/pokemon/houndour/front.png
tools/png_dimensions gfx/pokemon/houndour/front.png gfx/pokemon/houndour/front.dimensions
rgbgfx -c dmg -Weverything -o gfx/pokemon/houndoom/front.2bpp gfx/pokemon/houndoom/front.png
tools/png_dimensions gfx/pokemon/houndoom/front.png gfx/pokemon/houndoom/front.dimensions
rgbgfx -c dmg -Weverything -o gfx/pokemon/kingdra/front.2bpp gfx/pokemon/kingdra/front.png
tools/png_dimensions gfx/pokemon/kingdra/front.png gfx/pokemon/kingdra/front.dimensions
rgbgfx -c dmg -Weverything -o gfx/pokemon/phanpy/front.2bpp gfx/pokemon/phanpy/front.png
tools/png_dimensions gfx/pokemon/phanpy/front.png gfx/pokemon/phanpy/front.dimensions
rgbgfx -c dmg -Weverything -o gfx/pokemon/donphan/front.2bpp gfx/pokemon/donphan/front.png
tools/png_dimensions gfx/pokemon/donphan/front.png gfx/pokemon/donphan/front.dimensions
rgbgfx -c dmg -Weverything -o gfx/pokemon/porygon2/front.2bpp gfx/pokemon/porygon2/front.png
tools/png_dimensions gfx/pokemon/porygon2/front.png gfx/pokemon/porygon2/front.dimensions
rgbgfx -c dmg -Weverything -o gfx/pokemon/stantler/front.2bpp gfx/pokemon/stantler/front.png
tools/png_dimensions gfx/pokemon/stantler/front.png gfx/pokemon/stantler/front.dimensions
rgbgfx -c dmg -Weverything -o gfx/pokemon/smeargle/front.2bpp gfx/pokemon/smeargle/front.png
tools/png_dimensions gfx/pokemon/smeargle/front.png gfx/pokemon/smeargle/front.dimensions
rgbgfx -c dmg -Weverything -o gfx/pokemon/tyrogue/front.2bpp gfx/pokemon/tyrogue/front.png
tools/png_dimensions gfx/pokemon/tyrogue/front.png gfx/pokemon/tyrogue/front.dimensions
rgbgfx -c dmg -Weverything -o gfx/pokemon/hitmontop/front.2bpp gfx/pokemon/hitmontop/front.png
tools/png_dimensions gfx/pokemon/hitmontop/front.png gfx/pokemon/hitmontop/front.dimensions
rgbgfx -c dmg -Weverything -o gfx/pokemon/smoochum/front.2bpp gfx/pokemon/smoochum/front.png
tools/png_dimensions gfx/pokemon/smoochum/front.png gfx/pokemon/smoochum/front.dimensions
rgbgfx -c dmg -Weverything -o gfx/pokemon/elekid/front.2bpp gfx/pokemon/elekid/front.png
tools/png_dimensions gfx/pokemon/elekid/front.png gfx/pokemon/elekid/front.dimensions
rgbgfx -c dmg -Weverything -o gfx/pokemon/magby/front.2bpp gfx/pokemon/magby/front.png
tools/png_dimensions gfx/pokemon/magby/front.png gfx/pokemon/magby/front.dimensions
rgbgfx -c dmg -Weverything -o gfx/pokemon/miltank/front.2bpp gfx/pokemon/miltank/front.png
tools/png_dimensions gfx/pokemon/miltank/front.png gfx/pokemon/miltank/front.dimensions
rgbgfx -c dmg -Weverything -o gfx/pokemon/blissey/front.2bpp gfx/pokemon/blissey/front.png
tools/png_dimensions gfx/pokemon/blissey/front.png gfx/pokemon/blissey/front.dimensions
rgbgfx -c dmg -Weverything -o gfx/pokemon/raikou/front.2bpp gfx/pokemon/raikou/front.png
tools/png_dimensions gfx/pokemon/raikou/front.png gfx/pokemon/raikou/front.dimensions
rgbgfx -c dmg -Weverything -o gfx/pokemon/entei/front.2bpp gfx/pokemon/entei/front.png
tools/png_dimensions gfx/pokemon/entei/front.png gfx/pokemon/entei/front.dimensions
rgbgfx -c dmg -Weverything -o gfx/pokemon/suicune/front.2bpp gfx/pokemon/suicune/front.png
tools/png_dimensions gfx/pokemon/suicune/front.png gfx/pokemon/suicune/front.dimensions
rgbgfx -c dmg -Weverything -o gfx/pokemon/larvitar/front.2bpp gfx/pokemon/larvitar/front.png
tools/png_dimensions gfx/pokemon/larvitar/front.png gfx/pokemon/larvitar/front.dimensions
rgbgfx -c dmg -Weverything -o gfx/pokemon/pupitar/front.2bpp gfx/pokemon/pupitar/front.png
tools/png_dimensions gfx/pokemon/pupitar/front.png gfx/pokemon/pupitar/front.dimensions
rgbgfx -c dmg -Weverything -o gfx/pokemon/tyranitar/front.2bpp gfx/pokemon/tyranitar/front.png
tools/png_dimensions gfx/pokemon/tyranitar/front.png gfx/pokemon/tyranitar/front.dimensions
rgbgfx -c dmg -Weverything -o gfx/pokemon/lugia/front.2bpp gfx/pokemon/lugia/front.png
tools/png_dimensions gfx/pokemon/lugia/front.png gfx/pokemon/lugia/front.dimensions
rgbgfx -c dmg -Weverything -o gfx/pokemon/ho_oh/front.2bpp gfx/pokemon/ho_oh/front.png
tools/png_dimensions gfx/pokemon/ho_oh/front.png gfx/pokemon/ho_oh/front.dimensions
rgbgfx -c dmg -Weverything -o gfx/pokemon/celebi/front.2bpp gfx/pokemon/celebi/front.png
tools/png_dimensions gfx/pokemon/celebi/front.png gfx/pokemon/celebi/front.dimensions
rgbgfx -c dmg -Weverything -o gfx/pokemon/azurill/front.2bpp gfx/pokemon/azurill/front.png
tools/png_dimensions gfx/pokemon/azurill/front.png gfx/pokemon/azurill/front.dimensions
rgbgfx -c dmg -Weverything -o gfx/pokemon/wynaut/front.2bpp gfx/pokemon/wynaut/front.png
tools/png_dimensions gfx/pokemon/wynaut/front.png gfx/pokemon/wynaut/front.dimensions
rgbgfx -c dmg -Weverything -o gfx/pokemon/ambipom/front.2bpp gfx/pokemon/ambipom/front.png
tools/png_dimensions gfx/pokemon/ambipom/front.png gfx/pokemon/ambipom/front.dimensions
rgbgfx -c dmg -Weverything -o gfx/pokemon/mismagius/front.2bpp gfx/pokemon/mismagius/front.png
tools/png_dimensions gfx/pokemon/mismagius/front.png gfx/pokemon/mismagius/front.dimensions
rgbgfx -c dmg -Weverything -o gfx/pokemon/honchkrow/front.2bpp gfx/pokemon/honchkrow/front.png
tools/png_dimensions gfx/pokemon/honchkrow/front.png gfx/pokemon/honchkrow/front.dimensions
rgbgfx -c dmg -Weverything -o gfx/pokemon/bonsly/front.2bpp gfx/pokemon/bonsly/front.png
tools/png_dimensions gfx/pokemon/bonsly/front.png gfx/pokemon/bonsly/front.dimensions
rgbgfx -c dmg -Weverything -o gfx/pokemon/mime_jr_/front.2bpp gfx/pokemon/mime_jr_/front.png
tools/png_dimensions gfx/pokemon/mime_jr_/front.png gfx/pokemon/mime_jr_/front.dimensions
rgbgfx -c dmg -Weverything -o gfx/pokemon/happiny/front.2bpp gfx/pokemon/happiny/front.png
tools/png_dimensions gfx/pokemon/happiny/front.png gfx/pokemon/happiny/front.dimensions
rgbgfx -c dmg -Weverything -o gfx/pokemon/munchlax/front.2bpp gfx/pokemon/munchlax/front.png
tools/png_dimensions gfx/pokemon/munchlax/front.png gfx/pokemon/munchlax/front.dimensions
rgbgfx -c dmg -Weverything -o gfx/pokemon/mantyke/front.2bpp gfx/pokemon/mantyke/front.png
tools/png_dimensions gfx/pokemon/mantyke/front.png gfx/pokemon/mantyke/front.dimensions
rgbgfx -c dmg -Weverything -o gfx/pokemon/weavile/front.2bpp gfx/pokemon/weavile/front.png
tools/png_dimensions gfx/pokemon/weavile/front.png gfx/pokemon/weavile/front.dimensions
rgbgfx -c dmg -Weverything -o gfx/pokemon/magnezone/front.2bpp gfx/pokemon/magnezone/front.png
tools/png_dimensions gfx/pokemon/magnezone/front.png gfx/pokemon/magnezone/front.dimensions
rgbgfx -c dmg -Weverything -o gfx/pokemon/lickilicky/front.2bpp gfx/pokemon/lickilicky/front.png
tools/png_dimensions gfx/pokemon/lickilicky/front.png gfx/pokemon/lickilicky/front.dimensions
rgbgfx -c dmg -Weverything -o gfx/pokemon/rhyperior/front.2bpp gfx/pokemon/rhyperior/front.png
tools/png_dimensions gfx/pokemon/rhyperior/front.png gfx/pokemon/rhyperior/front.dimensions
rgbgfx -c dmg -Weverything -o gfx/pokemon/tangrowth/front.2bpp gfx/pokemon/tangrowth/front.png
tools/png_dimensions gfx/pokemon/tangrowth/front.png gfx/pokemon/tangrowth/front.dimensions
rgbgfx -c dmg -Weverything -o gfx/pokemon/electivire/front.2bpp gfx/pokemon/electivire/front.png
tools/png_dimensions gfx/pokemon/electivire/front.png gfx/pokemon/electivire/front.dimensions
rgbgfx -c dmg -Weverything -o gfx/pokemon/magmortar/front.2bpp gfx/pokemon/magmortar/front.png
tools/png_dimensions gfx/pokemon/magmortar/front.png gfx/pokemon/magmortar/front.dimensions
rgbgfx -c dmg -Weverything -o gfx/pokemon/togekiss/front.2bpp gfx/pokemon/togekiss/front.png
tools/png_dimensions gfx/pokemon/togekiss/front.png gfx/pokemon/togekiss/front.dimensions
rgbgfx -c dmg -Weverything -o gfx/pokemon/yanmega/front.2bpp gfx/pokemon/yanmega/front.png
tools/png_dimensions gfx/pokemon/yanmega/front.png gfx/pokemon/yanmega/front.dimensions
rgbgfx -c dmg -Weverything -o gfx/pokemon/leafeon/front.2bpp gfx/pokemon/leafeon/front.png
tools/png_dimensions gfx/pokemon/leafeon/front.png gfx/pokemon/leafeon/front.dimensions
rgbgfx -c dmg -Weverything -o gfx/pokemon/glaceon/front.2bpp gfx/pokemon/glaceon/front.png
tools/png_dimensions gfx/pokemon/glaceon/front.png gfx/pokemon/glaceon/front.dimensions
rgbgfx -c dmg -Weverything -o gfx/pokemon/gliscor/front.2bpp gfx/pokemon/gliscor/front.png
tools/png_dimensions gfx/pokemon/gliscor/front.png gfx/pokemon/gliscor/front.dimensions
rgbgfx -c dmg -Weverything -o gfx/pokemon/mamoswine/front.2bpp gfx/pokemon/mamoswine/front.png
tools/png_dimensions gfx/pokemon/mamoswine/front.png gfx/pokemon/mamoswine/front.dimensions
rgbgfx -c dmg -Weverything -o gfx/pokemon/porygon_z/front.2bpp gfx/pokemon/porygon_z/front.png
tools/png_dimensions gfx/pokemon/porygon_z/front.png gfx/pokemon/porygon_z/front.dimensions
rgbgfx -c dmg -Weverything -o gfx/pokemon/sylveon/front.2bpp gfx/pokemon/sylveon/front.png
tools/png_dimensions gfx/pokemon/sylveon/front.png gfx/pokemon/sylveon/front.dimensions
rgbgfx -c dmg -Weverything -o gfx/pokemon/perrserker/front.2bpp gfx/pokemon/perrserker/front.png
tools/png_dimensions gfx/pokemon/perrserker/front.png gfx/pokemon/perrserker/front.dimensions
rgbgfx -c dmg -Weverything -o gfx/pokemon/cursola/front.2bpp gfx/pokemon/cursola/front.png
tools/png_dimensions gfx/pokemon/cursola/front.png gfx/pokemon/cursola/front.dimensions
rgbgfx -c dmg -Weverything -o gfx/pokemon/sirfetch_d/front.2bpp gfx/pokemon/sirfetch_d/front.png
tools/png_dimensions gfx/pokemon/sirfetch_d/front.png gfx/pokemon/sirfetch_d/front.dimensions
rgbgfx -c dmg -Weverything -o gfx/pokemon/mr__rime/front.2bpp gfx/pokemon/mr__rime/front.png
tools/png_dimensions gfx/pokemon/mr__rime/front.png gfx/pokemon/mr__rime/front.dimensions
rgbgfx -c dmg -Weverything -o gfx/pokemon/wyrdeer/front.2bpp gfx/pokemon/wyrdeer/front.png
tools/png_dimensions gfx/pokemon/wyrdeer/front.png gfx/pokemon/wyrdeer/front.dimensions
rgbgfx -c dmg -Weverything -o gfx/pokemon/kleavor/front.2bpp gfx/pokemon/kleavor/front.png
tools/png_dimensions gfx/pokemon/kleavor/front.png gfx/pokemon/kleavor/front.dimensions
rgbgfx -c dmg -Weverything -o gfx/pokemon/sneasler/front.2bpp gfx/pokemon/sneasler/front.png
tools/png_dimensions gfx/pokemon/sneasler/front.png gfx/pokemon/sneasler/front.dimensions
rgbgfx -c dmg -Weverything -o gfx/pokemon/overqwil/front.2bpp gfx/pokemon/overqwil/front.png
tools/png_dimensions gfx/pokemon/overqwil/front.png gfx/pokemon/overqwil/front.dimensions
rgbgfx -c dmg -Weverything -o gfx/pokemon/farigiraf/front.2bpp gfx/pokemon/farigiraf/front.png
tools/png_dimensions gfx/pokemon/farigiraf/front.png gfx/pokemon/farigiraf/front.dimensions
rgbgfx -c dmg -Weverything -o gfx/pokemon/clodsire/front.2bpp gfx/pokemon/clodsire/front.png
tools/png_dimensions gfx/pokemon/clodsire/front.png gfx/pokemon/clodsire/front.dimensions
rgbgfx -c dmg -Weverything -o gfx/pokemon/annihilape/front.2bpp gfx/pokemon/annihilape/front.png
tools/png_dimensions gfx/pokemon/annihilape/front.png gfx/pokemon/annihilape/front.dimensions
rgbgfx -c dmg -Weverything -o gfx/pokemon/egg/front.2bpp gfx/pokemon/egg/front.png
tools/png_dimensions gfx/pokemon/egg/front.png gfx/pokemon/egg/front.dimensions
rgbgfx -c dmg -Weverything -o gfx/pokemon/unown_a/front.2bpp gfx/pokemon/unown_a/front.png
tools/png_dimensions gfx/pokemon/unown_a/front.png gfx/pokemon/unown_a/front.dimensions
rgbgfx -c dmg -Weverything -o gfx/pokemon/unown_b/front.2bpp gfx/pokemon/unown_b/front.png
tools/png_dimensions gfx/pokemon/unown_b/front.png gfx/pokemon/unown_b/front.dimensions
rgbgfx -c dmg -Weverything -o gfx/pokemon/unown_c/front.2bpp gfx/pokemon/unown_c/front.png
tools/png_dimensions gfx/pokemon/unown_c/front.png gfx/pokemon/unown_c/front.dimensions
rgbgfx -c dmg -Weverything -o gfx/pokemon/unown_d/front.2bpp gfx/pokemon/unown_d/front.png
tools/png_dimensions gfx/pokemon/unown_d/front.png gfx/pokemon/unown_d/front.dimensions
rgbgfx -c dmg -Weverything -o gfx/pokemon/unown_e/front.2bpp gfx/pokemon/unown_e/front.png
tools/png_dimensions gfx/pokemon/unown_e/front.png gfx/pokemon/unown_e/front.dimensions
rgbgfx -c dmg -Weverything -o gfx/pokemon/unown_f/front.2bpp gfx/pokemon/unown_f/front.png
tools/png_dimensions gfx/pokemon/unown_f/front.png gfx/pokemon/unown_f/front.dimensions
rgbgfx -c dmg -Weverything -o gfx/pokemon/unown_g/front.2bpp gfx/pokemon/unown_g/front.png
tools/png_dimensions gfx/pokemon/unown_g/front.png gfx/pokemon/unown_g/front.dimensions
rgbgfx -c dmg -Weverything -o gfx/pokemon/unown_h/front.2bpp gfx/pokemon/unown_h/front.png
tools/png_dimensions gfx/pokemon/unown_h/front.png gfx/pokemon/unown_h/front.dimensions
rgbgfx -c dmg -Weverything -o gfx/pokemon/unown_i/front.2bpp gfx/pokemon/unown_i/front.png
tools/png_dimensions gfx/pokemon/unown_i/front.png gfx/pokemon/unown_i/front.dimensions
rgbgfx -c dmg -Weverything -o gfx/pokemon/unown_j/front.2bpp gfx/pokemon/unown_j/front.png
tools/png_dimensions gfx/pokemon/unown_j/front.png gfx/pokemon/unown_j/front.dimensions
rgbgfx -c dmg -Weverything -o gfx/pokemon/unown_k/front.2bpp gfx/pokemon/unown_k/front.png
tools/png_dimensions gfx/pokemon/unown_k/front.png gfx/pokemon/unown_k/front.dimensions
rgbgfx -c dmg -Weverything -o gfx/pokemon/unown_l/front.2bpp gfx/pokemon/unown_l/front.png
tools/png_dimensions gfx/pokemon/unown_l/front.png gfx/pokemon/unown_l/front.dimensions
rgbgfx -c dmg -Weverything -o gfx/pokemon/unown_m/front.2bpp gfx/pokemon/unown_m/front.png
tools/png_dimensions gfx/pokemon/unown_m/front.png gfx/pokemon/unown_m/front.dimensions
rgbgfx -c dmg -Weverything -o gfx/pokemon/unown_n/front.2bpp gfx/pokemon/unown_n/front.png
tools/png_dimensions gfx/pokemon/unown_n/front.png gfx/pokemon/unown_n/front.dimensions
rgbgfx -c dmg -Weverything -o gfx/pokemon/unown_o/front.2bpp gfx/pokemon/unown_o/front.png
tools/png_dimensions gfx/pokemon/unown_o/front.png gfx/pokemon/unown_o/front.dimensions
rgbgfx -c dmg -Weverything -o gfx/pokemon/unown_p/front.2bpp gfx/pokemon/unown_p/front.png
tools/png_dimensions gfx/pokemon/unown_p/front.png gfx/pokemon/unown_p/front.dimensions
rgbgfx -c dmg -Weverything -o gfx/pokemon/unown_q/front.2bpp gfx/pokemon/unown_q/front.png
tools/png_dimensions gfx/pokemon/unown_q/front.png gfx/pokemon/unown_q/front.dimensions
rgbgfx -c dmg -Weverything -o gfx/pokemon/unown_r/front.2bpp gfx/pokemon/unown_r/front.png
tools/png_dimensions gfx/pokemon/unown_r/front.png gfx/pokemon/unown_r/front.dimensions
rgbgfx -c dmg -Weverything -o gfx/pokemon/unown_s/front.2bpp gfx/pokemon/unown_s/front.png
tools/png_dimensions gfx/pokemon/unown_s/front.png gfx/pokemon/unown_s/front.dimensions
rgbgfx -c dmg -Weverything -o gfx/pokemon/unown_t/front.2bpp gfx/pokemon/unown_t/front.png
tools/png_dimensions gfx/pokemon/unown_t/front.png gfx/pokemon/unown_t/front.dimensions
rgbgfx -c dmg -Weverything -o gfx/pokemon/unown_u/front.2bpp gfx/pokemon/unown_u/front.png
tools/png_dimensions gfx/pokemon/unown_u/front.png gfx/pokemon/unown_u/front.dimensions
rgbgfx -c dmg -Weverything -o gfx/pokemon/unown_v/front.2bpp gfx/pokemon/unown_v/front.png
tools/png_dimensions gfx/pokemon/unown_v/front.png gfx/pokemon/unown_v/front.dimensions
rgbgfx -c dmg -Weverything -o gfx/pokemon/unown_w/front.2bpp gfx/pokemon/unown_w/front.png
tools/png_dimensions gfx/pokemon/unown_w/front.png gfx/pokemon/unown_w/front.dimensions
rgbgfx -c dmg -Weverything -o gfx/pokemon/unown_x/front.2bpp gfx/pokemon/unown_x/front.png
tools/png_dimensions gfx/pokemon/unown_x/front.png gfx/pokemon/unown_x/front.dimensions
rgbgfx -c dmg -Weverything -o gfx/pokemon/unown_y/front.2bpp gfx/pokemon/unown_y/front.png
tools/png_dimensions gfx/pokemon/unown_y/front.png gfx/pokemon/unown_y/front.dimensions
rgbgfx -c dmg -Weverything -o gfx/pokemon/unown_z/front.2bpp gfx/pokemon/unown_z/front.png
tools/png_dimensions gfx/pokemon/unown_z/front.png gfx/pokemon/unown_z/front.dimensions
rgbgfx -c dmg -Weverything -o gfx/pokemon/unown_exclamation/front.2bpp gfx/pokemon/unown_exclamation/front.png
tools/png_dimensions gfx/pokemon/unown_exclamation/front.png gfx/pokemon/unown_exclamation/front.dimensions
rgbgfx -c dmg -Weverything -o gfx/pokemon/unown_question/front.2bpp gfx/pokemon/unown_question/front.png
tools/png_dimensions gfx/pokemon/unown_question/front.png gfx/pokemon/unown_question/front.dimensions
rgbgfx -c dmg -Weverything -o gfx/pokemon/pichu_plain/front.2bpp gfx/pokemon/pichu_plain/front.png
tools/png_dimensions gfx/pokemon/pichu_plain/front.png gfx/pokemon/pichu_plain/front.dimensions
rgbgfx -c dmg -Weverything -o gfx/pokemon/pichu_spiky/front.2bpp gfx/pokemon/pichu_spiky/front.png
tools/png_dimensions gfx/pokemon/pichu_spiky/front.png gfx/pokemon/pichu_spiky/front.dimensions
rgbgfx -c dmg -Weverything -o gfx/pokemon/pikachu_plain/front.2bpp gfx/pokemon/pikachu_plain/front.png
tools/png_dimensions gfx/pokemon/pikachu_plain/front.png gfx/pokemon/pikachu_plain/front.dimensions
rgbgfx -c dmg -Weverything -o gfx/pokemon/pikachu_fly/front.2bpp gfx/pokemon/pikachu_fly/front.png
tools/png_dimensions gfx/pokemon/pikachu_fly/front.png gfx/pokemon/pikachu_fly/front.dimensions
rgbgfx -c dmg -Weverything -o gfx/pokemon/pikachu_surf/front.2bpp gfx/pokemon/pikachu_surf/front.png
tools/png_dimensions gfx/pokemon/pikachu_surf/front.png gfx/pokemon/pikachu_surf/front.dimensions
rgbgfx -c dmg -Weverything -o gfx/pokemon/pikachu_pika/front.2bpp gfx/pokemon/pikachu_pika/front.png
tools/png_dimensions gfx/pokemon/pikachu_pika/front.png gfx/pokemon/pikachu_pika/front.dimensions
rgbgfx -c dmg -Weverything -o gfx/pokemon/pikachu_chuchu/front.2bpp gfx/pokemon/pikachu_chuchu/front.png
tools/png_dimensions gfx/pokemon/pikachu_chuchu/front.png gfx/pokemon/pikachu_chuchu/front.dimensions
rgbgfx -c dmg -Weverything -o gfx/pokemon/pikachu_spark/front.2bpp gfx/pokemon/pikachu_spark/front.png
tools/png_dimensions gfx/pokemon/pikachu_spark/front.png gfx/pokemon/pikachu_spark/front.dimensions
rgbgfx -c dmg -Weverything -o gfx/pokemon/arbok_johto/front.2bpp gfx/pokemon/arbok_johto/front.png
tools/png_dimensions gfx/pokemon/arbok_johto/front.png gfx/pokemon/arbok_johto/front.dimensions
rgbgfx -c dmg -Weverything -o gfx/pokemon/arbok_kanto/front.2bpp gfx/pokemon/arbok_kanto/front.png
tools/png_dimensions gfx/pokemon/arbok_kanto/front.png gfx/pokemon/arbok_kanto/front.dimensions
rgbgfx -c dmg -Weverything -o gfx/pokemon/arbok_orange/front.2bpp gfx/pokemon/arbok_orange/front.png
tools/png_dimensions gfx/pokemon/arbok_orange/front.png gfx/pokemon/arbok_orange/front.dimensions
rgbgfx -c dmg -Weverything -o gfx/pokemon/arbok_koga/front.2bpp gfx/pokemon/arbok_koga/front.png
tools/png_dimensions gfx/pokemon/arbok_koga/front.png gfx/pokemon/arbok_koga/front.dimensions
rgbgfx -c dmg -Weverything -o gfx/pokemon/arbok_agatha/front.2bpp gfx/pokemon/arbok_agatha/front.png
tools/png_dimensions gfx/pokemon/arbok_agatha/front.png gfx/pokemon/arbok_agatha/front.dimensions
rgbgfx -c dmg -Weverything -o gfx/pokemon/arbok_ariana/front.2bpp gfx/pokemon/arbok_ariana/front.png
tools/png_dimensions gfx/pokemon/arbok_ariana/front.png gfx/pokemon/arbok_ariana/front.dimensions
rgbgfx -c dmg -Weverything -o gfx/pokemon/magikarp_plain/front.2bpp gfx/pokemon/magikarp_plain/front.png
tools/png_dimensions gfx/pokemon/magikarp_plain/front.png gfx/pokemon/magikarp_plain/front.dimensions
rgbgfx -c dmg -Weverything -o gfx/pokemon/magikarp_skelly/front.2bpp gfx/pokemon/magikarp_skelly/front.png
tools/png_dimensions gfx/pokemon/magikarp_skelly/front.png gfx/pokemon/magikarp_skelly/front.dimensions
rgbgfx -c dmg -Weverything -o gfx/pokemon/magikarp_calico1/front.2bpp gfx/pokemon/magikarp_calico1/front.png
tools/png_dimensions gfx/pokemon/magikarp_calico1/front.png gfx/pokemon/magikarp_calico1/front.dimensions
rgbgfx -c dmg -Weverything -o gfx/pokemon/magikarp_calico2/front.2bpp gfx/pokemon/magikarp_calico2/front.png
tools/png_dimensions gfx/pokemon/magikarp_calico2/front.png gfx/pokemon/magikarp_calico2/front.dimensions
rgbgfx -c dmg -Weverything -o gfx/pokemon/magikarp_calico3/front.2bpp gfx/pokemon/magikarp_calico3/front.png
tools/png_dimensions gfx/pokemon/magikarp_calico3/front.png gfx/pokemon/magikarp_calico3/front.dimensions
rgbgfx -c dmg -Weverything -o gfx/pokemon/magikarp_twotone/front.2bpp gfx/pokemon/magikarp_twotone/front.png
tools/png_dimensions gfx/pokemon/magikarp_twotone/front.png gfx/pokemon/magikarp_twotone/front.dimensions
rgbgfx -c dmg -Weverything -o gfx/pokemon/magikarp_orca/front.2bpp gfx/pokemon/magikarp_orca/front.png
tools/png_dimensions gfx/pokemon/magikarp_orca/front.png gfx/pokemon/magikarp_orca/front.dimensions
rgbgfx -c dmg -Weverything -o gfx/pokemon/magikarp_dapples/front.2bpp gfx/pokemon/magikarp_dapples/front.png
tools/png_dimensions gfx/pokemon/magikarp_dapples/front.png gfx/pokemon/magikarp_dapples/front.dimensions
rgbgfx -c dmg -Weverything -o gfx/pokemon/magikarp_tiger/front.2bpp gfx/pokemon/magikarp_tiger/front.png
tools/png_dimensions gfx/pokemon/magikarp_tiger/front.png gfx/pokemon/magikarp_tiger/front.dimensions
rgbgfx -c dmg -Weverything -o gfx/pokemon/magikarp_zebra/front.2bpp gfx/pokemon/magikarp_zebra/front.png
tools/png_dimensions gfx/pokemon/magikarp_zebra/front.png gfx/pokemon/magikarp_zebra/front.dimensions
rgbgfx -c dmg -Weverything -o gfx/pokemon/magikarp_stripe/front.2bpp gfx/pokemon/magikarp_stripe/front.png
tools/png_dimensions gfx/pokemon/magikarp_stripe/front.png gfx/pokemon/magikarp_stripe/front.dimensions
rgbgfx -c dmg -Weverything -o gfx/pokemon/magikarp_bubbles/front.2bpp gfx/pokemon/magikarp_bubbles/front.png
tools/png_dimensions gfx/pokemon/magikarp_bubbles/front.png gfx/pokemon/magikarp_bubbles/front.dimensions
rgbgfx -c dmg -Weverything -o gfx/pokemon/magikarp_diamonds/front.2bpp gfx/pokemon/magikarp_diamonds/front.png
tools/png_dimensions gfx/pokemon/magikarp_diamonds/front.png gfx/pokemon/magikarp_diamonds/front.dimensions
rgbgfx -c dmg -Weverything -o gfx/pokemon/magikarp_patches/front.2bpp gfx/pokemon/magikarp_patches/front.png
tools/png_dimensions gfx/pokemon/magikarp_patches/front.png gfx/pokemon/magikarp_patches/front.dimensions
rgbgfx -c dmg -Weverything -o gfx/pokemon/magikarp_forehead1/front.2bpp gfx/pokemon/magikarp_forehead1/front.png
tools/png_dimensions gfx/pokemon/magikarp_forehead1/front.png gfx/pokemon/magikarp_forehead1/front.dimensions
rgbgfx -c dmg -Weverything -o gfx/pokemon/magikarp_mask1/front.2bpp gfx/pokemon/magikarp_mask1/front.png
tools/png_dimensions gfx/pokemon/magikarp_mask1/front.png gfx/pokemon/magikarp_mask1/front.dimensions
rgbgfx -c dmg -Weverything -o gfx/pokemon/magikarp_forehead2/front.2bpp gfx/pokemon/magikarp_forehead2/front.png
tools/png_dimensions gfx/pokemon/magikarp_forehead2/front.png gfx/pokemon/magikarp_forehead2/front.dimensions
rgbgfx -c dmg -Weverything -o gfx/pokemon/magikarp_mask2/front.2bpp gfx/pokemon/magikarp_mask2/front.png
tools/png_dimensions gfx/pokemon/magikarp_mask2/front.png gfx/pokemon/magikarp_mask2/front.dimensions
rgbgfx -c dmg -Weverything -o gfx/pokemon/magikarp_saucy/front.2bpp gfx/pokemon/magikarp_saucy/front.png
tools/png_dimensions gfx/pokemon/magikarp_saucy/front.png gfx/pokemon/magikarp_saucy/front.dimensions
rgbgfx -c dmg -Weverything -o gfx/pokemon/magikarp_raindrop/front.2bpp gfx/pokemon/magikarp_raindrop/front.png
tools/png_dimensions gfx/pokemon/magikarp_raindrop/front.png gfx/pokemon/magikarp_raindrop/front.dimensions
rgbgfx -c dmg -Weverything -o gfx/pokemon/dudunsparce_two_segment/front.2bpp gfx/pokemon/dudunsparce_two_segment/front.png
tools/png_dimensions gfx/pokemon/dudunsparce_two_segment/front.png gfx/pokemon/dudunsparce_two_segment/front.dimensions
rgbgfx -c dmg -Weverything -o gfx/pokemon/dudunsparce_three_segment/front.2bpp gfx/pokemon/dudunsparce_three_segment/front.png
tools/png_dimensions gfx/pokemon/dudunsparce_three_segment/front.png gfx/pokemon/dudunsparce_three_segment/front.dimensions
rgbgfx -c dmg -Weverything -o gfx/pokemon/gyarados_plain/front.2bpp gfx/pokemon/gyarados_plain/front.png
tools/png_dimensions gfx/pokemon/gyarados_plain/front.png gfx/pokemon/gyarados_plain/front.dimensions
rgbgfx -c dmg -Weverything -o gfx/pokemon/gyarados_red/front.2bpp gfx/pokemon/gyarados_red/front.png
tools/png_dimensions gfx/pokemon/gyarados_red/front.png gfx/pokemon/gyarados_red/front.dimensions
rgbgfx -c dmg -Weverything -o gfx/pokemon/mewtwo_plain/front.2bpp gfx/pokemon/mewtwo_plain/front.png
tools/png_dimensions gfx/pokemon/mewtwo_plain/front.png gfx/pokemon/mewtwo_plain/front.dimensions
rgbgfx -c dmg -Weverything -o gfx/pokemon/mewtwo_armored/front.2bpp gfx/pokemon/mewtwo_armored/front.png
tools/png_dimensions gfx/pokemon/mewtwo_armored/front.png gfx/pokemon/mewtwo_armored/front.dimensions
rgbgfx -c dmg -Weverything -o gfx/pokemon/rattata_plain/front.2bpp gfx/pokemon/rattata_plain/front.png
tools/png_dimensions gfx/pokemon/rattata_plain/front.png gfx/pokemon/rattata_plain/front.dimensions
rgbgfx -c dmg -Weverything -o gfx/pokemon/rattata_alolan/front.2bpp gfx/pokemon/rattata_alolan/front.png
tools/png_dimensions gfx/pokemon/rattata_alolan/front.png gfx/pokemon/rattata_alolan/front.dimensions
rgbgfx -c dmg -Weverything -o gfx/pokemon/raticate_plain/front.2bpp gfx/pokemon/raticate_plain/front.png
tools/png_dimensions gfx/pokemon/raticate_plain/front.png gfx/pokemon/raticate_plain/front.dimensions
rgbgfx -c dmg -Weverything -o gfx/pokemon/raticate_alolan/front.2bpp gfx/pokemon/raticate_alolan/front.png
tools/png_dimensions gfx/pokemon/raticate_alolan/front.png gfx/pokemon/raticate_alolan/front.dimensions
rgbgfx -c dmg -Weverything -o gfx/pokemon/raichu_plain/front.2bpp gfx/pokemon/raichu_plain/front.png
tools/png_dimensions gfx/pokemon/raichu_plain/front.png gfx/pokemon/raichu_plain/front.dimensions
rgbgfx -c dmg -Weverything -o gfx/pokemon/raichu_alolan/front.2bpp gfx/pokemon/raichu_alolan/front.png
tools/png_dimensions gfx/pokemon/raichu_alolan/front.png gfx/pokemon/raichu_alolan/front.dimensions
rgbgfx -c dmg -Weverything -o gfx/pokemon/sandshrew_plain/front.2bpp gfx/pokemon/sandshrew_plain/front.png
tools/png_dimensions gfx/pokemon/sandshrew_plain/front.png gfx/pokemon/sandshrew_plain/front.dimensions
rgbgfx -c dmg -Weverything -o gfx/pokemon/sandshrew_alolan/front.2bpp gfx/pokemon/sandshrew_alolan/front.png
tools/png_dimensions gfx/pokemon/sandshrew_alolan/front.png gfx/pokemon/sandshrew_alolan/front.dimensions
rgbgfx -c dmg -Weverything -o gfx/pokemon/sandslash_plain/front.2bpp gfx/pokemon/sandslash_plain/front.png
tools/png_dimensions gfx/pokemon/sandslash_plain/front.png gfx/pokemon/sandslash_plain/front.dimensions
rgbgfx -c dmg -Weverything -o gfx/pokemon/sandslash_alolan/front.2bpp gfx/pokemon/sandslash_alolan/front.png
tools/png_dimensions gfx/pokemon/sandslash_alolan/front.png gfx/pokemon/sandslash_alolan/front.dimensions
rgbgfx -c dmg -Weverything -o gfx/pokemon/vulpix_plain/front.2bpp gfx/pokemon/vulpix_plain/front.png
tools/png_dimensions gfx/pokemon/vulpix_plain/front.png gfx/pokemon/vulpix_plain/front.dimensions
rgbgfx -c dmg -Weverything -o gfx/pokemon/vulpix_alolan/front.2bpp gfx/pokemon/vulpix_alolan/front.png
tools/png_dimensions gfx/pokemon/vulpix_alolan/front.png gfx/pokemon/vulpix_alolan/front.dimensions
rgbgfx -c dmg -Weverything -o gfx/pokemon/ninetales_plain/front.2bpp gfx/pokemon/ninetales_plain/front.png
tools/png_dimensions gfx/pokemon/ninetales_plain/front.png gfx/pokemon/ninetales_plain/front.dimensions
rgbgfx -c dmg -Weverything -o gfx/pokemon/ninetales_alolan/front.2bpp gfx/pokemon/ninetales_alolan/front.png
tools/png_dimensions gfx/pokemon/ninetales_alolan/front.png gfx/pokemon/ninetales_alolan/front.dimensions
rgbgfx -c dmg -Weverything -o gfx/pokemon/diglett_plain/front.2bpp gfx/pokemon/diglett_plain/front.png
tools/png_dimensions gfx/pokemon/diglett_plain/front.png gfx/pokemon/diglett_plain/front.dimensions
rgbgfx -c dmg -Weverything -o gfx/pokemon/diglett_alolan/front.2bpp gfx/pokemon/diglett_alolan/front.png
tools/png_dimensions gfx/pokemon/diglett_alolan/front.png gfx/pokemon/diglett_alolan/front.dimensions
rgbgfx -c dmg -Weverything -o gfx/pokemon/dugtrio_plain/front.2bpp gfx/pokemon/dugtrio_plain/front.png
tools/png_dimensions gfx/pokemon/dugtrio_plain/front.png gfx/pokemon/dugtrio_plain/front.dimensions
rgbgfx -c dmg -Weverything -o gfx/pokemon/dugtrio_alolan/front.2bpp gfx/pokemon/dugtrio_alolan/front.png
tools/png_dimensions gfx/pokemon/dugtrio_alolan/front.png gfx/pokemon/dugtrio_alolan/front.dimensions
rgbgfx -c dmg -Weverything -o gfx/pokemon/meowth_plain/front.2bpp gfx/pokemon/meowth_plain/front.png
tools/png_dimensions gfx/pokemon/meowth_plain/front.png gfx/pokemon/meowth_plain/front.dimensions
rgbgfx -c dmg -Weverything -o gfx/pokemon/meowth_alolan/front.2bpp gfx/pokemon/meowth_alolan/front.png
tools/png_dimensions gfx/pokemon/meowth_alolan/front.png gfx/pokemon/meowth_alolan/front.dimensions
rgbgfx -c dmg -Weverything -o gfx/pokemon/meowth_galarian/front.2bpp gfx/pokemon/meowth_galarian/front.png
tools/png_dimensions gfx/pokemon/meowth_galarian/front.png gfx/pokemon/meowth_galarian/front.dimensions
rgbgfx -c dmg -Weverything -o gfx/pokemon/persian_plain/front.2bpp gfx/pokemon/persian_plain/front.png
tools/png_dimensions gfx/pokemon/persian_plain/front.png gfx/pokemon/persian_plain/front.dimensions
rgbgfx -c dmg -Weverything -o gfx/pokemon/persian_alolan/front.2bpp gfx/pokemon/persian_alolan/front.png
tools/png_dimensions gfx/pokemon/persian_alolan/front.png gfx/pokemon/persian_alolan/front.dimensions
rgbgfx -c dmg -Weverything -o gfx/pokemon/geodude_plain/front.2bpp gfx/pokemon/geodude_plain/front.png
tools/png_dimensions gfx/pokemon/geodude_plain/front.png gfx/pokemon/geodude_plain/front.dimensions
rgbgfx -c dmg -Weverything -o gfx/pokemon/geodude_alolan/front.2bpp gfx/pokemon/geodude_alolan/front.png
tools/png_dimensions gfx/pokemon/geodude_alolan/front.png gfx/pokemon/geodude_alolan/front.dimensions
rgbgfx -c dmg -Weverything -o gfx/pokemon/graveler_plain/front.2bpp gfx/pokemon/graveler_plain/front.png
tools/png_dimensions gfx/pokemon/graveler_plain/front.png gfx/pokemon/graveler_plain/front.dimensions
rgbgfx -c dmg -Weverything -o gfx/pokemon/graveler_alolan/front.2bpp gfx/pokemon/graveler_alolan/front.png
tools/png_dimensions gfx/pokemon/graveler_alolan/front.png gfx/pokemon/graveler_alolan/front.dimensions
rgbgfx -c dmg -Weverything -o gfx/pokemon/golem_plain/front.2bpp gfx/pokemon/golem_plain/front.png
tools/png_dimensions gfx/pokemon/golem_plain/front.png gfx/pokemon/golem_plain/front.dimensions
rgbgfx -c dmg -Weverything -o gfx/pokemon/golem_alolan/front.2bpp gfx/pokemon/golem_alolan/front.png
tools/png_dimensions gfx/pokemon/golem_alolan/front.png gfx/pokemon/golem_alolan/front.dimensions
rgbgfx -c dmg -Weverything -o gfx/pokemon/grimer_plain/front.2bpp gfx/pokemon/grimer_plain/front.png
tools/png_dimensions gfx/pokemon/grimer_plain/front.png gfx/pokemon/grimer_plain/front.dimensions
rgbgfx -c dmg -Weverything -o gfx/pokemon/grimer_alolan/front.2bpp gfx/pokemon/grimer_alolan/front.png
tools/png_dimensions gfx/pokemon/grimer_alolan/front.png gfx/pokemon/grimer_alolan/front.dimensions
rgbgfx -c dmg -Weverything -o gfx/pokemon/muk_plain/front.2bpp gfx/pokemon/muk_plain/front.png
tools/png_dimensions gfx/pokemon/muk_plain/front.png gfx/pokemon/muk_plain/front.dimensions
rgbgfx -c dmg -Weverything -o gfx/pokemon/muk_alolan/front.2bpp gfx/pokemon/muk_alolan/front.png
tools/png_dimensions gfx/pokemon/muk_alolan/front.png gfx/pokemon/muk_alolan/front.dimensions
rgbgfx -c dmg -Weverything -o gfx/pokemon/exeggutor_plain/front.2bpp gfx/pokemon/exeggutor_plain/front.png
tools/png_dimensions gfx/pokemon/exeggutor_plain/front.png gfx/pokemon/exeggutor_plain/front.dimensions
rgbgfx -c dmg -Weverything -o gfx/pokemon/exeggutor_alolan/front.2bpp gfx/pokemon/exeggutor_alolan/front.png
tools/png_dimensions gfx/pokemon/exeggutor_alolan/front.png gfx/pokemon/exeggutor_alolan/front.dimensions
rgbgfx -c dmg -Weverything -o gfx/pokemon/marowak_plain/front.2bpp gfx/pokemon/marowak_plain/front.png
tools/png_dimensions gfx/pokemon/marowak_plain/front.png gfx/pokemon/marowak_plain/front.dimensions
rgbgfx -c dmg -Weverything -o gfx/pokemon/marowak_alolan/front.2bpp gfx/pokemon/marowak_alolan/front.png
tools/png_dimensions gfx/pokemon/marowak_alolan/front.png gfx/pokemon/marowak_alolan/front.dimensions
rgbgfx -c dmg -Weverything -o gfx/pokemon/ponyta_plain/front.2bpp gfx/pokemon/ponyta_plain/front.png
tools/png_dimensions gfx/pokemon/ponyta_plain/front.png gfx/pokemon/ponyta_plain/front.dimensions
rgbgfx -c dmg -Weverything -o gfx/pokemon/ponyta_galarian/front.2bpp gfx/pokemon/ponyta_galarian/front.png
tools/png_dimensions gfx/pokemon/ponyta_galarian/front.png gfx/pokemon/ponyta_galarian/front.dimensions
rgbgfx -c dmg -Weverything -o gfx/pokemon/rapidash_plain/front.2bpp gfx/pokemon/rapidash_plain/front.png
tools/png_dimensions gfx/pokemon/rapidash_plain/front.png gfx/pokemon/rapidash_plain/front.dimensions
rgbgfx -c dmg -Weverything -o gfx/pokemon/rapidash_galarian/front.2bpp gfx/pokemon/rapidash_galarian/front.png
tools/png_dimensions gfx/pokemon/rapidash_galarian/front.png gfx/pokemon/rapidash_galarian/front.dimensions
rgbgfx -c dmg -Weverything -o gfx/pokemon/slowpoke_plain/front.2bpp gfx/pokemon/slowpoke_plain/front.png
tools/png_dimensions gfx/pokemon/slowpoke_plain/front.png gfx/pokemon/slowpoke_plain/front.dimensions
rgbgfx -c dmg -Weverything -o gfx/pokemon/slowpoke_galarian/front.2bpp gfx/pokemon/slowpoke_galarian/front.png
tools/png_dimensions gfx/pokemon/slowpoke_galarian/front.png gfx/pokemon/slowpoke_galarian/front.dimensions
rgbgfx -c dmg -Weverything -o gfx/pokemon/slowbro_plain/front.2bpp gfx/pokemon/slowbro_plain/front.png
tools/png_dimensions gfx/pokemon/slowbro_plain/front.png gfx/pokemon/slowbro_plain/front.dimensions
rgbgfx -c dmg -Weverything -o gfx/pokemon/slowbro_galarian/front.2bpp gfx/pokemon/slowbro_galarian/front.png
tools/png_dimensions gfx/pokemon/slowbro_galarian/front.png gfx/pokemon/slowbro_galarian/front.dimensions
rgbgfx -c dmg -Weverything -o gfx/pokemon/farfetch_d_plain/front.2bpp gfx/pokemon/farfetch_d_plain/front.png
tools/png_dimensions gfx/pokemon/farfetch_d_plain/front.png gfx/pokemon/farfetch_d_plain/front.dimensions
rgbgfx -c dmg -Weverything -o gfx/pokemon/farfetch_d_galarian/front.2bpp gfx/pokemon/farfetch_d_galarian/front.png
tools/png_dimensions gfx/pokemon/farfetch_d_galarian/front.png gfx/pokemon/farfetch_d_galarian/front.dimensions
rgbgfx -c dmg -Weverything -o gfx/pokemon/weezing_plain/front.2bpp gfx/pokemon/weezing_plain/front.png
tools/png_dimensions gfx/pokemon/weezing_plain/front.png gfx/pokemon/weezing_plain/front.dimensions
rgbgfx -c dmg -Weverything -o gfx/pokemon/weezing_galarian/front.2bpp gfx/pokemon/weezing_galarian/front.png
tools/png_dimensions gfx/pokemon/weezing_galarian/front.png gfx/pokemon/weezing_galarian/front.dimensions
rgbgfx -c dmg -Weverything -o gfx/pokemon/mr__mime_plain/front.2bpp gfx/pokemon/mr__mime_plain/front.png
tools/png_dimensions gfx/pokemon/mr__mime_plain/front.png gfx/pokemon/mr__mime_plain/front.dimensions
rgbgfx -c dmg -Weverything -o gfx/pokemon/mr__mime_galarian/front.2bpp gfx/pokemon/mr__mime_galarian/front.png
tools/png_dimensions gfx/pokemon/mr__mime_galarian/front.png gfx/pokemon/mr__mime_galarian/front.dimensions
rgbgfx -c dmg -Weverything -o gfx/pokemon/articuno_plain/front.2bpp gfx/pokemon/articuno_plain/front.png
tools/png_dimensions gfx/pokemon/articuno_plain/front.png gfx/pokemon/articuno_plain/front.dimensions
rgbgfx -c dmg -Weverything -o gfx/pokemon/articuno_galarian/front.2bpp gfx/pokemon/articuno_galarian/front.png
tools/png_dimensions gfx/pokemon/articuno_galarian/front.png gfx/pokemon/articuno_galarian/front.dimensions
rgbgfx -c dmg -Weverything -o gfx/pokemon/zapdos_plain/front.2bpp gfx/pokemon/zapdos_plain/front.png
tools/png_dimensions gfx/pokemon/zapdos_plain/front.png gfx/pokemon/zapdos_plain/front.dimensions
rgbgfx -c dmg -Weverything -o gfx/pokemon/zapdos_galarian/front.2bpp gfx/pokemon/zapdos_galarian/front.png
tools/png_dimensions gfx/pokemon/zapdos_galarian/front.png gfx/pokemon/zapdos_galarian/front.dimensions
rgbgfx -c dmg -Weverything -o gfx/pokemon/moltres_plain/front.2bpp gfx/pokemon/moltres_plain/front.png
tools/png_dimensions gfx/pokemon/moltres_plain/front.png gfx/pokemon/moltres_plain/front.dimensions
rgbgfx -c dmg -Weverything -o gfx/pokemon/moltres_galarian/front.2bpp gfx/pokemon/moltres_galarian/front.png
tools/png_dimensions gfx/pokemon/moltres_galarian/front.png gfx/pokemon/moltres_galarian/front.dimensions
rgbgfx -c dmg -Weverything -o gfx/pokemon/slowking_plain/front.2bpp gfx/pokemon/slowking_plain/front.png
tools/png_dimensions gfx/pokemon/slowking_plain/front.png gfx/pokemon/slowking_plain/front.dimensions
rgbgfx -c dmg -Weverything -o gfx/pokemon/slowking_galarian/front.2bpp gfx/pokemon/slowking_galarian/front.png
tools/png_dimensions gfx/pokemon/slowking_galarian/front.png gfx/pokemon/slowking_galarian/front.dimensions
rgbgfx -c dmg -Weverything -o gfx/pokemon/corsola_plain/front.2bpp gfx/pokemon/corsola_plain/front.png
tools/png_dimensions gfx/pokemon/corsola_plain/front.png gfx/pokemon/corsola_plain/front.dimensions
rgbgfx -c dmg -Weverything -o gfx/pokemon/corsola_galarian/front.2bpp gfx/pokemon/corsola_galarian/front.png
tools/png_dimensions gfx/pokemon/corsola_galarian/front.png gfx/pokemon/corsola_galarian/front.dimensions
rgbgfx -c dmg -Weverything -o gfx/pokemon/growlithe_plain/front.2bpp gfx/pokemon/growlithe_plain/front.png
tools/png_dimensions gfx/pokemon/growlithe_plain/front.png gfx/pokemon/growlithe_plain/front.dimensions
rgbgfx -c dmg -Weverything -o gfx/pokemon/growlithe_hisuian/front.2bpp gfx/pokemon/growlithe_hisuian/front.png
tools/png_dimensions gfx/pokemon/growlithe_hisuian/front.png gfx/pokemon/growlithe_hisuian/front.dimensions
rgbgfx -c dmg -Weverything -o gfx/pokemon/arcanine_plain/front.2bpp gfx/pokemon/arcanine_plain/front.png
tools/png_dimensions gfx/pokemon/arcanine_plain/front.png gfx/pokemon/arcanine_plain/front.dimensions
rgbgfx -c dmg -Weverything -o gfx/pokemon/arcanine_hisuian/front.2bpp gfx/pokemon/arcanine_hisuian/front.png
tools/png_dimensions gfx/pokemon/arcanine_hisuian/front.png gfx/pokemon/arcanine_hisuian/front.dimensions
rgbgfx -c dmg -Weverything -o gfx/pokemon/voltorb_plain/front.2bpp gfx/pokemon/voltorb_plain/front.png
tools/png_dimensions gfx/pokemon/voltorb_plain/front.png gfx/pokemon/voltorb_plain/front.dimensions
rgbgfx -c dmg -Weverything -o gfx/pokemon/voltorb_hisuian/front.2bpp gfx/pokemon/voltorb_hisuian/front.png
tools/png_dimensions gfx/pokemon/voltorb_hisuian/front.png gfx/pokemon/voltorb_hisuian/front.dimensions
rgbgfx -c dmg -Weverything -o gfx/pokemon/electrode_plain/front.2bpp gfx/pokemon/electrode_plain/front.png
tools/png_dimensions gfx/pokemon/electrode_plain/front.png gfx/pokemon/electrode_plain/front.dimensions
rgbgfx -c dmg -Weverything -o gfx/pokemon/electrode_hisuian/front.2bpp gfx/pokemon/electrode_hisuian/front.png
tools/png_dimensions gfx/pokemon/electrode_hisuian/front.png gfx/pokemon/electrode_hisuian/front.dimensions
rgbgfx -c dmg -Weverything -o gfx/pokemon/typhlosion_plain/front.2bpp gfx/pokemon/typhlosion_plain/front.png
tools/png_dimensions gfx/pokemon/typhlosion_plain/front.png gfx/pokemon/typhlosion_plain/front.dimensions
rgbgfx -c dmg -Weverything -o gfx/pokemon/typhlosion_hisuian/front.2bpp gfx/pokemon/typhlosion_hisuian/front.png
tools/png_dimensions gfx/pokemon/typhlosion_hisuian/front.png gfx/pokemon/typhlosion_hisuian/front.dimensions
rgbgfx -c dmg -Weverything -o gfx/pokemon/qwilfish_plain/front.2bpp gfx/pokemon/qwilfish_plain/front.png
tools/png_dimensions gfx/pokemon/qwilfish_plain/front.png gfx/pokemon/qwilfish_plain/front.dimensions
rgbgfx -c dmg -Weverything -o gfx/pokemon/qwilfish_hisuian/front.2bpp gfx/pokemon/qwilfish_hisuian/front.png
tools/png_dimensions gfx/pokemon/qwilfish_hisuian/front.png gfx/pokemon/qwilfish_hisuian/front.dimensions
rgbgfx -c dmg -Weverything -o gfx/pokemon/sneasel_plain/front.2bpp gfx/pokemon/sneasel_plain/front.png
tools/png_dimensions gfx/pokemon/sneasel_plain/front.png gfx/pokemon/sneasel_plain/front.dimensions
rgbgfx -c dmg -Weverything -o gfx/pokemon/sneasel_hisuian/front.2bpp gfx/pokemon/sneasel_hisuian/front.png
tools/png_dimensions gfx/pokemon/sneasel_hisuian/front.png gfx/pokemon/sneasel_hisuian/front.dimensions
rgbgfx -c dmg -Weverything -o gfx/pokemon/wooper_plain/front.2bpp gfx/pokemon/wooper_plain/front.png
tools/png_dimensions gfx/pokemon/wooper_plain/front.png gfx/pokemon/wooper_plain/front.dimensions
rgbgfx -c dmg -Weverything -o gfx/pokemon/wooper_paldean/front.2bpp gfx/pokemon/wooper_paldean/front.png
tools/png_dimensions gfx/pokemon/wooper_paldean/front.png gfx/pokemon/wooper_paldean/front.dimensions
rgbgfx -c dmg -Weverything -o gfx/pokemon/tauros_plain/front.2bpp gfx/pokemon/tauros_plain/front.png
tools/png_dimensions gfx/pokemon/tauros_plain/front.png gfx/pokemon/tauros_plain/front.dimensions
rgbgfx -c dmg -Weverything -o gfx/pokemon/tauros_paldean/front.2bpp gfx/pokemon/tauros_paldean/front.png
tools/png_dimensions gfx/pokemon/tauros_paldean/front.png gfx/pokemon/tauros_paldean/front.dimensions
rgbgfx -c dmg -Weverything -o gfx/pokemon/tauros_paldean_fire/front.2bpp gfx/pokemon/tauros_paldean_fire/front.png
tools/png_dimensions gfx/pokemon/tauros_paldean_fire/front.png gfx/pokemon/tauros_paldean_fire/front.dimensions
rgbgfx -c dmg -Weverything -o gfx/pokemon/tauros_paldean_water/front.2bpp gfx/pokemon/tauros_paldean_water/front.png
tools/png_dimensions gfx/pokemon/tauros_paldean_water/front.png gfx/pokemon/tauros_paldean_water/front.dimensions
rgbgfx -c dmg -Weverything -o gfx/pokemon/ursaluna_plain/front.2bpp gfx/pokemon/ursaluna_plain/front.png
tools/png_dimensions gfx/pokemon/ursaluna_plain/front.png gfx/pokemon/ursaluna_plain/front.dimensions
rgbgfx -c dmg -Weverything -o gfx/pokemon/ursaluna_bloodmoon/front.2bpp gfx/pokemon/ursaluna_bloodmoon/front.png
tools/png_dimensions gfx/pokemon/ursaluna_bloodmoon/front.png gfx/pokemon/ursaluna_bloodmoon/front.dimensions
rgbgfx -c dmg -Weverything -o gfx/card_flip/card_flip_3.2bpp gfx/card_flip/card_flip_3.png
rgbgfx -c dmg -Weverything -o gfx/card_flip/off_button.2bpp gfx/card_flip/off_button.png
rgbgfx -c dmg -Weverything -o gfx/card_flip/on_button.2bpp gfx/card_flip/on_button.png
rgbgfx -c dmg -Weverything -o gfx/card_flip/card_flip_1.2bpp gfx/card_flip/card_flip_1.png
rgbgfx -c dmg -Weverything -o gfx/card_flip/card_flip_2.2bpp gfx/card_flip/card_flip_2.png
rgbgfx -c dmg -Weverything -d1 -o gfx/unown_puzzle/tile_borders.1bpp gfx/unown_puzzle/tile_borders.png
tools/gfx --trim-whitespace -o gfx/card_flip/card_flip_1.2bpp gfx/card_flip/card_flip_1.2bpp
rgbgfx -c dmg -Weverything -d1 -o gfx/unown_puzzle/cursor.1bpp gfx/unown_puzzle/cursor.png
tools/gfx --remove-whitespace -o gfx/card_flip/card_flip_2.2bpp gfx/card_flip/card_flip_2.2bpp
rgbgfx -c dmg -Weverything -o gfx/unown_puzzle/start_cancel.2bpp gfx/unown_puzzle/start_cancel.png
rgbgfx -c dmg -Weverything -o gfx/unown_puzzle/hooh.2bpp gfx/unown_puzzle/hooh.png
rgbgfx -c dmg -Weverything -o gfx/unown_puzzle/aerodactyl.2bpp gfx/unown_puzzle/aerodactyl.png
rgbgfx -c dmg -Weverything -o gfx/unown_puzzle/kabuto.2bpp gfx/unown_puzzle/kabuto.png
rgbgfx -c dmg -Weverything -o gfx/unown_puzzle/omanyte.2bpp gfx/unown_puzzle/omanyte.png
rgbgfx -c dmg -Weverything -d1 -o gfx/splash/logo1.1bpp gfx/splash/logo1.png
rgbgfx -c dmg -Weverything -d1 -o gfx/splash/logo2.1bpp gfx/splash/logo2.png
rgbgfx -c dmg -Weverything -o gfx/splash/ditto.2bpp gfx/splash/ditto.png
rgbgfx -c dmg -Weverything -o gfx/intro/suicune_run.2bpp gfx/intro/suicune_run.png
rgbgfx -c dmg -Weverything -o gfx/intro/pichu_wooper.2bpp gfx/intro/pichu_wooper.png
tools/lzpcompress -- gfx/intro/003.tilemap gfx/intro/003.tilemap.lzp
rgbgfx -c dmg -Weverything -o gfx/intro/background.2bpp gfx/intro/background.png
tools/lzpcompress -- gfx/intro/004.tilemap gfx/intro/004.tilemap.lzp
rgbgfx -c dmg -Weverything -o gfx/intro/unowns.2bpp gfx/intro/unowns.png
rgbgfx -c dmg -Weverything -o gfx/intro/pulse.2bpp gfx/intro/pulse.png
tools/lzpcompress -- gfx/intro/002.tilemap gfx/intro/002.tilemap.lzp
tools/lzpcompress -- gfx/intro/001.tilemap gfx/intro/001.tilemap.lzp
tools/lzpcompress -- gfx/intro/006.tilemap gfx/intro/006.tilemap.lzp
tools/lzpcompress -- gfx/intro/005.tilemap gfx/intro/005.tilemap.lzp
tools/lzpcompress -- gfx/intro/008.tilemap gfx/intro/008.tilemap.lzp
tools/lzpcompress -- gfx/intro/007.tilemap gfx/intro/007.tilemap.lzp
rgbgfx -c dmg -Weverything -o gfx/intro/crystal_unowns.2bpp gfx/intro/crystal_unowns.png
tools/lzpcompress -- gfx/intro/017.tilemap gfx/intro/017.tilemap.lzp
tools/lzpcompress -- gfx/intro/015.tilemap gfx/intro/015.tilemap.lzp
rgbgfx -c dmg -Weverything -o gfx/intro/suicune_close.2bpp gfx/intro/suicune_close.png
tools/lzpcompress -- gfx/intro/012.tilemap gfx/intro/012.tilemap.lzp
tools/lzpcompress -- gfx/intro/011.tilemap gfx/intro/011.tilemap.lzp
rgbgfx -c dmg -Weverything -o gfx/intro/suicune_jump.2bpp gfx/intro/suicune_jump.png
rgbgfx -c dmg -Weverything -o gfx/intro/suicune_back.2bpp gfx/intro/suicune_back.png
tools/lzpcompress -- gfx/intro/010.tilemap gfx/intro/010.tilemap.lzp
tools/lzpcompress -- gfx/intro/009.tilemap gfx/intro/009.tilemap.lzp
tools/lzpcompress -- gfx/intro/014.tilemap gfx/intro/014.tilemap.lzp
tools/lzpcompress -- gfx/intro/013.tilemap gfx/intro/013.tilemap.lzp
rgbgfx -c dmg -Weverything -o gfx/intro/unown_back.2bpp gfx/intro/unown_back.png
rgbgfx -c dmg -Weverything -o gfx/intro/grass1.2bpp gfx/intro/grass1.png
rgbgfx -c dmg -Weverything -o gfx/intro/grass2.2bpp gfx/intro/grass2.png
rgbgfx -c dmg -Weverything -o gfx/intro/grass3.2bpp gfx/intro/grass3.png
rgbgfx -c dmg -Weverything -o gfx/intro/grass4.2bpp gfx/intro/grass4.png
rgbgfx -c dmg -Weverything -o gfx/options/edge.2bpp gfx/options/edge.png
rgbgfx -c dmg -Weverything -o gfx/tilesets/animations/fountain.2bpp gfx/tilesets/animations/fountain.png
rgbgfx -c dmg -Weverything -o gfx/tilesets/animations/water_johto.2bpp gfx/tilesets/animations/water_johto.png
rgbgfx -c dmg -Weverything -o gfx/tilesets/animations/water_cave.2bpp gfx/tilesets/animations/water_cave.png
rgbgfx -c dmg -Weverything -o gfx/tilesets/animations/rocks.2bpp gfx/tilesets/animations/rocks.png
rgbgfx -c dmg -Weverything -o gfx/tilesets/animations/buoy.2bpp gfx/tilesets/animations/buoy.png
rgbgfx -c dmg -Weverything -o gfx/tilesets/animations/buoy_kanto.2bpp gfx/tilesets/animations/buoy_kanto.png
rgbgfx -c dmg -Weverything -o gfx/tilesets/animations/rain.2bpp gfx/tilesets/animations/rain.png
rgbgfx -c dmg -Weverything -o gfx/tilesets/animations/water_kanto.2bpp gfx/tilesets/animations/water_kanto.png
rgbgfx -c dmg -Weverything -o gfx/tilesets/animations/water_faraway.2bpp gfx/tilesets/animations/water_faraway.png
rgbgfx -c dmg -Weverything -o gfx/tilesets/animations/turbine.2bpp gfx/tilesets/animations/turbine.png
rgbgfx -c dmg -Weverything -o gfx/tilesets/animations/flower_johto.2bpp gfx/tilesets/animations/flower_johto.png
rgbgfx -c dmg -Weverything -o gfx/tilesets/animations/flower_kanto.2bpp gfx/tilesets/animations/flower_kanto.png
rgbgfx -c dmg -Weverything -o gfx/tilesets/animations/lava.2bpp gfx/tilesets/animations/lava.png
rgbgfx -c dmg -Weverything -o gfx/tilesets/animations/whirlpool.2bpp gfx/tilesets/animations/whirlpool.png
rgbgfx -c dmg -Weverything -o gfx/tilesets/animations/waterfall.2bpp gfx/tilesets/animations/waterfall.png
rgbgfx -c dmg -Weverything -o gfx/tilesets/animations/game_corner.2bpp gfx/tilesets/animations/game_corner.png
rgbgfx -c dmg -Weverything --unique-tiles --nb-tiles 127,127 --base-tiles 0,128 -t gfx/title/suicune_unowns.tilemap gfx/title/suicune_unowns.png
rgbgfx -c dmg -Weverything --unique-tiles --nb-tiles 127,127 --base-tiles 0,128 -o gfx/title/suicune_unowns.2bpp gfx/title/suicune_unowns.png
rgbgfx -c dmg -Weverything -o gfx/title/logo.2bpp gfx/title/logo.png
tools/fine_print -e 20 '@2026 RANGI42 v3.2.3' gfx/title/version.2bpp
rgbgfx -c dmg -Weverything -o gfx/title/crystal.2bpp gfx/title/crystal.png
rgbgfx -c dmg -Weverything -o gfx/diploma/diploma.2bpp gfx/diploma/diploma.png
tools/lzpcompress -- gfx/diploma/page1.tilemap gfx/diploma/page1.tilemap.lzp
tools/lzpcompress -- gfx/diploma/page2.tilemap gfx/diploma/page2.tilemap.lzp
rgbgfx -c dmg -Weverything -o gfx/type_chart/bg.2bpp gfx/type_chart/bg.png
tools/gfx --interleave --png=gfx/title/crystal.png -o gfx/title/crystal.2bpp gfx/title/crystal.2bpp
rgbgfx -c dmg -Weverything -o gfx/type_chart/ob.2bpp gfx/type_chart/ob.png
tools/gfx --remove-duplicates --remove-xflip --remove-yflip -o gfx/type_chart/bg.2bpp gfx/type_chart/bg.2bpp
tools/lzpcompress -- gfx/type_chart/type_chart.tilemap gfx/type_chart/type_chart.tilemap.lzp
tools/gfx --interleave --png=gfx/type_chart/ob.png -o gfx/type_chart/ob.2bpp gfx/type_chart/ob.2bpp
tools/lzpcompress -- gfx/type_chart/type_chart.attrmap gfx/type_chart/type_chart.attrmap.lzp
tools/vwf -w gfx/font/space.vwf.widths gfx/font/space.2bpp
rgbgfx -c dmg -Weverything -o gfx/font/vwf.2bpp gfx/font/vwf.png
rgbasm -o rgbdscheck.o rgbdscheck.asm
rgbgfx -c dmg -Weverything -o gfx/music_player/bg.2bpp gfx/music_player/bg.png
tools/gfx --trim-whitespace -o gfx/music_player/bg.2bpp gfx/music_player/bg.2bpp
rgbgfx -c dmg -Weverything -o gfx/music_player/ob.2bpp gfx/music_player/ob.png
rgbasm -DLOCALE_ZH -Weverything -Wtruncation=1 -E -Q8 -P includes.asm -o data/pokemon/dex_entries.o data/pokemon/dex_entries.asm
rgbasm -DLOCALE_ZH -Weverything -Wtruncation=1 -E -Q8 -P includes.asm -o data/pokemon/egg_moves.o data/pokemon/egg_moves.asm
rgbasm -DLOCALE_ZH -Weverything -Wtruncation=1 -E -Q8 -P includes.asm -o data/pokemon/evos_attacks.o data/pokemon/evos_attacks.asm
tools/lzpcompress -- maps/JohtoPokeCenter1F.ablk maps/JohtoPokeCenter1F.ablk.lzp
tools/lzpcompress -- maps/JohtoPokeCenter2F.ablk maps/JohtoPokeCenter2F.ablk.lzp
tools/lzpcompress -- maps/KantoPokeCenter1F.ablk maps/KantoPokeCenter1F.ablk.lzp
tools/lzpcompress -- maps/KantoPokeCenter2F.ablk maps/KantoPokeCenter2F.ablk.lzp
tools/lzpcompress -- maps/Mart.ablk maps/Mart.ablk.lzp
tools/lzpcompress -- maps/NorthSouthGate.ablk maps/NorthSouthGate.ablk.lzp
tools/lzpcompress -- maps/KantoNorthSouthGate.ablk maps/KantoNorthSouthGate.ablk.lzp
tools/lzpcompress -- maps/KantoNorthSouthGate1F.ablk maps/KantoNorthSouthGate1F.ablk.lzp
tools/lzpcompress -- maps/EastWestGate.ablk maps/EastWestGate.ablk.lzp
tools/lzpcompress -- maps/KantoEastWestGate.ablk maps/KantoEastWestGate.ablk.lzp
tools/lzpcompress -- maps/KantoEastWestGate1F.ablk maps/KantoEastWestGate1F.ablk.lzp
tools/lzpcompress -- maps/KantoGate2F.ablk maps/KantoGate2F.ablk.lzp
tools/lzpcompress -- maps/JohtoHouse1.ablk maps/JohtoHouse1.ablk.lzp
tools/lzpcompress -- maps/House2.ablk maps/House2.ablk.lzp
tools/lzpcompress -- maps/JohtoHouse3.ablk maps/JohtoHouse3.ablk.lzp
tools/lzpcompress -- maps/JohtoHouse4.ablk maps/JohtoHouse4.ablk.lzp
tools/lzpcompress -- maps/TraditionalHouse.ablk maps/TraditionalHouse.ablk.lzp
tools/lzpcompress -- maps/KantoHouse1.ablk maps/KantoHouse1.ablk.lzp
tools/lzpcompress -- maps/KantoHouse3.ablk maps/KantoHouse3.ablk.lzp
tools/lzpcompress -- maps/KantoHouse4.ablk maps/KantoHouse4.ablk.lzp
tools/lzpcompress -- maps/TradeCenter.ablk maps/TradeCenter.ablk.lzp
tools/lzpcompress -- maps/Colosseum.ablk maps/Colosseum.ablk.lzp
tools/lzpcompress -- maps/HiddenTreeGrotto.ablk maps/HiddenTreeGrotto.ablk.lzp
tools/lzpcompress -- maps/HiddenCaveGrotto.ablk maps/HiddenCaveGrotto.ablk.lzp
tools/lzpcompress -- maps/PlayersHouse1F.ablk maps/PlayersHouse1F.ablk.lzp
tools/lzpcompress -- maps/PlayersHouse2F.ablk maps/PlayersHouse2F.ablk.lzp
tools/lzpcompress -- maps/ElmsLab.ablk maps/ElmsLab.ablk.lzp
tools/lzpcompress -- maps/NewBarkTown.ablk maps/NewBarkTown.ablk.lzp
tools/lzpcompress -- maps/LyrasHouse1F.ablk maps/LyrasHouse1F.ablk.lzp
tools/lzpcompress -- maps/LyrasHouse2F.ablk maps/LyrasHouse2F.ablk.lzp
tools/lzpcompress -- maps/ElmsHouse.ablk maps/ElmsHouse.ablk.lzp
tools/lzpcompress -- maps/CherrygroveCity.ablk maps/CherrygroveCity.ablk.lzp
tools/lzpcompress -- maps/MrPokemonsHouse.ablk maps/MrPokemonsHouse.ablk.lzp
tools/lzpcompress -- maps/CherrygroveBay.ablk maps/CherrygroveBay.ablk.lzp
tools/lzpcompress -- maps/CherrygroveTrainTrackDual.ablk maps/CherrygroveTrainTrackDual.ablk.lzp
tools/lzpcompress -- maps/Route32Coast.ablk maps/Route32Coast.ablk.lzp
tools/lzpcompress -- maps/DarkCaveVioletEntrance.ablk maps/DarkCaveVioletEntrance.ablk.lzp
tools/lzpcompress -- maps/DarkCaveBlackthornEntrance.ablk maps/DarkCaveBlackthornEntrance.ablk.lzp
tools/lzpcompress -- maps/VioletGym.ablk maps/VioletGym.ablk.lzp
tools/lzpcompress -- maps/VioletCity.ablk maps/VioletCity.ablk.lzp
tools/lzpcompress -- maps/EarlsPokemonAcademy.ablk maps/EarlsPokemonAcademy.ablk.lzp
tools/lzpcompress -- maps/SproutTower1F.ablk maps/SproutTower1F.ablk.lzp
tools/lzpcompress -- maps/SproutTower2F.ablk maps/SproutTower2F.ablk.lzp
tools/lzpcompress -- maps/SproutTower3F.ablk maps/SproutTower3F.ablk.lzp
tools/lzpcompress -- maps/VioletOutskirts.ablk maps/VioletOutskirts.ablk.lzp
tools/lzpcompress -- maps/RuinsOfAlphOutside.ablk maps/RuinsOfAlphOutside.ablk.lzp
tools/lzpcompress -- maps/RuinsOfAlphResearchCenter.ablk maps/RuinsOfAlphResearchCenter.ablk.lzp
tools/lzpcompress -- maps/RuinsOfAlphEntranceChamber.ablk maps/RuinsOfAlphEntranceChamber.ablk.lzp
tools/lzpcompress -- maps/RuinsOfAlphInnerChamber.ablk maps/RuinsOfAlphInnerChamber.ablk.lzp
tools/lzpcompress -- maps/RuinsOfAlphSinjohChamber.ablk maps/RuinsOfAlphSinjohChamber.ablk.lzp
tools/lzpcompress -- maps/RuinsOfAlphPuzzleChamber.ablk maps/RuinsOfAlphPuzzleChamber.ablk.lzp
tools/lzpcompress -- maps/RuinsOfAlphItemRoom.ablk maps/RuinsOfAlphItemRoom.ablk.lzp
tools/lzpcompress -- maps/RuinsOfAlphAerodactylWordRoom.ablk maps/RuinsOfAlphAerodactylWordRoom.ablk.lzp
tools/lzpcompress -- maps/RuinsOfAlphHoOhWordRoom.ablk maps/RuinsOfAlphHoOhWordRoom.ablk.lzp
tools/lzpcompress -- maps/RuinsOfAlphKabutoWordRoom.ablk maps/RuinsOfAlphKabutoWordRoom.ablk.lzp
tools/lzpcompress -- maps/RuinsOfAlphOmanyteWordRoom.ablk maps/RuinsOfAlphOmanyteWordRoom.ablk.lzp
tools/lzpcompress -- maps/SinjohRuins.ablk maps/SinjohRuins.ablk.lzp
tools/lzpcompress -- maps/MystriStage.ablk maps/MystriStage.ablk.lzp
tools/lzpcompress -- maps/SinjohRuinsHouse.ablk maps/SinjohRuinsHouse.ablk.lzp
tools/lzpcompress -- maps/UnionCave1F.ablk maps/UnionCave1F.ablk.lzp
tools/lzpcompress -- maps/UnionCaveB1FNorth.ablk maps/UnionCaveB1FNorth.ablk.lzp
tools/lzpcompress -- maps/UnionCaveB1FSouth.ablk maps/UnionCaveB1FSouth.ablk.lzp
tools/lzpcompress -- maps/UnionCaveB2F.ablk maps/UnionCaveB2F.ablk.lzp
tools/lzpcompress -- maps/AzaleaGym.ablk maps/AzaleaGym.ablk.lzp
tools/lzpcompress -- maps/AzaleaTown.ablk maps/AzaleaTown.ablk.lzp
tools/lzpcompress -- maps/AzaleaTownRaining.ablk maps/AzaleaTownRaining.ablk.lzp
tools/lzpcompress -- maps/CharcoalKiln.ablk maps/CharcoalKiln.ablk.lzp
tools/lzpcompress -- maps/KurtsHouse.ablk maps/KurtsHouse.ablk.lzp
tools/lzpcompress -- maps/SlowpokeWellEntrance.ablk maps/SlowpokeWellEntrance.ablk.lzp
tools/lzpcompress -- maps/SlowpokeWellB1F.ablk maps/SlowpokeWellB1F.ablk.lzp
tools/lzpcompress -- maps/SlowpokeWellB2F.ablk maps/SlowpokeWellB2F.ablk.lzp
tools/lzpcompress -- maps/IlexForest.ablk maps/IlexForest.ablk.lzp
tools/lzpcompress -- maps/MurkySwamp.ablk maps/MurkySwamp.ablk.lzp
tools/lzpcompress -- maps/StormyBeach.ablk maps/StormyBeach.ablk.lzp
tools/lzpcompress -- maps/Route34Coast.ablk maps/Route34Coast.ablk.lzp
tools/lzpcompress -- maps/GoldenrodPokecomCenter1F.ablk maps/GoldenrodPokecomCenter1F.ablk.lzp
tools/lzpcompress -- maps/GoldenrodPokecomCenterOffice.ablk maps/GoldenrodPokecomCenterOffice.ablk.lzp
tools/lzpcompress -- maps/GoldenrodGym.ablk maps/GoldenrodGym.ablk.lzp
tools/lzpcompress -- maps/GoldenrodCity.ablk maps/GoldenrodCity.ablk.lzp
tools/lzpcompress -- maps/GoldenrodBikeShop.ablk maps/GoldenrodBikeShop.ablk.lzp
tools/lzpcompress -- maps/GoldenrodFlowerShop.ablk maps/GoldenrodFlowerShop.ablk.lzp
tools/lzpcompress -- maps/GoldenrodGameCorner.ablk maps/GoldenrodGameCorner.ablk.lzp
tools/lzpcompress -- maps/GoldenrodMagnetTrainStation.ablk maps/GoldenrodMagnetTrainStation.ablk.lzp
tools/lzpcompress -- maps/DayCare.ablk maps/DayCare.ablk.lzp
tools/lzpcompress -- maps/GoldenrodHarbor.ablk maps/GoldenrodHarbor.ablk.lzp
tools/lzpcompress -- maps/GoldenrodDeptStore1F.ablk maps/GoldenrodDeptStore1F.ablk.lzp
tools/lzpcompress -- maps/GoldenrodDeptStore2F.ablk maps/GoldenrodDeptStore2F.ablk.lzp
tools/lzpcompress -- maps/GoldenrodDeptStore3F.ablk maps/GoldenrodDeptStore3F.ablk.lzp
tools/lzpcompress -- maps/GoldenrodDeptStore4F.ablk maps/GoldenrodDeptStore4F.ablk.lzp
tools/lzpcompress -- maps/GoldenrodDeptStore5F.ablk maps/GoldenrodDeptStore5F.ablk.lzp
tools/lzpcompress -- maps/GoldenrodDeptStore6F.ablk maps/GoldenrodDeptStore6F.ablk.lzp
tools/lzpcompress -- maps/GoldenrodDeptStoreB1F.ablk maps/GoldenrodDeptStoreB1F.ablk.lzp
tools/lzpcompress -- maps/GoldenrodDeptStoreElevator.ablk maps/GoldenrodDeptStoreElevator.ablk.lzp
tools/lzpcompress -- maps/GoldenrodDeptStoreRoof.ablk maps/GoldenrodDeptStoreRoof.ablk.lzp
tools/lzpcompress -- maps/RadioTower1F.ablk maps/RadioTower1F.ablk.lzp
tools/lzpcompress -- maps/RadioTower2F.ablk maps/RadioTower2F.ablk.lzp
tools/lzpcompress -- maps/RadioTower3F.ablk maps/RadioTower3F.ablk.lzp
tools/lzpcompress -- maps/RadioTower4F.ablk maps/RadioTower4F.ablk.lzp
tools/lzpcompress -- maps/RadioTower5F.ablk maps/RadioTower5F.ablk.lzp
tools/lzpcompress -- maps/GoldenrodUndergroundWarehouse.ablk maps/GoldenrodUndergroundWarehouse.ablk.lzp
tools/lzpcompress -- maps/GoldenrodUndergroundSwitchRoom.ablk maps/GoldenrodUndergroundSwitchRoom.ablk.lzp
tools/lzpcompress -- maps/GoldenrodUndergroundEntrances.ablk maps/GoldenrodUndergroundEntrances.ablk.lzp
tools/lzpcompress -- maps/GoldenrodMuseum1F.ablk maps/GoldenrodMuseum1F.ablk.lzp
tools/lzpcompress -- maps/GoldenrodMuseum2F.ablk maps/GoldenrodMuseum2F.ablk.lzp
tools/lzpcompress -- maps/GoldenrodUnderground.ablk maps/GoldenrodUnderground.ablk.lzp
tools/lzpcompress -- maps/MagnetTunnelEast.ablk maps/MagnetTunnelEast.ablk.lzp
tools/lzpcompress -- maps/MagnetTunnelWest.ablk maps/MagnetTunnelWest.ablk.lzp
tools/lzpcompress -- maps/MagnetTunnelInside.ablk maps/MagnetTunnelInside.ablk.lzp
tools/lzpcompress -- maps/NationalPark.ablk maps/NationalPark.ablk.lzp
tools/lzpcompress -- maps/EcruteakGym.ablk maps/EcruteakGym.ablk.lzp
tools/lzpcompress -- maps/EcruteakCity.ablk maps/EcruteakCity.ablk.lzp
tools/lzpcompress -- maps/EcruteakHouse.ablk maps/EcruteakHouse.ablk.lzp
tools/lzpcompress -- maps/DanceTheatre.ablk maps/DanceTheatre.ablk.lzp
tools/lzpcompress -- maps/WiseTriosRoom.ablk maps/WiseTriosRoom.ablk.lzp
tools/lzpcompress -- maps/EcruteakShrineOutside.ablk maps/EcruteakShrineOutside.ablk.lzp
tools/lzpcompress -- maps/EcruteakShrineInside.ablk maps/EcruteakShrineInside.ablk.lzp
tools/lzpcompress -- maps/BellchimeTrail.ablk maps/BellchimeTrail.ablk.lzp
tools/lzpcompress -- maps/TinTower1F.ablk maps/TinTower1F.ablk.lzp
tools/lzpcompress -- maps/TinTower2F.ablk maps/TinTower2F.ablk.lzp
tools/lzpcompress -- maps/TinTower3F.ablk maps/TinTower3F.ablk.lzp
tools/lzpcompress -- maps/TinTower4F.ablk maps/TinTower4F.ablk.lzp
tools/lzpcompress -- maps/TinTower5F.ablk maps/TinTower5F.ablk.lzp
tools/lzpcompress -- maps/TinTower6F.ablk maps/TinTower6F.ablk.lzp
tools/lzpcompress -- maps/TinTower7F.ablk maps/TinTower7F.ablk.lzp
tools/lzpcompress -- maps/TinTower8F.ablk maps/TinTower8F.ablk.lzp
tools/lzpcompress -- maps/TinTower9F.ablk maps/TinTower9F.ablk.lzp
tools/lzpcompress -- maps/TinTower10F.ablk maps/TinTower10F.ablk.lzp
tools/lzpcompress -- maps/TinTowerRoof.ablk maps/TinTowerRoof.ablk.lzp
tools/lzpcompress -- maps/BurnedTower1F.ablk maps/BurnedTower1F.ablk.lzp
tools/lzpcompress -- maps/BurnedTowerB1F.ablk maps/BurnedTowerB1F.ablk.lzp
tools/lzpcompress -- maps/RuggedRoadNorth.ablk maps/RuggedRoadNorth.ablk.lzp
tools/lzpcompress -- maps/RuggedRoadSouth.ablk maps/RuggedRoadSouth.ablk.lzp
tools/lzpcompress -- maps/SnowtopMountainInside.ablk maps/SnowtopMountainInside.ablk.lzp
tools/lzpcompress -- maps/SnowtopMountainOutside.ablk maps/SnowtopMountainOutside.ablk.lzp
tools/lzpcompress -- maps/OlivineGym.ablk maps/OlivineGym.ablk.lzp
tools/lzpcompress -- maps/OlivineCity.ablk maps/OlivineCity.ablk.lzp
tools/lzpcompress -- maps/OlivineCityRoute35CoastDual.ablk maps/OlivineCityRoute35CoastDual.ablk.lzp
tools/lzpcompress -- maps/OlivineCafe.ablk maps/OlivineCafe.ablk.lzp
tools/lzpcompress -- maps/OlivinePort.ablk maps/OlivinePort.ablk.lzp
tools/lzpcompress -- maps/OlivineLighthouse1F.ablk maps/OlivineLighthouse1F.ablk.lzp
tools/lzpcompress -- maps/OlivineLighthouse2F.ablk maps/OlivineLighthouse2F.ablk.lzp
tools/lzpcompress -- maps/OlivineLighthouse3F.ablk maps/OlivineLighthouse3F.ablk.lzp
tools/lzpcompress -- maps/OlivineLighthouse4F.ablk maps/OlivineLighthouse4F.ablk.lzp
tools/lzpcompress -- maps/OlivineLighthouse5F.ablk maps/OlivineLighthouse5F.ablk.lzp
tools/lzpcompress -- maps/OlivineLighthouse6F.ablk maps/OlivineLighthouse6F.ablk.lzp
tools/lzpcompress -- maps/BattleTower1F.ablk maps/BattleTower1F.ablk.lzp
tools/lzpcompress -- maps/BattleTower2F.ablk maps/BattleTower2F.ablk.lzp
tools/lzpcompress -- maps/BattleTowerBattleRoom.ablk maps/BattleTowerBattleRoom.ablk.lzp
tools/lzpcompress -- maps/BattleTowerElevator.ablk maps/BattleTowerElevator.ablk.lzp
tools/lzpcompress -- maps/BattleTowerHallway.ablk maps/BattleTowerHallway.ablk.lzp
tools/lzpcompress -- maps/BattleTowerOutside.ablk maps/BattleTowerOutside.ablk.lzp
tools/lzpcompress -- maps/WhirlIslandNE.ablk maps/WhirlIslandNE.ablk.lzp
tools/lzpcompress -- maps/WhirlIslandNW.ablk maps/WhirlIslandNW.ablk.lzp
tools/lzpcompress -- maps/WhirlIslandSE.ablk maps/WhirlIslandSE.ablk.lzp
tools/lzpcompress -- maps/WhirlIslandSW.ablk maps/WhirlIslandSW.ablk.lzp
tools/lzpcompress -- maps/WhirlIslandB1F.ablk maps/WhirlIslandB1F.ablk.lzp
tools/lzpcompress -- maps/WhirlIslandB2F.ablk maps/WhirlIslandB2F.ablk.lzp
tools/lzpcompress -- maps/WhirlIslandCave.ablk maps/WhirlIslandCave.ablk.lzp
tools/lzpcompress -- maps/WhirlIslandLugiaChamber.ablk maps/WhirlIslandLugiaChamber.ablk.lzp
tools/lzpcompress -- maps/CianwoodGym.ablk maps/CianwoodGym.ablk.lzp
tools/lzpcompress -- maps/CianwoodCity.ablk maps/CianwoodCity.ablk.lzp
tools/lzpcompress -- maps/CianwoodPharmacy.ablk maps/CianwoodPharmacy.ablk.lzp
tools/lzpcompress -- maps/YellowForest.ablk maps/YellowForest.ablk.lzp
tools/lzpcompress -- maps/CliffCave.ablk maps/CliffCave.ablk.lzp
tools/lzpcompress -- maps/CliffEdgeGate.ablk maps/CliffEdgeGate.ablk.lzp
tools/lzpcompress -- maps/QuietCave1F.ablk maps/QuietCave1F.ablk.lzp
tools/lzpcompress -- maps/QuietCaveB1F.ablk maps/QuietCaveB1F.ablk.lzp
tools/lzpcompress -- maps/QuietCaveB2F.ablk maps/QuietCaveB2F.ablk.lzp
tools/lzpcompress -- maps/QuietCaveB3F.ablk maps/QuietCaveB3F.ablk.lzp
tools/lzpcompress -- maps/EmbeddedTower.ablk maps/EmbeddedTower.ablk.lzp
tools/lzpcompress -- maps/MountMortar1FOutside.ablk maps/MountMortar1FOutside.ablk.lzp
tools/lzpcompress -- maps/MountMortar1FInside.ablk maps/MountMortar1FInside.ablk.lzp
tools/lzpcompress -- maps/MountMortar2FInside.ablk maps/MountMortar2FInside.ablk.lzp
tools/lzpcompress -- maps/MountMortarB1F.ablk maps/MountMortarB1F.ablk.lzp
tools/lzpcompress -- maps/GiftShop.ablk maps/GiftShop.ablk.lzp
tools/lzpcompress -- maps/MahoganyGym.ablk maps/MahoganyGym.ablk.lzp
tools/lzpcompress -- maps/MahoganyTown.ablk maps/MahoganyTown.ablk.lzp
tools/lzpcompress -- maps/LakeOfRage.ablk maps/LakeOfRage.ablk.lzp
tools/lzpcompress -- maps/LakeOfRageFlooded.ablk maps/LakeOfRageFlooded.ablk.lzp
tools/lzpcompress -- maps/TeamRocketBaseB1F.ablk maps/TeamRocketBaseB1F.ablk.lzp
tools/lzpcompress -- maps/TeamRocketBaseB2F.ablk maps/TeamRocketBaseB2F.ablk.lzp
tools/lzpcompress -- maps/TeamRocketBaseB3F.ablk maps/TeamRocketBaseB3F.ablk.lzp
tools/lzpcompress -- maps/IcePath1F.ablk maps/IcePath1F.ablk.lzp
tools/lzpcompress -- maps/IcePathB1F.ablk maps/IcePathB1F.ablk.lzp
tools/lzpcompress -- maps/IcePathB2FMahoganySide.ablk maps/IcePathB2FMahoganySide.ablk.lzp
tools/lzpcompress -- maps/IcePathB2FBlackthornSide.ablk maps/IcePathB2FBlackthornSide.ablk.lzp
tools/lzpcompress -- maps/IcePathB3F.ablk maps/IcePathB3F.ablk.lzp
tools/lzpcompress -- maps/BlackthornGym1F.ablk maps/BlackthornGym1F.ablk.lzp
tools/lzpcompress -- maps/BlackthornGym2F.ablk maps/BlackthornGym2F.ablk.lzp
tools/lzpcompress -- maps/BlackthornCity.ablk maps/BlackthornCity.ablk.lzp
tools/lzpcompress -- maps/DragonsDen1F.ablk maps/DragonsDen1F.ablk.lzp
tools/lzpcompress -- maps/DragonsDenB1F.ablk maps/DragonsDenB1F.ablk.lzp
tools/lzpcompress -- maps/DragonShrine.ablk maps/DragonShrine.ablk.lzp
tools/lzpcompress -- maps/VictoryRoad1F.ablk maps/VictoryRoad1F.ablk.lzp
tools/lzpcompress -- maps/VictoryRoad2F.ablk maps/VictoryRoad2F.ablk.lzp
tools/lzpcompress -- maps/VictoryRoad3F.ablk maps/VictoryRoad3F.ablk.lzp
tools/lzpcompress -- maps/TohjoFalls.ablk maps/TohjoFalls.ablk.lzp
tools/lzpcompress -- maps/GiovannisCave.ablk maps/GiovannisCave.ablk.lzp
tools/lzpcompress -- maps/IndigoPlateau.ablk maps/IndigoPlateau.ablk.lzp
tools/lzpcompress -- maps/IndigoPlateauPokecenter1F.ablk maps/IndigoPlateauPokecenter1F.ablk.lzp
tools/lzpcompress -- maps/WillsRoom.ablk maps/WillsRoom.ablk.lzp
tools/lzpcompress -- maps/KogasRoom.ablk maps/KogasRoom.ablk.lzp
tools/lzpcompress -- maps/BrunosRoom.ablk maps/BrunosRoom.ablk.lzp
tools/lzpcompress -- maps/KarensRoom.ablk maps/KarensRoom.ablk.lzp
tools/lzpcompress -- maps/LancesRoom.ablk maps/LancesRoom.ablk.lzp
tools/lzpcompress -- maps/HallOfFame.ablk maps/HallOfFame.ablk.lzp
tools/lzpcompress -- maps/PokemonLeagueGate.ablk maps/PokemonLeagueGate.ablk.lzp
tools/lzpcompress -- maps/FastShip1F.ablk maps/FastShip1F.ablk.lzp
tools/lzpcompress -- maps/FastShipB1F.ablk maps/FastShipB1F.ablk.lzp
tools/lzpcompress -- maps/FastShipCabins_NNW_NNE_NE.ablk maps/FastShipCabins_NNW_NNE_NE.ablk.lzp
tools/lzpcompress -- maps/FastShipCabins_SW_SSW_NW.ablk maps/FastShipCabins_SW_SSW_NW.ablk.lzp
tools/lzpcompress -- maps/FastShipCabins_SE_SSE_CaptainsCabin.ablk maps/FastShipCabins_SE_SSE_CaptainsCabin.ablk.lzp
tools/lzpcompress -- maps/PalletTown.ablk maps/PalletTown.ablk.lzp
tools/lzpcompress -- maps/OaksLab.ablk maps/OaksLab.ablk.lzp
tools/lzpcompress -- maps/RedsHouse1F.ablk maps/RedsHouse1F.ablk.lzp
tools/lzpcompress -- maps/BluesHouse1F.ablk maps/BluesHouse1F.ablk.lzp
tools/lzpcompress -- maps/RedsHouse2F.ablk maps/RedsHouse2F.ablk.lzp
tools/lzpcompress -- maps/ViridianGym.ablk maps/ViridianGym.ablk.lzp
tools/lzpcompress -- maps/ViridianCity.ablk maps/ViridianCity.ablk.lzp
tools/lzpcompress -- maps/ViridianSchoolHouse.ablk maps/ViridianSchoolHouse.ablk.lzp
tools/lzpcompress -- maps/TrainerHouse1F.ablk maps/TrainerHouse1F.ablk.lzp
tools/lzpcompress -- maps/TrainerHouseB1F.ablk maps/TrainerHouseB1F.ablk.lzp
tools/lzpcompress -- maps/ViridianForest.ablk maps/ViridianForest.ablk.lzp
tools/lzpcompress -- maps/PewterGym.ablk maps/PewterGym.ablk.lzp
tools/lzpcompress -- maps/PewterCity.ablk maps/PewterCity.ablk.lzp
tools/lzpcompress -- maps/PewterMuseumOfScience1F.ablk maps/PewterMuseumOfScience1F.ablk.lzp
tools/lzpcompress -- maps/PewterMuseumOfScience2F.ablk maps/PewterMuseumOfScience2F.ablk.lzp
tools/lzpcompress -- maps/MountMoon1F.ablk maps/MountMoon1F.ablk.lzp
tools/lzpcompress -- maps/MountMoonB1F.ablk maps/MountMoonB1F.ablk.lzp
tools/lzpcompress -- maps/MountMoonB2F.ablk maps/MountMoonB2F.ablk.lzp
tools/lzpcompress -- maps/MountMoonSquare.ablk maps/MountMoonSquare.ablk.lzp
tools/lzpcompress -- maps/CeruleanGym.ablk maps/CeruleanGym.ablk.lzp
tools/lzpcompress -- maps/CeruleanCity.ablk maps/CeruleanCity.ablk.lzp
tools/lzpcompress -- maps/CeruleanBikeShop.ablk maps/CeruleanBikeShop.ablk.lzp
tools/lzpcompress -- maps/CeruleanCave1F.ablk maps/CeruleanCave1F.ablk.lzp
tools/lzpcompress -- maps/CeruleanCave2F.ablk maps/CeruleanCave2F.ablk.lzp
tools/lzpcompress -- maps/CeruleanCaveB1F.ablk maps/CeruleanCaveB1F.ablk.lzp
tools/lzpcompress -- maps/CeruleanCape.ablk maps/CeruleanCape.ablk.lzp
tools/lzpcompress -- maps/BillsHouse.ablk maps/BillsHouse.ablk.lzp
tools/lzpcompress -- maps/VermilionGym.ablk maps/VermilionGym.ablk.lzp
tools/lzpcompress -- maps/VermilionCity.ablk maps/VermilionCity.ablk.lzp
tools/lzpcompress -- maps/VermilionPort.ablk maps/VermilionPort.ablk.lzp
tools/lzpcompress -- maps/PokemonFanClub.ablk maps/PokemonFanClub.ablk.lzp
tools/lzpcompress -- maps/DiglettsCave.ablk maps/DiglettsCave.ablk.lzp
tools/lzpcompress -- maps/RockTunnel1F.ablk maps/RockTunnel1F.ablk.lzp
tools/lzpcompress -- maps/RockTunnel2F.ablk maps/RockTunnel2F.ablk.lzp
tools/lzpcompress -- maps/RockTunnelB1F.ablk maps/RockTunnelB1F.ablk.lzp
tools/lzpcompress -- maps/PowerPlant.ablk maps/PowerPlant.ablk.lzp
tools/lzpcompress -- maps/DimCave1F.ablk maps/DimCave1F.ablk.lzp
tools/lzpcompress -- maps/DimCave2F.ablk maps/DimCave2F.ablk.lzp
tools/lzpcompress -- maps/DimCave3F.ablk maps/DimCave3F.ablk.lzp
tools/lzpcompress -- maps/DimCave4F.ablk maps/DimCave4F.ablk.lzp
tools/lzpcompress -- maps/DimCave5F.ablk maps/DimCave5F.ablk.lzp
tools/lzpcompress -- maps/LavenderTown.ablk maps/LavenderTown.ablk.lzp
tools/lzpcompress -- maps/MrFujisHouse.ablk maps/MrFujisHouse.ablk.lzp
tools/lzpcompress -- maps/SoulHouse.ablk maps/SoulHouse.ablk.lzp
tools/lzpcompress -- maps/SoulHouseB1F.ablk maps/SoulHouseB1F.ablk.lzp
tools/lzpcompress -- maps/SoulHouseB2F.ablk maps/SoulHouseB2F.ablk.lzp
tools/lzpcompress -- maps/SoulHouseB3F.ablk maps/SoulHouseB3F.ablk.lzp
tools/lzpcompress -- maps/LavRadioTower1F.ablk maps/LavRadioTower1F.ablk.lzp
tools/lzpcompress -- maps/LavRadioTower2F.ablk maps/LavRadioTower2F.ablk.lzp
tools/lzpcompress -- maps/LavRadioTower3F.ablk maps/LavRadioTower3F.ablk.lzp
tools/lzpcompress -- maps/LavRadioTower4F.ablk maps/LavRadioTower4F.ablk.lzp
tools/lzpcompress -- maps/LavRadioTower5F.ablk maps/LavRadioTower5F.ablk.lzp
tools/lzpcompress -- maps/HauntedRadioTower3F.ablk maps/HauntedRadioTower3F.ablk.lzp
tools/lzpcompress -- maps/HauntedRadioTower4F.ablk maps/HauntedRadioTower4F.ablk.lzp
tools/lzpcompress -- maps/HauntedRadioTower5F.ablk maps/HauntedRadioTower5F.ablk.lzp
tools/lzpcompress -- maps/HauntedRadioTower6F.ablk maps/HauntedRadioTower6F.ablk.lzp
tools/lzpcompress -- maps/CeladonGym.ablk maps/CeladonGym.ablk.lzp
tools/lzpcompress -- maps/CeladonCity.ablk maps/CeladonCity.ablk.lzp
tools/lzpcompress -- maps/CeladonGameCorner.ablk maps/CeladonGameCorner.ablk.lzp
tools/lzpcompress -- maps/CeladonGameCornerPrizeRoom.ablk maps/CeladonGameCornerPrizeRoom.ablk.lzp
tools/lzpcompress -- maps/CeladonCafe.ablk maps/CeladonCafe.ablk.lzp
tools/lzpcompress -- maps/CeladonChiefHouse.ablk maps/CeladonChiefHouse.ablk.lzp
tools/lzpcompress -- maps/CeladonDeptStore1F.ablk maps/CeladonDeptStore1F.ablk.lzp
tools/lzpcompress -- maps/CeladonDeptStore2F.ablk maps/CeladonDeptStore2F.ablk.lzp
tools/lzpcompress -- maps/CeladonDeptStore3F.ablk maps/CeladonDeptStore3F.ablk.lzp
tools/lzpcompress -- maps/CeladonDeptStore4F.ablk maps/CeladonDeptStore4F.ablk.lzp
tools/lzpcompress -- maps/CeladonDeptStore5F.ablk maps/CeladonDeptStore5F.ablk.lzp
tools/lzpcompress -- maps/CeladonDeptStoreRoof.ablk maps/CeladonDeptStoreRoof.ablk.lzp
tools/lzpcompress -- maps/CeladonDeptStoreElevator.ablk maps/CeladonDeptStoreElevator.ablk.lzp
tools/lzpcompress -- maps/CeladonMansion1F.ablk maps/CeladonMansion1F.ablk.lzp
tools/lzpcompress -- maps/CeladonMansion2F.ablk maps/CeladonMansion2F.ablk.lzp
tools/lzpcompress -- maps/CeladonMansion3F.ablk maps/CeladonMansion3F.ablk.lzp
tools/lzpcompress -- maps/CeladonMansionRoof.ablk maps/CeladonMansionRoof.ablk.lzp
tools/lzpcompress -- maps/CeladonHomeDecorStore1F.ablk maps/CeladonHomeDecorStore1F.ablk.lzp
tools/lzpcompress -- maps/CeladonHomeDecorStore2F.ablk maps/CeladonHomeDecorStore2F.ablk.lzp
tools/lzpcompress -- maps/CeladonHomeDecorStore3F.ablk maps/CeladonHomeDecorStore3F.ablk.lzp
tools/lzpcompress -- maps/CeladonHomeDecorStore4F.ablk maps/CeladonHomeDecorStore4F.ablk.lzp
tools/lzpcompress -- maps/CeladonHotel1F.ablk maps/CeladonHotel1F.ablk.lzp
tools/lzpcompress -- maps/CeladonHotel2F.ablk maps/CeladonHotel2F.ablk.lzp
tools/lzpcompress -- maps/CeladonHotelPool.ablk maps/CeladonHotelPool.ablk.lzp
tools/lzpcompress -- maps/CeladonUniversity1F.ablk maps/CeladonUniversity1F.ablk.lzp
tools/lzpcompress -- maps/CeladonUniversity2F.ablk maps/CeladonUniversity2F.ablk.lzp
tools/lzpcompress -- maps/CeladonUniversityCafeteria.ablk maps/CeladonUniversityCafeteria.ablk.lzp
tools/lzpcompress -- maps/CeladonUniversityPrincipalsOffice.ablk maps/CeladonUniversityPrincipalsOffice.ablk.lzp
tools/lzpcompress -- maps/CeladonUniversityLounge.ablk maps/CeladonUniversityLounge.ablk.lzp
tools/lzpcompress -- maps/CeladonUniversityPool.ablk maps/CeladonUniversityPool.ablk.lzp
tools/lzpcompress -- maps/HotelRoom.ablk maps/HotelRoom.ablk.lzp
tools/lzpcompress -- maps/CeladonUniversityWestwoodsOffice.ablk maps/CeladonUniversityWestwoodsOffice.ablk.lzp
tools/lzpcompress -- maps/CeladonUniversityWillowsOffice.ablk maps/CeladonUniversityWillowsOffice.ablk.lzp
tools/lzpcompress -- maps/CeladonUniversityNursesOffice.ablk maps/CeladonUniversityNursesOffice.ablk.lzp
tools/lzpcompress -- maps/CeladonUniversityClassroom.ablk maps/CeladonUniversityClassroom.ablk.lzp
tools/lzpcompress -- maps/CeladonUniversityHyperTestRoom.ablk maps/CeladonUniversityHyperTestRoom.ablk.lzp
tools/lzpcompress -- maps/CeladonUniversityLibrary1F.ablk maps/CeladonUniversityLibrary1F.ablk.lzp
tools/lzpcompress -- maps/CeladonUniversityLibrary2F.ablk maps/CeladonUniversityLibrary2F.ablk.lzp
tools/lzpcompress -- maps/RocketHideoutB1F.ablk maps/RocketHideoutB1F.ablk.lzp
tools/lzpcompress -- maps/RocketHideoutB2F.ablk maps/RocketHideoutB2F.ablk.lzp
tools/lzpcompress -- maps/RocketHideoutB3F.ablk maps/RocketHideoutB3F.ablk.lzp
tools/lzpcompress -- maps/RocketHideoutB4F.ablk maps/RocketHideoutB4F.ablk.lzp
tools/lzpcompress -- maps/RocketHideoutElevator.ablk maps/RocketHideoutElevator.ablk.lzp
tools/lzpcompress -- maps/SaffronGym.ablk maps/SaffronGym.ablk.lzp
tools/lzpcompress -- maps/SaffronCity.ablk maps/SaffronCity.ablk.lzp
tools/lzpcompress -- maps/SaffronBookSpeechHouse.ablk maps/SaffronBookSpeechHouse.ablk.lzp
tools/lzpcompress -- maps/SaffronTrainStation.ablk maps/SaffronTrainStation.ablk.lzp
tools/lzpcompress -- maps/FightingDojo.ablk maps/FightingDojo.ablk.lzp
tools/lzpcompress -- maps/CopycatsHouse1F.ablk maps/CopycatsHouse1F.ablk.lzp
tools/lzpcompress -- maps/CopycatsHouse2F.ablk maps/CopycatsHouse2F.ablk.lzp
tools/lzpcompress -- maps/UndergroundPath.ablk maps/UndergroundPath.ablk.lzp
tools/lzpcompress -- maps/PokemonTrainerFanClub.ablk maps/PokemonTrainerFanClub.ablk.lzp
tools/lzpcompress -- maps/SilphCo1F.ablk maps/SilphCo1F.ablk.lzp
tools/lzpcompress -- maps/SilphCo2F.ablk maps/SilphCo2F.ablk.lzp
tools/lzpcompress -- maps/SilphCo3F.ablk maps/SilphCo3F.ablk.lzp
tools/lzpcompress -- maps/FuchsiaGym.ablk maps/FuchsiaGym.ablk.lzp
tools/lzpcompress -- maps/FuchsiaCity.ablk maps/FuchsiaCity.ablk.lzp
tools/lzpcompress -- maps/FuchsiaAquarium1F.ablk maps/FuchsiaAquarium1F.ablk.lzp
tools/lzpcompress -- maps/FuchsiaAquarium2F.ablk maps/FuchsiaAquarium2F.ablk.lzp
tools/lzpcompress -- maps/LuckyIsland.ablk maps/LuckyIsland.ablk.lzp
tools/lzpcompress -- maps/LuckyIslandHidden.ablk maps/LuckyIslandHidden.ablk.lzp
tools/lzpcompress -- maps/SafariZoneWardensHome.ablk maps/SafariZoneWardensHome.ablk.lzp
tools/lzpcompress -- maps/SafariZoneHub.ablk maps/SafariZoneHub.ablk.lzp
tools/lzpcompress -- maps/SafariZoneNorth.ablk maps/SafariZoneNorth.ablk.lzp
tools/lzpcompress -- maps/SafariZoneEast.ablk maps/SafariZoneEast.ablk.lzp
tools/lzpcompress -- maps/SafariZoneWest.ablk maps/SafariZoneWest.ablk.lzp
tools/lzpcompress -- maps/SafariZoneRestHouse.ablk maps/SafariZoneRestHouse.ablk.lzp
tools/lzpcompress -- maps/UragaChannelEast.ablk maps/UragaChannelEast.ablk.lzp
tools/lzpcompress -- maps/UragaChannelWest.ablk maps/UragaChannelWest.ablk.lzp
tools/lzpcompress -- maps/ScaryCave1F.ablk maps/ScaryCave1F.ablk.lzp
tools/lzpcompress -- maps/ScaryCaveB1F.ablk maps/ScaryCaveB1F.ablk.lzp
tools/lzpcompress -- maps/ScaryCaveShipwreck.ablk maps/ScaryCaveShipwreck.ablk.lzp
tools/lzpcompress -- maps/CinnabarIsland.ablk maps/CinnabarIsland.ablk.lzp
tools/lzpcompress -- maps/CinnabarLab.ablk maps/CinnabarLab.ablk.lzp
tools/lzpcompress -- maps/PokemonMansion1F.ablk maps/PokemonMansion1F.ablk.lzp
tools/lzpcompress -- maps/PokemonMansionB1F.ablk maps/PokemonMansionB1F.ablk.lzp
tools/lzpcompress -- maps/CinnabarVolcano1F.ablk maps/CinnabarVolcano1F.ablk.lzp
tools/lzpcompress -- maps/CinnabarVolcanoB1F.ablk maps/CinnabarVolcanoB1F.ablk.lzp
tools/lzpcompress -- maps/CinnabarVolcanoB2F.ablk maps/CinnabarVolcanoB2F.ablk.lzp
tools/lzpcompress -- maps/SeafoamGym.ablk maps/SeafoamGym.ablk.lzp
tools/lzpcompress -- maps/SeafoamIslands1F.ablk maps/SeafoamIslands1F.ablk.lzp
tools/lzpcompress -- maps/SeafoamIslandsB1F.ablk maps/SeafoamIslandsB1F.ablk.lzp
tools/lzpcompress -- maps/SeafoamIslandsB2F.ablk maps/SeafoamIslandsB2F.ablk.lzp
tools/lzpcompress -- maps/SeafoamIslandsB3F.ablk maps/SeafoamIslandsB3F.ablk.lzp
tools/lzpcompress -- maps/SeafoamIslandsB4F.ablk maps/SeafoamIslandsB4F.ablk.lzp
tools/lzpcompress -- maps/SilverCaveOutside.ablk maps/SilverCaveOutside.ablk.lzp
tools/lzpcompress -- maps/SilverCaveRoom1.ablk maps/SilverCaveRoom1.ablk.lzp
tools/lzpcompress -- maps/SilverCaveRoom2.ablk maps/SilverCaveRoom2.ablk.lzp
tools/lzpcompress -- maps/SilverCaveRoom3.ablk maps/SilverCaveRoom3.ablk.lzp
tools/lzpcompress -- maps/SilverCaveItemRooms.ablk maps/SilverCaveItemRooms.ablk.lzp
tools/lzpcompress -- maps/SeagallopFerryGate.ablk maps/SeagallopFerryGate.ablk.lzp
tools/lzpcompress -- maps/ShamoutiIsland.ablk maps/ShamoutiIsland.ablk.lzp
tools/lzpcompress -- maps/NoisyForest.ablk maps/NoisyForest.ablk.lzp
tools/lzpcompress -- maps/ShamoutiShrineRuins.ablk maps/ShamoutiShrineRuins.ablk.lzp
tools/lzpcompress -- maps/ShamoutiTunnel.ablk maps/ShamoutiTunnel.ablk.lzp
tools/lzpcompress -- maps/ShamoutiCoast.ablk maps/ShamoutiCoast.ablk.lzp
tools/lzpcompress -- maps/ShamoutiHotel1F.ablk maps/ShamoutiHotel1F.ablk.lzp
tools/lzpcompress -- maps/ShamoutiHotel2F.ablk maps/ShamoutiHotel2F.ablk.lzp
tools/lzpcompress -- maps/ShamoutiHotel3F.ablk maps/ShamoutiHotel3F.ablk.lzp
tools/lzpcompress -- maps/ShamoutiHotelRestaurant.ablk maps/ShamoutiHotelRestaurant.ablk.lzp
tools/lzpcompress -- maps/BeautifulBeach.ablk maps/BeautifulBeach.ablk.lzp
tools/lzpcompress -- maps/BeautifulBeachVilla.ablk maps/BeautifulBeachVilla.ablk.lzp
tools/lzpcompress -- maps/WarmBeach.ablk maps/WarmBeach.ablk.lzp
tools/lzpcompress -- maps/WarmBeachShack.ablk maps/WarmBeachShack.ablk.lzp
tools/lzpcompress -- maps/RockyBeach.ablk maps/RockyBeach.ablk.lzp
tools/lzpcompress -- maps/FireIsland.ablk maps/FireIsland.ablk.lzp
tools/lzpcompress -- maps/IceIsland.ablk maps/IceIsland.ablk.lzp
tools/lzpcompress -- maps/LightningIsland.ablk maps/LightningIsland.ablk.lzp
tools/lzpcompress -- maps/ElementalIsland.ablk maps/ElementalIsland.ablk.lzp
tools/lzpcompress -- maps/ValenciaIsland.ablk maps/ValenciaIsland.ablk.lzp
tools/lzpcompress -- maps/ValenciaPort.ablk maps/ValenciaPort.ablk.lzp
tools/lzpcompress -- maps/IvysLab.ablk maps/IvysLab.ablk.lzp
tools/lzpcompress -- maps/NavelRockOutside.ablk maps/NavelRockOutside.ablk.lzp
tools/lzpcompress -- maps/NavelRockInside.ablk maps/NavelRockInside.ablk.lzp
tools/lzpcompress -- maps/NavelRockRoof.ablk maps/NavelRockRoof.ablk.lzp
tools/lzpcompress -- maps/FarawayIslandNorth.ablk maps/FarawayIslandNorth.ablk.lzp
tools/lzpcompress -- maps/FarawayIslandSouth.ablk maps/FarawayIslandSouth.ablk.lzp
tools/lzpcompress -- maps/FarawayJungle.ablk maps/FarawayJungle.ablk.lzp
tools/lzpcompress -- maps/Route1.ablk maps/Route1.ablk.lzp
tools/lzpcompress -- maps/Route2North.ablk maps/Route2North.ablk.lzp
tools/lzpcompress -- maps/Route2South.ablk maps/Route2South.ablk.lzp
tools/lzpcompress -- maps/Route3.ablk maps/Route3.ablk.lzp
tools/lzpcompress -- maps/Route4.ablk maps/Route4.ablk.lzp
tools/lzpcompress -- maps/Route5.ablk maps/Route5.ablk.lzp
tools/lzpcompress -- maps/Route6.ablk maps/Route6.ablk.lzp
tools/lzpcompress -- maps/UndergroundPathEntrance.ablk maps/UndergroundPathEntrance.ablk.lzp
tools/lzpcompress -- maps/Route7.ablk maps/Route7.ablk.lzp
tools/lzpcompress -- maps/Route8.ablk maps/Route8.ablk.lzp
tools/lzpcompress -- maps/Route9.ablk maps/Route9.ablk.lzp
tools/lzpcompress -- maps/Route10North.ablk maps/Route10North.ablk.lzp
tools/lzpcompress -- maps/Route10South.ablk maps/Route10South.ablk.lzp
tools/lzpcompress -- maps/Route11.ablk maps/Route11.ablk.lzp
tools/lzpcompress -- maps/Route12North.ablk maps/Route12North.ablk.lzp
tools/lzpcompress -- maps/Route12South.ablk maps/Route12South.ablk.lzp
tools/lzpcompress -- maps/Route13.ablk maps/Route13.ablk.lzp
tools/lzpcompress -- maps/Route14.ablk maps/Route14.ablk.lzp
tools/lzpcompress -- maps/Route14LuckyIslandDual.ablk maps/Route14LuckyIslandDual.ablk.lzp
tools/lzpcompress -- maps/Route15.ablk maps/Route15.ablk.lzp
tools/lzpcompress -- maps/Route16North.ablk maps/Route16North.ablk.lzp
tools/lzpcompress -- maps/Route16East.ablk maps/Route16East.ablk.lzp
tools/lzpcompress -- maps/Route16West.ablk maps/Route16West.ablk.lzp
tools/lzpcompress -- maps/Route17North.ablk maps/Route17North.ablk.lzp
tools/lzpcompress -- maps/Route17South.ablk maps/Route17South.ablk.lzp
tools/lzpcompress -- maps/Route18East.ablk maps/Route18East.ablk.lzp
tools/lzpcompress -- maps/Route18West.ablk maps/Route18West.ablk.lzp
tools/lzpcompress -- maps/Route19.ablk maps/Route19.ablk.lzp
tools/lzpcompress -- maps/Route20.ablk maps/Route20.ablk.lzp
tools/lzpcompress -- maps/Route21.ablk maps/Route21.ablk.lzp
tools/lzpcompress -- maps/Route22.ablk maps/Route22.ablk.lzp
tools/lzpcompress -- maps/Route22Past.ablk maps/Route22Past.ablk.lzp
tools/lzpcompress -- maps/Route23North.ablk maps/Route23North.ablk.lzp
tools/lzpcompress -- maps/Route23South.ablk maps/Route23South.ablk.lzp
tools/lzpcompress -- maps/Route24.ablk maps/Route24.ablk.lzp
tools/lzpcompress -- maps/Route25.ablk maps/Route25.ablk.lzp
tools/lzpcompress -- maps/Route26.ablk maps/Route26.ablk.lzp
tools/lzpcompress -- maps/Route26HealSpeechHouse.ablk maps/Route26HealSpeechHouse.ablk.lzp
tools/lzpcompress -- maps/Route27.ablk maps/Route27.ablk.lzp
tools/lzpcompress -- maps/Route28.ablk maps/Route28.ablk.lzp
tools/lzpcompress -- maps/Route29.ablk maps/Route29.ablk.lzp
tools/lzpcompress -- maps/Route30.ablk maps/Route30.ablk.lzp
tools/lzpcompress -- maps/Route31.ablk maps/Route31.ablk.lzp
tools/lzpcompress -- maps/Route32.ablk maps/Route32.ablk.lzp
tools/lzpcompress -- maps/Route33.ablk maps/Route33.ablk.lzp
tools/lzpcompress -- maps/Route33Raining.ablk maps/Route33Raining.ablk.lzp
tools/lzpcompress -- maps/Route34.ablk maps/Route34.ablk.lzp
tools/lzpcompress -- maps/Route35.ablk maps/Route35.ablk.lzp
tools/lzpcompress -- maps/Route35CoastNorth.ablk maps/Route35CoastNorth.ablk.lzp
tools/lzpcompress -- maps/Route35CoastSouth.ablk maps/Route35CoastSouth.ablk.lzp
tools/lzpcompress -- maps/Route35NationalParkGate.ablk maps/Route35NationalParkGate.ablk.lzp
tools/lzpcompress -- maps/Route36.ablk maps/Route36.ablk.lzp
tools/lzpcompress -- maps/Route36NationalParkGate.ablk maps/Route36NationalParkGate.ablk.lzp
tools/lzpcompress -- maps/Route37.ablk maps/Route37.ablk.lzp
tools/lzpcompress -- maps/Route38.ablk maps/Route38.ablk.lzp
tools/lzpcompress -- maps/Route39.ablk maps/Route39.ablk.lzp
tools/lzpcompress -- maps/Route39Barn.ablk maps/Route39Barn.ablk.lzp
tools/lzpcompress -- maps/Route40.ablk maps/Route40.ablk.lzp
tools/lzpcompress -- maps/Route41.ablk maps/Route41.ablk.lzp
tools/lzpcompress -- maps/Route42.ablk maps/Route42.ablk.lzp
tools/lzpcompress -- maps/Route43.ablk maps/Route43.ablk.lzp
tools/lzpcompress -- maps/Route43Raining.ablk maps/Route43Raining.ablk.lzp
tools/lzpcompress -- maps/Route44.ablk maps/Route44.ablk.lzp
tools/lzpcompress -- maps/Route45.ablk maps/Route45.ablk.lzp
tools/lzpcompress -- maps/Route46.ablk maps/Route46.ablk.lzp
tools/lzpcompress -- maps/Route47.ablk maps/Route47.ablk.lzp
tools/lzpcompress -- maps/Route48.ablk maps/Route48.ablk.lzp
tools/lzpcompress -- maps/Route49.ablk maps/Route49.ablk.lzp
tools/lzpcompress -- maps/BattleFactory1F.ablk maps/BattleFactory1F.ablk.lzp
tools/lzpcompress -- maps/BattleFactoryHallway.ablk maps/BattleFactoryHallway.ablk.lzp
tools/lzpcompress -- maps/BattleFactoryBattleRoom.ablk maps/BattleFactoryBattleRoom.ablk.lzp
rgbasm -DLOCALE_ZH -Weverything -Wtruncation=1 -E -Q8 -P includes.asm -o data/text/common.o data/text/common.asm
rgbgfx -c dmg -Weverything -o gfx/tilesets/johto_common.2bpp gfx/tilesets/johto_common.png
rgbgfx -c dmg -Weverything -o gfx/tilesets/johto_traditional.johto_common.2bpp gfx/tilesets/johto_traditional.johto_common.png
tools/lzpcompress -- data/tilesets/johto_traditional_metatiles.bin data/tilesets/johto_traditional_metatiles.bin.lzp
tools/lzpcompress -- data/tilesets/johto_traditional_attributes.bin data/tilesets/johto_traditional_attributes.bin.lzp
RGBASM=rgbasm RGBLINK=rgblink tools/collision_asm2bin.sh data/tilesets/johto_traditional_collision.asm data/tilesets/johto_traditional_collision.bin
rgbgfx -c dmg -Weverything -o gfx/tilesets/johto_modern.johto_common.2bpp gfx/tilesets/johto_modern.johto_common.png
tools/lzpcompress -- data/tilesets/johto_modern_metatiles.bin data/tilesets/johto_modern_metatiles.bin.lzp
tools/lzpcompress -- data/tilesets/johto_modern_attributes.bin data/tilesets/johto_modern_attributes.bin.lzp
RGBASM=rgbasm RGBLINK=rgblink tools/collision_asm2bin.sh data/tilesets/johto_modern_collision.asm data/tilesets/johto_modern_collision.bin
tools/lzpcompress -- data/tilesets/johto_coast_metatiles.bin data/tilesets/johto_coast_metatiles.bin.lzp
tools/lzpcompress -- data/tilesets/johto_coast_attributes.bin data/tilesets/johto_coast_attributes.bin.lzp
RGBASM=rgbasm RGBLINK=rgblink tools/collision_asm2bin.sh data/tilesets/johto_coast_collision.asm data/tilesets/johto_coast_collision.bin
rgbgfx -c dmg -Weverything -o gfx/tilesets/johto_outlands.johto_common.2bpp gfx/tilesets/johto_outlands.johto_common.png
tools/lzpcompress -- data/tilesets/johto_outlands_metatiles.bin data/tilesets/johto_outlands_metatiles.bin.lzp
tools/lzpcompress -- data/tilesets/johto_outlands_attributes.bin data/tilesets/johto_outlands_attributes.bin.lzp
RGBASM=rgbasm RGBLINK=rgblink tools/collision_asm2bin.sh data/tilesets/johto_outlands_collision.asm data/tilesets/johto_outlands_collision.bin
rgbgfx -c dmg -Weverything -o gfx/tilesets/johto_ancient.johto_common.2bpp gfx/tilesets/johto_ancient.johto_common.png
tools/lzpcompress -- data/tilesets/johto_ancient_metatiles.bin data/tilesets/johto_ancient_metatiles.bin.lzp
tools/lzpcompress -- data/tilesets/johto_ancient_attributes.bin data/tilesets/johto_ancient_attributes.bin.lzp
RGBASM=rgbasm RGBLINK=rgblink tools/collision_asm2bin.sh data/tilesets/johto_ancient_collision.asm data/tilesets/johto_ancient_collision.bin
tools/lzpcompress -- data/tilesets/johto_sacred_metatiles.bin data/tilesets/johto_sacred_metatiles.bin.lzp
tools/lzpcompress -- data/tilesets/johto_sacred_attributes.bin data/tilesets/johto_sacred_attributes.bin.lzp
RGBASM=rgbasm RGBLINK=rgblink tools/collision_asm2bin.sh data/tilesets/johto_sacred_collision.asm data/tilesets/johto_sacred_collision.bin
rgbgfx -c dmg -Weverything -o gfx/tilesets/battle_tower_outside.johto_common.2bpp gfx/tilesets/battle_tower_outside.johto_common.png
tools/lzpcompress -- data/tilesets/battle_tower_outside_metatiles.bin data/tilesets/battle_tower_outside_metatiles.bin.lzp
tools/lzpcompress -- data/tilesets/battle_tower_outside_attributes.bin data/tilesets/battle_tower_outside_attributes.bin.lzp
RGBASM=rgbasm RGBLINK=rgblink tools/collision_asm2bin.sh data/tilesets/battle_tower_outside_collision.asm data/tilesets/battle_tower_outside_collision.bin
rgbgfx -c dmg -Weverything -o gfx/tilesets/kanto_common.2bpp gfx/tilesets/kanto_common.png
rgbgfx -c dmg -Weverything -o gfx/tilesets/kanto.kanto_common.2bpp gfx/tilesets/kanto.kanto_common.png
tools/lzpcompress -- data/tilesets/kanto_metatiles.bin data/tilesets/kanto_metatiles.bin.lzp
tools/lzpcompress -- data/tilesets/kanto_attributes.bin data/tilesets/kanto_attributes.bin.lzp
RGBASM=rgbasm RGBLINK=rgblink tools/collision_asm2bin.sh data/tilesets/kanto_collision.asm data/tilesets/kanto_collision.bin
rgbgfx -c dmg -Weverything -o gfx/tilesets/kanto_north.kanto_common.2bpp gfx/tilesets/kanto_north.kanto_common.png
tools/lzpcompress -- data/tilesets/kanto_north_metatiles.bin data/tilesets/kanto_north_metatiles.bin.lzp
tools/lzpcompress -- data/tilesets/kanto_north_attributes.bin data/tilesets/kanto_north_attributes.bin.lzp
RGBASM=rgbasm RGBLINK=rgblink tools/collision_asm2bin.sh data/tilesets/kanto_north_collision.asm data/tilesets/kanto_north_collision.bin
rgbgfx -c dmg -Weverything -o gfx/tilesets/kanto_urban.kanto_common.2bpp gfx/tilesets/kanto_urban.kanto_common.png
tools/lzpcompress -- data/tilesets/kanto_urban_metatiles.bin data/tilesets/kanto_urban_metatiles.bin.lzp
tools/lzpcompress -- data/tilesets/kanto_urban_attributes.bin data/tilesets/kanto_urban_attributes.bin.lzp
RGBASM=rgbasm RGBLINK=rgblink tools/collision_asm2bin.sh data/tilesets/kanto_urban_collision.asm data/tilesets/kanto_urban_collision.bin
rgbgfx -c dmg -Weverything -o gfx/tilesets/indigo_plateau.kanto_common.2bpp gfx/tilesets/indigo_plateau.kanto_common.png
tools/lzpcompress -- data/tilesets/indigo_plateau_metatiles.bin data/tilesets/indigo_plateau_metatiles.bin.lzp
tools/lzpcompress -- data/tilesets/indigo_plateau_attributes.bin data/tilesets/indigo_plateau_attributes.bin.lzp
RGBASM=rgbasm RGBLINK=rgblink tools/collision_asm2bin.sh data/tilesets/indigo_plateau_collision.asm data/tilesets/indigo_plateau_collision.bin
rgbgfx -c dmg -Weverything -o gfx/tilesets/shamouti_island.2bpp gfx/tilesets/shamouti_island.png
tools/lzpcompress -- data/tilesets/shamouti_island_metatiles.bin data/tilesets/shamouti_island_metatiles.bin.lzp
tools/lzpcompress -- data/tilesets/shamouti_island_attributes.bin data/tilesets/shamouti_island_attributes.bin.lzp
RGBASM=rgbasm RGBLINK=rgblink tools/collision_asm2bin.sh data/tilesets/shamouti_island_collision.asm data/tilesets/shamouti_island_collision.bin
rgbgfx -c dmg -Weverything -o gfx/tilesets/valencia_island.2bpp gfx/tilesets/valencia_island.png
tools/lzpcompress -- data/tilesets/valencia_island_metatiles.bin data/tilesets/valencia_island_metatiles.bin.lzp
tools/lzpcompress -- data/tilesets/valencia_island_attributes.bin data/tilesets/valencia_island_attributes.bin.lzp
RGBASM=rgbasm RGBLINK=rgblink tools/collision_asm2bin.sh data/tilesets/valencia_island_collision.asm data/tilesets/valencia_island_collision.bin
rgbgfx -c dmg -Weverything -o gfx/tilesets/faraway_island.2bpp gfx/tilesets/faraway_island.png
tools/lzpcompress -- data/tilesets/faraway_island_metatiles.bin data/tilesets/faraway_island_metatiles.bin.lzp
tools/lzpcompress -- data/tilesets/faraway_island_attributes.bin data/tilesets/faraway_island_attributes.bin.lzp
RGBASM=rgbasm RGBLINK=rgblink tools/collision_asm2bin.sh data/tilesets/faraway_island_collision.asm data/tilesets/faraway_island_collision.bin
rgbgfx -c dmg -Weverything -o gfx/tilesets/johto_house.2bpp gfx/tilesets/johto_house.png
tools/lzpcompress -- data/tilesets/johto_house_metatiles.bin data/tilesets/johto_house_metatiles.bin.lzp
tools/lzpcompress -- data/tilesets/johto_house_attributes.bin data/tilesets/johto_house_attributes.bin.lzp
RGBASM=rgbasm RGBLINK=rgblink tools/collision_asm2bin.sh data/tilesets/johto_house_collision.asm data/tilesets/johto_house_collision.bin
rgbgfx -c dmg -Weverything -o gfx/tilesets/kanto_house.2bpp gfx/tilesets/kanto_house.png
tools/lzpcompress -- data/tilesets/kanto_house_metatiles.bin data/tilesets/kanto_house_metatiles.bin.lzp
tools/lzpcompress -- data/tilesets/kanto_house_attributes.bin data/tilesets/kanto_house_attributes.bin.lzp
RGBASM=rgbasm RGBLINK=rgblink tools/collision_asm2bin.sh data/tilesets/kanto_house_collision.asm data/tilesets/kanto_house_collision.bin
rgbgfx -c dmg -Weverything -o gfx/tilesets/traditional_house.2bpp gfx/tilesets/traditional_house.png
tools/lzpcompress -- data/tilesets/traditional_house_metatiles.bin data/tilesets/traditional_house_metatiles.bin.lzp
tools/lzpcompress -- data/tilesets/traditional_house_attributes.bin data/tilesets/traditional_house_attributes.bin.lzp
RGBASM=rgbasm RGBLINK=rgblink tools/collision_asm2bin.sh data/tilesets/traditional_house_collision.asm data/tilesets/traditional_house_collision.bin
rgbgfx -c dmg -Weverything -o gfx/tilesets/pokecenter.2bpp gfx/tilesets/pokecenter.png
tools/lzpcompress -- data/tilesets/pokecenter_metatiles.bin data/tilesets/pokecenter_metatiles.bin.lzp
tools/lzpcompress -- data/tilesets/pokecenter_attributes.bin data/tilesets/pokecenter_attributes.bin.lzp
RGBASM=rgbasm RGBLINK=rgblink tools/collision_asm2bin.sh data/tilesets/pokecenter_collision.asm data/tilesets/pokecenter_collision.bin
rgbgfx -c dmg -Weverything -o gfx/tilesets/pokecom_center.2bpp gfx/tilesets/pokecom_center.png
tools/lzpcompress -- data/tilesets/pokecom_center_metatiles.bin data/tilesets/pokecom_center_metatiles.bin.lzp
tools/lzpcompress -- data/tilesets/pokecom_center_attributes.bin data/tilesets/pokecom_center_attributes.bin.lzp
RGBASM=rgbasm RGBLINK=rgblink tools/collision_asm2bin.sh data/tilesets/pokecom_center_collision.asm data/tilesets/pokecom_center_collision.bin
rgbgfx -c dmg -Weverything -o gfx/tilesets/mart.2bpp gfx/tilesets/mart.png
tools/lzpcompress -- data/tilesets/mart_metatiles.bin data/tilesets/mart_metatiles.bin.lzp
tools/lzpcompress -- data/tilesets/mart_attributes.bin data/tilesets/mart_attributes.bin.lzp
RGBASM=rgbasm RGBLINK=rgblink tools/collision_asm2bin.sh data/tilesets/mart_collision.asm data/tilesets/mart_collision.bin
rgbgfx -c dmg -Weverything -o gfx/tilesets/gate.2bpp gfx/tilesets/gate.png
tools/lzpcompress -- data/tilesets/gate_metatiles.bin data/tilesets/gate_metatiles.bin.lzp
tools/lzpcompress -- data/tilesets/gate_attributes.bin data/tilesets/gate_attributes.bin.lzp
RGBASM=rgbasm RGBLINK=rgblink tools/collision_asm2bin.sh data/tilesets/gate_collision.asm data/tilesets/gate_collision.bin
rgbgfx -c dmg -Weverything -o gfx/tilesets/gym.2bpp gfx/tilesets/gym.png
tools/lzpcompress -- data/tilesets/gym_metatiles.bin data/tilesets/gym_metatiles.bin.lzp
tools/lzpcompress -- data/tilesets/gym_attributes.bin data/tilesets/gym_attributes.bin.lzp
RGBASM=rgbasm RGBLINK=rgblink tools/collision_asm2bin.sh data/tilesets/gym_collision.asm data/tilesets/gym_collision.bin
rgbgfx -c dmg -Weverything -o gfx/tilesets/magnet_train.2bpp gfx/tilesets/magnet_train.png
tools/lzpcompress -- data/tilesets/magnet_train_metatiles.bin data/tilesets/magnet_train_metatiles.bin.lzp
tools/lzpcompress -- data/tilesets/magnet_train_attributes.bin data/tilesets/magnet_train_attributes.bin.lzp
RGBASM=rgbasm RGBLINK=rgblink tools/collision_asm2bin.sh data/tilesets/magnet_train_collision.asm data/tilesets/magnet_train_collision.bin
rgbgfx -c dmg -Weverything -o gfx/tilesets/champions_room.2bpp gfx/tilesets/champions_room.png
tools/lzpcompress -- data/tilesets/champions_room_metatiles.bin data/tilesets/champions_room_metatiles.bin.lzp
tools/lzpcompress -- data/tilesets/champions_room_attributes.bin data/tilesets/champions_room_attributes.bin.lzp
RGBASM=rgbasm RGBLINK=rgblink tools/collision_asm2bin.sh data/tilesets/champions_room_collision.asm data/tilesets/champions_room_collision.bin
rgbgfx -c dmg -Weverything -o gfx/tilesets/port.2bpp gfx/tilesets/port.png
tools/lzpcompress -- data/tilesets/port_metatiles.bin data/tilesets/port_metatiles.bin.lzp
tools/lzpcompress -- data/tilesets/port_attributes.bin data/tilesets/port_attributes.bin.lzp
RGBASM=rgbasm RGBLINK=rgblink tools/collision_asm2bin.sh data/tilesets/port_collision.asm data/tilesets/port_collision.bin
rgbgfx -c dmg -Weverything -o gfx/tilesets/lab.2bpp gfx/tilesets/lab.png
tools/lzpcompress -- data/tilesets/lab_metatiles.bin data/tilesets/lab_metatiles.bin.lzp
tools/lzpcompress -- data/tilesets/lab_attributes.bin data/tilesets/lab_attributes.bin.lzp
RGBASM=rgbasm RGBLINK=rgblink tools/collision_asm2bin.sh data/tilesets/lab_collision.asm data/tilesets/lab_collision.bin
rgbgfx -c dmg -Weverything -o gfx/tilesets/facility.2bpp gfx/tilesets/facility.png
tools/lzpcompress -- data/tilesets/facility_metatiles.bin data/tilesets/facility_metatiles.bin.lzp
tools/lzpcompress -- data/tilesets/facility_attributes.bin data/tilesets/facility_attributes.bin.lzp
RGBASM=rgbasm RGBLINK=rgblink tools/collision_asm2bin.sh data/tilesets/facility_collision.asm data/tilesets/facility_collision.bin
rgbgfx -c dmg -Weverything -o gfx/tilesets/celadon_mansion.2bpp gfx/tilesets/celadon_mansion.png
tools/lzpcompress -- data/tilesets/celadon_mansion_metatiles.bin data/tilesets/celadon_mansion_metatiles.bin.lzp
tools/lzpcompress -- data/tilesets/celadon_mansion_attributes.bin data/tilesets/celadon_mansion_attributes.bin.lzp
RGBASM=rgbasm RGBLINK=rgblink tools/collision_asm2bin.sh data/tilesets/celadon_mansion_collision.asm data/tilesets/celadon_mansion_collision.bin
rgbgfx -c dmg -Weverything -o gfx/tilesets/game_corner.2bpp gfx/tilesets/game_corner.png
tools/lzpcompress -- data/tilesets/game_corner_metatiles.bin data/tilesets/game_corner_metatiles.bin.lzp
tools/lzpcompress -- data/tilesets/game_corner_attributes.bin data/tilesets/game_corner_attributes.bin.lzp
RGBASM=rgbasm RGBLINK=rgblink tools/collision_asm2bin.sh data/tilesets/game_corner_collision.asm data/tilesets/game_corner_collision.bin
rgbgfx -c dmg -Weverything -o gfx/tilesets/home_decor_store.2bpp gfx/tilesets/home_decor_store.png
tools/lzpcompress -- data/tilesets/home_decor_store_metatiles.bin data/tilesets/home_decor_store_metatiles.bin.lzp
tools/lzpcompress -- data/tilesets/home_decor_store_attributes.bin data/tilesets/home_decor_store_attributes.bin.lzp
RGBASM=rgbasm RGBLINK=rgblink tools/collision_asm2bin.sh data/tilesets/home_decor_store_collision.asm data/tilesets/home_decor_store_collision.bin
rgbgfx -c dmg -Weverything -o gfx/tilesets/museum.2bpp gfx/tilesets/museum.png
tools/lzpcompress -- data/tilesets/museum_metatiles.bin data/tilesets/museum_metatiles.bin.lzp
tools/lzpcompress -- data/tilesets/museum_attributes.bin data/tilesets/museum_attributes.bin.lzp
RGBASM=rgbasm RGBLINK=rgblink tools/collision_asm2bin.sh data/tilesets/museum_collision.asm data/tilesets/museum_collision.bin
rgbgfx -c dmg -Weverything -o gfx/tilesets/hotel.2bpp gfx/tilesets/hotel.png
tools/lzpcompress -- data/tilesets/hotel_metatiles.bin data/tilesets/hotel_metatiles.bin.lzp
tools/lzpcompress -- data/tilesets/hotel_attributes.bin data/tilesets/hotel_attributes.bin.lzp
RGBASM=rgbasm RGBLINK=rgblink tools/collision_asm2bin.sh data/tilesets/hotel_collision.asm data/tilesets/hotel_collision.bin
rgbgfx -c dmg -Weverything -o gfx/tilesets/sprout_tower.2bpp gfx/tilesets/sprout_tower.png
tools/lzpcompress -- data/tilesets/sprout_tower_metatiles.bin data/tilesets/sprout_tower_metatiles.bin.lzp
tools/lzpcompress -- data/tilesets/sprout_tower_attributes.bin data/tilesets/sprout_tower_attributes.bin.lzp
RGBASM=rgbasm RGBLINK=rgblink tools/collision_asm2bin.sh data/tilesets/sprout_tower_collision.asm data/tilesets/sprout_tower_collision.bin
rgbgfx -c dmg -Weverything -o gfx/tilesets/battle_tower_inside.2bpp gfx/tilesets/battle_tower_inside.png
tools/lzpcompress -- data/tilesets/battle_tower_inside_metatiles.bin data/tilesets/battle_tower_inside_metatiles.bin.lzp
tools/lzpcompress -- data/tilesets/battle_tower_inside_attributes.bin data/tilesets/battle_tower_inside_attributes.bin.lzp
RGBASM=rgbasm RGBLINK=rgblink tools/collision_asm2bin.sh data/tilesets/battle_tower_inside_collision.asm data/tilesets/battle_tower_inside_collision.bin
rgbgfx -c dmg -Weverything -o gfx/tilesets/radio_tower.2bpp gfx/tilesets/radio_tower.png
tools/lzpcompress -- data/tilesets/radio_tower_metatiles.bin data/tilesets/radio_tower_metatiles.bin.lzp
tools/lzpcompress -- data/tilesets/radio_tower_attributes.bin data/tilesets/radio_tower_attributes.bin.lzp
RGBASM=rgbasm RGBLINK=rgblink tools/collision_asm2bin.sh data/tilesets/radio_tower_collision.asm data/tilesets/radio_tower_collision.bin
rgbgfx -c dmg -Weverything -o gfx/tilesets/lighthouse.2bpp gfx/tilesets/lighthouse.png
tools/lzpcompress -- data/tilesets/lighthouse_metatiles.bin data/tilesets/lighthouse_metatiles.bin.lzp
tools/lzpcompress -- data/tilesets/lighthouse_attributes.bin data/tilesets/lighthouse_attributes.bin.lzp
RGBASM=rgbasm RGBLINK=rgblink tools/collision_asm2bin.sh data/tilesets/lighthouse_collision.asm data/tilesets/lighthouse_collision.bin
rgbgfx -c dmg -Weverything -o gfx/tilesets/underground.2bpp gfx/tilesets/underground.png
tools/lzpcompress -- data/tilesets/underground_metatiles.bin data/tilesets/underground_metatiles.bin.lzp
tools/lzpcompress -- data/tilesets/underground_attributes.bin data/tilesets/underground_attributes.bin.lzp
RGBASM=rgbasm RGBLINK=rgblink tools/collision_asm2bin.sh data/tilesets/underground_collision.asm data/tilesets/underground_collision.bin
rgbgfx -c dmg -Weverything -o gfx/tilesets/cave.2bpp gfx/tilesets/cave.png
tools/lzpcompress -- data/tilesets/cave_metatiles.bin data/tilesets/cave_metatiles.bin.lzp
tools/lzpcompress -- data/tilesets/cave_attributes.bin data/tilesets/cave_attributes.bin.lzp
RGBASM=rgbasm RGBLINK=rgblink tools/collision_asm2bin.sh data/tilesets/cave_collision.asm data/tilesets/cave_collision.bin
rgbgfx -c dmg -Weverything -o gfx/tilesets/quiet_cave.2bpp gfx/tilesets/quiet_cave.png
tools/lzpcompress -- data/tilesets/quiet_cave_metatiles.bin data/tilesets/quiet_cave_metatiles.bin.lzp
tools/lzpcompress -- data/tilesets/quiet_cave_attributes.bin data/tilesets/quiet_cave_attributes.bin.lzp
RGBASM=rgbasm RGBLINK=rgblink tools/collision_asm2bin.sh data/tilesets/quiet_cave_collision.asm data/tilesets/quiet_cave_collision.bin
tools/lzpcompress -- data/tilesets/volcano_metatiles.bin data/tilesets/volcano_metatiles.bin.lzp
tools/lzpcompress -- data/tilesets/volcano_attributes.bin data/tilesets/volcano_attributes.bin.lzp
RGBASM=rgbasm RGBLINK=rgblink tools/collision_asm2bin.sh data/tilesets/volcano_collision.asm data/tilesets/volcano_collision.bin
rgbgfx -c dmg -Weverything -o gfx/tilesets/ice_path.2bpp gfx/tilesets/ice_path.png
tools/lzpcompress -- data/tilesets/ice_path_metatiles.bin data/tilesets/ice_path_metatiles.bin.lzp
tools/lzpcompress -- data/tilesets/ice_path_attributes.bin data/tilesets/ice_path_attributes.bin.lzp
RGBASM=rgbasm RGBLINK=rgblink tools/collision_asm2bin.sh data/tilesets/ice_path_collision.asm data/tilesets/ice_path_collision.bin
rgbgfx -c dmg -Weverything -o gfx/tilesets/tunnel.2bpp gfx/tilesets/tunnel.png
tools/lzpcompress -- data/tilesets/tunnel_metatiles.bin data/tilesets/tunnel_metatiles.bin.lzp
tools/lzpcompress -- data/tilesets/tunnel_attributes.bin data/tilesets/tunnel_attributes.bin.lzp
RGBASM=rgbasm RGBLINK=rgblink tools/collision_asm2bin.sh data/tilesets/tunnel_collision.asm data/tilesets/tunnel_collision.bin
rgbgfx -c dmg -Weverything -o gfx/tilesets/forest.2bpp gfx/tilesets/forest.png
tools/lzpcompress -- data/tilesets/forest_metatiles.bin data/tilesets/forest_metatiles.bin.lzp
tools/lzpcompress -- data/tilesets/forest_attributes.bin data/tilesets/forest_attributes.bin.lzp
RGBASM=rgbasm RGBLINK=rgblink tools/collision_asm2bin.sh data/tilesets/forest_collision.asm data/tilesets/forest_collision.bin
rgbgfx -c dmg -Weverything -o gfx/tilesets/park.2bpp gfx/tilesets/park.png
tools/lzpcompress -- data/tilesets/park_metatiles.bin data/tilesets/park_metatiles.bin.lzp
tools/lzpcompress -- data/tilesets/park_attributes.bin data/tilesets/park_attributes.bin.lzp
RGBASM=rgbasm RGBLINK=rgblink tools/collision_asm2bin.sh data/tilesets/park_collision.asm data/tilesets/park_collision.bin
rgbgfx -c dmg -Weverything -o gfx/tilesets/safari_zone.2bpp gfx/tilesets/safari_zone.png
tools/lzpcompress -- data/tilesets/safari_zone_metatiles.bin data/tilesets/safari_zone_metatiles.bin.lzp
tools/lzpcompress -- data/tilesets/safari_zone_attributes.bin data/tilesets/safari_zone_attributes.bin.lzp
RGBASM=rgbasm RGBLINK=rgblink tools/collision_asm2bin.sh data/tilesets/safari_zone_collision.asm data/tilesets/safari_zone_collision.bin
rgbgfx -c dmg -Weverything -o gfx/tilesets/ruins_of_alph.2bpp gfx/tilesets/ruins_of_alph.png
tools/lzpcompress -- data/tilesets/ruins_of_alph_metatiles.bin data/tilesets/ruins_of_alph_metatiles.bin.lzp
tools/lzpcompress -- data/tilesets/ruins_of_alph_attributes.bin data/tilesets/ruins_of_alph_attributes.bin.lzp
RGBASM=rgbasm RGBLINK=rgblink tools/collision_asm2bin.sh data/tilesets/ruins_of_alph_collision.asm data/tilesets/ruins_of_alph_collision.bin
rgbgfx -c dmg -Weverything -o gfx/tilesets/pokemon_mansion.2bpp gfx/tilesets/pokemon_mansion.png
tools/lzpcompress -- data/tilesets/pokemon_mansion_metatiles.bin data/tilesets/pokemon_mansion_metatiles.bin.lzp
tools/lzpcompress -- data/tilesets/pokemon_mansion_attributes.bin data/tilesets/pokemon_mansion_attributes.bin.lzp
RGBASM=rgbasm RGBLINK=rgblink tools/collision_asm2bin.sh data/tilesets/pokemon_mansion_collision.asm data/tilesets/pokemon_mansion_collision.bin
rgbgfx -c dmg -Weverything -o gfx/tilesets/battle_factory.2bpp gfx/tilesets/battle_factory.png
tools/lzpcompress -- data/tilesets/battle_factory_metatiles.bin data/tilesets/battle_factory_metatiles.bin.lzp
tools/lzpcompress -- data/tilesets/battle_factory_attributes.bin data/tilesets/battle_factory_attributes.bin.lzp
RGBASM=rgbasm RGBLINK=rgblink tools/collision_asm2bin.sh data/tilesets/battle_factory_collision.asm data/tilesets/battle_factory_collision.bin
rgbgfx -c dmg -Weverything -o gfx/tilesets/snowtop_mountain.2bpp gfx/tilesets/snowtop_mountain.png
tools/lzpcompress -- data/tilesets/snowtop_mountain_metatiles.bin data/tilesets/snowtop_mountain_metatiles.bin.lzp
tools/lzpcompress -- data/tilesets/snowtop_mountain_attributes.bin data/tilesets/snowtop_mountain_attributes.bin.lzp
RGBASM=rgbasm RGBLINK=rgblink tools/collision_asm2bin.sh data/tilesets/snowtop_mountain_collision.asm data/tilesets/snowtop_mountain_collision.bin
rgbgfx -c dmg -Weverything -o gfx/tilesets/hidden_grotto.2bpp gfx/tilesets/hidden_grotto.png
tools/lzpcompress -- data/tilesets/hidden_grotto_metatiles.bin data/tilesets/hidden_grotto_metatiles.bin.lzp
tools/lzpcompress -- data/tilesets/hidden_grotto_attributes.bin data/tilesets/hidden_grotto_attributes.bin.lzp
RGBASM=rgbasm RGBLINK=rgblink tools/collision_asm2bin.sh data/tilesets/hidden_grotto_collision.asm data/tilesets/hidden_grotto_collision.bin
rgbgfx -c dmg -Weverything -o gfx/tilesets/peaks.2bpp gfx/tilesets/peaks.png
tools/lzpcompress -- data/tilesets/peaks_metatiles.bin data/tilesets/peaks_metatiles.bin.lzp
tools/lzpcompress -- data/tilesets/peaks_attributes.bin data/tilesets/peaks_attributes.bin.lzp
RGBASM=rgbasm RGBLINK=rgblink tools/collision_asm2bin.sh data/tilesets/peaks_collision.asm data/tilesets/peaks_collision.bin
rgbgfx -c dmg -Weverything -o gfx/tilesets/hideout.2bpp gfx/tilesets/hideout.png
tools/lzpcompress -- data/tilesets/hideout_metatiles.bin data/tilesets/hideout_metatiles.bin.lzp
tools/lzpcompress -- data/tilesets/hideout_attributes.bin data/tilesets/hideout_attributes.bin.lzp
RGBASM=rgbasm RGBLINK=rgblink tools/collision_asm2bin.sh data/tilesets/hideout_collision.asm data/tilesets/hideout_collision.bin
rgbgfx -c dmg -Weverything -o gfx/tilesets/kanto_gym.2bpp gfx/tilesets/kanto_gym.png
tools/lzpcompress -- data/tilesets/kanto_gym_metatiles.bin data/tilesets/kanto_gym_metatiles.bin.lzp
tools/lzpcompress -- data/tilesets/kanto_gym_attributes.bin data/tilesets/kanto_gym_attributes.bin.lzp
RGBASM=rgbasm RGBLINK=rgblink tools/collision_asm2bin.sh data/tilesets/kanto_gym_collision.asm data/tilesets/kanto_gym_collision.bin
rgbasm -DLOCALE_ZH -Weverything -Wtruncation=1 -E -Q8 -P includes.asm -o engine/movie/credits.o engine/movie/credits.asm
rgbasm -DLOCALE_ZH -Weverything -Wtruncation=1 -E -Q8 -P includes.asm -o engine/overworld/events.o engine/overworld/events.asm
rgbgfx -c dmg -Weverything -o gfx/minis/bulbasaur.2bpp gfx/minis/bulbasaur.png
rgbgfx -c dmg -Weverything -d1 -o gfx/minis/bulbasaur_mask.1bpp gfx/minis/bulbasaur_mask.png
rgbgfx -c dmg -Weverything -o gfx/icons/bulbasaur.2bpp gfx/icons/bulbasaur.png
rgbgfx -c dmg -Weverything -o gfx/minis/ivysaur.2bpp gfx/minis/ivysaur.png
rgbgfx -c dmg -Weverything -d1 -o gfx/minis/ivysaur_mask.1bpp gfx/minis/ivysaur_mask.png
rgbgfx -c dmg -Weverything -o gfx/icons/ivysaur.2bpp gfx/icons/ivysaur.png
rgbgfx -c dmg -Weverything -o gfx/minis/venusaur.2bpp gfx/minis/venusaur.png
rgbgfx -c dmg -Weverything -d1 -o gfx/minis/venusaur_mask.1bpp gfx/minis/venusaur_mask.png
rgbgfx -c dmg -Weverything -o gfx/icons/venusaur.2bpp gfx/icons/venusaur.png
rgbgfx -c dmg -Weverything -o gfx/minis/charmander.2bpp gfx/minis/charmander.png
rgbgfx -c dmg -Weverything -d1 -o gfx/minis/charmander_mask.1bpp gfx/minis/charmander_mask.png
rgbgfx -c dmg -Weverything -o gfx/icons/charmander.2bpp gfx/icons/charmander.png
rgbgfx -c dmg -Weverything -o gfx/minis/charmeleon.2bpp gfx/minis/charmeleon.png
rgbgfx -c dmg -Weverything -d1 -o gfx/minis/charmeleon_mask.1bpp gfx/minis/charmeleon_mask.png
rgbgfx -c dmg -Weverything -o gfx/icons/charmeleon.2bpp gfx/icons/charmeleon.png
rgbgfx -c dmg -Weverything -o gfx/minis/charizard.2bpp gfx/minis/charizard.png
rgbgfx -c dmg -Weverything -d1 -o gfx/minis/charizard_mask.1bpp gfx/minis/charizard_mask.png
rgbgfx -c dmg -Weverything -o gfx/icons/charizard.2bpp gfx/icons/charizard.png
rgbgfx -c dmg -Weverything -o gfx/minis/squirtle.2bpp gfx/minis/squirtle.png
rgbgfx -c dmg -Weverything -d1 -o gfx/minis/squirtle_mask.1bpp gfx/minis/squirtle_mask.png
rgbgfx -c dmg -Weverything -o gfx/icons/squirtle.2bpp gfx/icons/squirtle.png
rgbgfx -c dmg -Weverything -o gfx/minis/wartortle.2bpp gfx/minis/wartortle.png
rgbgfx -c dmg -Weverything -d1 -o gfx/minis/wartortle_mask.1bpp gfx/minis/wartortle_mask.png
rgbgfx -c dmg -Weverything -o gfx/icons/wartortle.2bpp gfx/icons/wartortle.png
rgbgfx -c dmg -Weverything -o gfx/minis/blastoise.2bpp gfx/minis/blastoise.png
rgbgfx -c dmg -Weverything -d1 -o gfx/minis/blastoise_mask.1bpp gfx/minis/blastoise_mask.png
rgbgfx -c dmg -Weverything -o gfx/icons/blastoise.2bpp gfx/icons/blastoise.png
rgbgfx -c dmg -Weverything -o gfx/minis/caterpie.2bpp gfx/minis/caterpie.png
rgbgfx -c dmg -Weverything -d1 -o gfx/minis/caterpie_mask.1bpp gfx/minis/caterpie_mask.png
rgbgfx -c dmg -Weverything -o gfx/icons/caterpie.2bpp gfx/icons/caterpie.png
rgbgfx -c dmg -Weverything -o gfx/minis/metapod.2bpp gfx/minis/metapod.png
rgbgfx -c dmg -Weverything -d1 -o gfx/minis/metapod_mask.1bpp gfx/minis/metapod_mask.png
rgbgfx -c dmg -Weverything -o gfx/icons/metapod.2bpp gfx/icons/metapod.png
rgbgfx -c dmg -Weverything -o gfx/minis/butterfree.2bpp gfx/minis/butterfree.png
rgbgfx -c dmg -Weverything -d1 -o gfx/minis/butterfree_mask.1bpp gfx/minis/butterfree_mask.png
rgbgfx -c dmg -Weverything -o gfx/icons/butterfree.2bpp gfx/icons/butterfree.png
rgbgfx -c dmg -Weverything -o gfx/minis/weedle.2bpp gfx/minis/weedle.png
rgbgfx -c dmg -Weverything -d1 -o gfx/minis/weedle_mask.1bpp gfx/minis/weedle_mask.png
rgbgfx -c dmg -Weverything -o gfx/icons/weedle.2bpp gfx/icons/weedle.png
rgbgfx -c dmg -Weverything -o gfx/minis/kakuna.2bpp gfx/minis/kakuna.png
rgbgfx -c dmg -Weverything -d1 -o gfx/minis/kakuna_mask.1bpp gfx/minis/kakuna_mask.png
rgbgfx -c dmg -Weverything -o gfx/icons/kakuna.2bpp gfx/icons/kakuna.png
rgbgfx -c dmg -Weverything -o gfx/minis/beedrill.2bpp gfx/minis/beedrill.png
rgbgfx -c dmg -Weverything -d1 -o gfx/minis/beedrill_mask.1bpp gfx/minis/beedrill_mask.png
rgbgfx -c dmg -Weverything -o gfx/icons/beedrill.2bpp gfx/icons/beedrill.png
rgbgfx -c dmg -Weverything -o gfx/minis/pidgey.2bpp gfx/minis/pidgey.png
rgbgfx -c dmg -Weverything -d1 -o gfx/minis/pidgey_mask.1bpp gfx/minis/pidgey_mask.png
rgbgfx -c dmg -Weverything -o gfx/icons/pidgey.2bpp gfx/icons/pidgey.png
rgbgfx -c dmg -Weverything -o gfx/minis/pidgeotto.2bpp gfx/minis/pidgeotto.png
rgbgfx -c dmg -Weverything -d1 -o gfx/minis/pidgeotto_mask.1bpp gfx/minis/pidgeotto_mask.png
rgbgfx -c dmg -Weverything -o gfx/icons/pidgeotto.2bpp gfx/icons/pidgeotto.png
rgbgfx -c dmg -Weverything -o gfx/minis/pidgeot.2bpp gfx/minis/pidgeot.png
rgbgfx -c dmg -Weverything -d1 -o gfx/minis/pidgeot_mask.1bpp gfx/minis/pidgeot_mask.png
rgbgfx -c dmg -Weverything -o gfx/icons/pidgeot.2bpp gfx/icons/pidgeot.png
rgbgfx -c dmg -Weverything -o gfx/minis/rattata.2bpp gfx/minis/rattata.png
rgbgfx -c dmg -Weverything -d1 -o gfx/minis/rattata_mask.1bpp gfx/minis/rattata_mask.png
rgbgfx -c dmg -Weverything -o gfx/icons/rattata.2bpp gfx/icons/rattata.png
rgbgfx -c dmg -Weverything -o gfx/minis/raticate.2bpp gfx/minis/raticate.png
rgbgfx -c dmg -Weverything -d1 -o gfx/minis/raticate_mask.1bpp gfx/minis/raticate_mask.png
rgbgfx -c dmg -Weverything -o gfx/icons/raticate.2bpp gfx/icons/raticate.png
rgbgfx -c dmg -Weverything -o gfx/minis/spearow.2bpp gfx/minis/spearow.png
rgbgfx -c dmg -Weverything -d1 -o gfx/minis/spearow_mask.1bpp gfx/minis/spearow_mask.png
rgbgfx -c dmg -Weverything -o gfx/icons/spearow.2bpp gfx/icons/spearow.png
rgbgfx -c dmg -Weverything -o gfx/minis/fearow.2bpp gfx/minis/fearow.png
rgbgfx -c dmg -Weverything -d1 -o gfx/minis/fearow_mask.1bpp gfx/minis/fearow_mask.png
rgbgfx -c dmg -Weverything -o gfx/icons/fearow.2bpp gfx/icons/fearow.png
rgbgfx -c dmg -Weverything -o gfx/minis/ekans.2bpp gfx/minis/ekans.png
rgbgfx -c dmg -Weverything -d1 -o gfx/minis/ekans_mask.1bpp gfx/minis/ekans_mask.png
rgbgfx -c dmg -Weverything -o gfx/icons/ekans.2bpp gfx/icons/ekans.png
rgbgfx -c dmg -Weverything -o gfx/minis/arbok.2bpp gfx/minis/arbok.png
rgbgfx -c dmg -Weverything -d1 -o gfx/minis/arbok_mask.1bpp gfx/minis/arbok_mask.png
rgbgfx -c dmg -Weverything -o gfx/icons/arbok.2bpp gfx/icons/arbok.png
rgbgfx -c dmg -Weverything -o gfx/minis/pikachu.2bpp gfx/minis/pikachu.png
rgbgfx -c dmg -Weverything -o gfx/minis/pikachu_fly.2bpp gfx/minis/pikachu_fly.png
rgbgfx -c dmg -Weverything -o gfx/minis/pikachu_surf.2bpp gfx/minis/pikachu_surf.png
rgbgfx -c dmg -Weverything -d1 -o gfx/minis/pikachu_mask.1bpp gfx/minis/pikachu_mask.png
rgbgfx -c dmg -Weverything -d1 -o gfx/minis/pikachu_fly_mask.1bpp gfx/minis/pikachu_fly_mask.png
rgbgfx -c dmg -Weverything -d1 -o gfx/minis/pikachu_surf_mask.1bpp gfx/minis/pikachu_surf_mask.png
rgbgfx -c dmg -Weverything -o gfx/icons/pikachu.2bpp gfx/icons/pikachu.png
rgbgfx -c dmg -Weverything -o gfx/minis/raichu.2bpp gfx/minis/raichu.png
rgbgfx -c dmg -Weverything -d1 -o gfx/minis/raichu_mask.1bpp gfx/minis/raichu_mask.png
rgbgfx -c dmg -Weverything -o gfx/icons/raichu.2bpp gfx/icons/raichu.png
rgbgfx -c dmg -Weverything -o gfx/minis/sandshrew.2bpp gfx/minis/sandshrew.png
rgbgfx -c dmg -Weverything -d1 -o gfx/minis/sandshrew_mask.1bpp gfx/minis/sandshrew_mask.png
rgbgfx -c dmg -Weverything -o gfx/icons/sandshrew.2bpp gfx/icons/sandshrew.png
rgbgfx -c dmg -Weverything -o gfx/minis/sandslash.2bpp gfx/minis/sandslash.png
rgbgfx -c dmg -Weverything -d1 -o gfx/minis/sandslash_mask.1bpp gfx/minis/sandslash_mask.png
rgbgfx -c dmg -Weverything -o gfx/icons/sandslash.2bpp gfx/icons/sandslash.png
rgbgfx -c dmg -Weverything -o gfx/minis/nidoran_f.2bpp gfx/minis/nidoran_f.png
rgbgfx -c dmg -Weverything -d1 -o gfx/minis/nidoran_f_mask.1bpp gfx/minis/nidoran_f_mask.png
rgbgfx -c dmg -Weverything -o gfx/icons/nidoran_f.2bpp gfx/icons/nidoran_f.png
rgbgfx -c dmg -Weverything -o gfx/minis/nidorina.2bpp gfx/minis/nidorina.png
rgbgfx -c dmg -Weverything -d1 -o gfx/minis/nidorina_mask.1bpp gfx/minis/nidorina_mask.png
rgbgfx -c dmg -Weverything -o gfx/icons/nidorina.2bpp gfx/icons/nidorina.png
rgbgfx -c dmg -Weverything -o gfx/minis/nidoqueen.2bpp gfx/minis/nidoqueen.png
rgbgfx -c dmg -Weverything -d1 -o gfx/minis/nidoqueen_mask.1bpp gfx/minis/nidoqueen_mask.png
rgbgfx -c dmg -Weverything -o gfx/icons/nidoqueen.2bpp gfx/icons/nidoqueen.png
rgbgfx -c dmg -Weverything -o gfx/minis/nidoran_m.2bpp gfx/minis/nidoran_m.png
rgbgfx -c dmg -Weverything -d1 -o gfx/minis/nidoran_m_mask.1bpp gfx/minis/nidoran_m_mask.png
rgbgfx -c dmg -Weverything -o gfx/icons/nidoran_m.2bpp gfx/icons/nidoran_m.png
rgbgfx -c dmg -Weverything -o gfx/minis/nidorino.2bpp gfx/minis/nidorino.png
rgbgfx -c dmg -Weverything -d1 -o gfx/minis/nidorino_mask.1bpp gfx/minis/nidorino_mask.png
rgbgfx -c dmg -Weverything -o gfx/icons/nidorino.2bpp gfx/icons/nidorino.png
rgbgfx -c dmg -Weverything -o gfx/minis/nidoking.2bpp gfx/minis/nidoking.png
rgbgfx -c dmg -Weverything -d1 -o gfx/minis/nidoking_mask.1bpp gfx/minis/nidoking_mask.png
rgbgfx -c dmg -Weverything -o gfx/icons/nidoking.2bpp gfx/icons/nidoking.png
rgbgfx -c dmg -Weverything -o gfx/minis/clefairy.2bpp gfx/minis/clefairy.png
rgbgfx -c dmg -Weverything -d1 -o gfx/minis/clefairy_mask.1bpp gfx/minis/clefairy_mask.png
rgbgfx -c dmg -Weverything -o gfx/icons/clefairy.2bpp gfx/icons/clefairy.png
rgbgfx -c dmg -Weverything -o gfx/minis/clefable.2bpp gfx/minis/clefable.png
rgbgfx -c dmg -Weverything -d1 -o gfx/minis/clefable_mask.1bpp gfx/minis/clefable_mask.png
rgbgfx -c dmg -Weverything -o gfx/icons/clefable.2bpp gfx/icons/clefable.png
rgbgfx -c dmg -Weverything -o gfx/minis/vulpix.2bpp gfx/minis/vulpix.png
rgbgfx -c dmg -Weverything -d1 -o gfx/minis/vulpix_mask.1bpp gfx/minis/vulpix_mask.png
rgbgfx -c dmg -Weverything -o gfx/icons/vulpix.2bpp gfx/icons/vulpix.png
rgbgfx -c dmg -Weverything -o gfx/minis/ninetales.2bpp gfx/minis/ninetales.png
rgbgfx -c dmg -Weverything -d1 -o gfx/minis/ninetales_mask.1bpp gfx/minis/ninetales_mask.png
rgbgfx -c dmg -Weverything -o gfx/icons/ninetales.2bpp gfx/icons/ninetales.png
rgbgfx -c dmg -Weverything -o gfx/minis/jigglypuff.2bpp gfx/minis/jigglypuff.png
rgbgfx -c dmg -Weverything -d1 -o gfx/minis/jigglypuff_mask.1bpp gfx/minis/jigglypuff_mask.png
rgbgfx -c dmg -Weverything -o gfx/icons/jigglypuff.2bpp gfx/icons/jigglypuff.png
rgbgfx -c dmg -Weverything -o gfx/minis/wigglytuff.2bpp gfx/minis/wigglytuff.png
rgbgfx -c dmg -Weverything -d1 -o gfx/minis/wigglytuff_mask.1bpp gfx/minis/wigglytuff_mask.png
rgbgfx -c dmg -Weverything -o gfx/icons/wigglytuff.2bpp gfx/icons/wigglytuff.png
rgbgfx -c dmg -Weverything -o gfx/minis/zubat.2bpp gfx/minis/zubat.png
rgbgfx -c dmg -Weverything -d1 -o gfx/minis/zubat_mask.1bpp gfx/minis/zubat_mask.png
rgbgfx -c dmg -Weverything -o gfx/icons/zubat.2bpp gfx/icons/zubat.png
rgbgfx -c dmg -Weverything -o gfx/minis/golbat.2bpp gfx/minis/golbat.png
rgbgfx -c dmg -Weverything -d1 -o gfx/minis/golbat_mask.1bpp gfx/minis/golbat_mask.png
rgbgfx -c dmg -Weverything -o gfx/icons/golbat.2bpp gfx/icons/golbat.png
rgbgfx -c dmg -Weverything -o gfx/minis/oddish.2bpp gfx/minis/oddish.png
rgbgfx -c dmg -Weverything -d1 -o gfx/minis/oddish_mask.1bpp gfx/minis/oddish_mask.png
rgbgfx -c dmg -Weverything -o gfx/icons/oddish.2bpp gfx/icons/oddish.png
rgbgfx -c dmg -Weverything -o gfx/minis/gloom.2bpp gfx/minis/gloom.png
rgbgfx -c dmg -Weverything -d1 -o gfx/minis/gloom_mask.1bpp gfx/minis/gloom_mask.png
rgbgfx -c dmg -Weverything -o gfx/icons/gloom.2bpp gfx/icons/gloom.png
rgbgfx -c dmg -Weverything -o gfx/minis/vileplume.2bpp gfx/minis/vileplume.png
rgbgfx -c dmg -Weverything -d1 -o gfx/minis/vileplume_mask.1bpp gfx/minis/vileplume_mask.png
rgbgfx -c dmg -Weverything -o gfx/icons/vileplume.2bpp gfx/icons/vileplume.png
rgbgfx -c dmg -Weverything -o gfx/minis/paras.2bpp gfx/minis/paras.png
rgbgfx -c dmg -Weverything -d1 -o gfx/minis/paras_mask.1bpp gfx/minis/paras_mask.png
rgbgfx -c dmg -Weverything -o gfx/icons/paras.2bpp gfx/icons/paras.png
rgbgfx -c dmg -Weverything -o gfx/minis/parasect.2bpp gfx/minis/parasect.png
rgbgfx -c dmg -Weverything -d1 -o gfx/minis/parasect_mask.1bpp gfx/minis/parasect_mask.png
rgbgfx -c dmg -Weverything -o gfx/icons/parasect.2bpp gfx/icons/parasect.png
rgbgfx -c dmg -Weverything -o gfx/minis/venonat.2bpp gfx/minis/venonat.png
rgbgfx -c dmg -Weverything -d1 -o gfx/minis/venonat_mask.1bpp gfx/minis/venonat_mask.png
rgbgfx -c dmg -Weverything -o gfx/icons/venonat.2bpp gfx/icons/venonat.png
rgbgfx -c dmg -Weverything -o gfx/minis/venomoth.2bpp gfx/minis/venomoth.png
rgbgfx -c dmg -Weverything -d1 -o gfx/minis/venomoth_mask.1bpp gfx/minis/venomoth_mask.png
rgbgfx -c dmg -Weverything -o gfx/icons/venomoth.2bpp gfx/icons/venomoth.png
rgbgfx -c dmg -Weverything -o gfx/minis/diglett.2bpp gfx/minis/diglett.png
rgbgfx -c dmg -Weverything -d1 -o gfx/minis/diglett_mask.1bpp gfx/minis/diglett_mask.png
rgbgfx -c dmg -Weverything -o gfx/icons/diglett.2bpp gfx/icons/diglett.png
rgbgfx -c dmg -Weverything -o gfx/minis/dugtrio.2bpp gfx/minis/dugtrio.png
rgbgfx -c dmg -Weverything -d1 -o gfx/minis/dugtrio_mask.1bpp gfx/minis/dugtrio_mask.png
rgbgfx -c dmg -Weverything -o gfx/icons/dugtrio.2bpp gfx/icons/dugtrio.png
rgbgfx -c dmg -Weverything -o gfx/minis/meowth.2bpp gfx/minis/meowth.png
rgbgfx -c dmg -Weverything -d1 -o gfx/minis/meowth_mask.1bpp gfx/minis/meowth_mask.png
rgbgfx -c dmg -Weverything -o gfx/icons/meowth.2bpp gfx/icons/meowth.png
rgbgfx -c dmg -Weverything -o gfx/minis/persian.2bpp gfx/minis/persian.png
rgbgfx -c dmg -Weverything -d1 -o gfx/minis/persian_mask.1bpp gfx/minis/persian_mask.png
rgbgfx -c dmg -Weverything -o gfx/icons/persian.2bpp gfx/icons/persian.png
rgbgfx -c dmg -Weverything -o gfx/minis/psyduck.2bpp gfx/minis/psyduck.png
rgbgfx -c dmg -Weverything -d1 -o gfx/minis/psyduck_mask.1bpp gfx/minis/psyduck_mask.png
rgbgfx -c dmg -Weverything -o gfx/icons/psyduck.2bpp gfx/icons/psyduck.png
rgbgfx -c dmg -Weverything -o gfx/minis/golduck.2bpp gfx/minis/golduck.png
rgbgfx -c dmg -Weverything -d1 -o gfx/minis/golduck_mask.1bpp gfx/minis/golduck_mask.png
rgbgfx -c dmg -Weverything -o gfx/icons/golduck.2bpp gfx/icons/golduck.png
rgbgfx -c dmg -Weverything -o gfx/minis/mankey.2bpp gfx/minis/mankey.png
rgbgfx -c dmg -Weverything -d1 -o gfx/minis/mankey_mask.1bpp gfx/minis/mankey_mask.png
rgbgfx -c dmg -Weverything -o gfx/icons/mankey.2bpp gfx/icons/mankey.png
rgbgfx -c dmg -Weverything -o gfx/minis/primeape.2bpp gfx/minis/primeape.png
rgbgfx -c dmg -Weverything -d1 -o gfx/minis/primeape_mask.1bpp gfx/minis/primeape_mask.png
rgbgfx -c dmg -Weverything -o gfx/icons/primeape.2bpp gfx/icons/primeape.png
rgbgfx -c dmg -Weverything -o gfx/minis/growlithe.2bpp gfx/minis/growlithe.png
rgbgfx -c dmg -Weverything -d1 -o gfx/minis/growlithe_mask.1bpp gfx/minis/growlithe_mask.png
rgbgfx -c dmg -Weverything -o gfx/icons/growlithe.2bpp gfx/icons/growlithe.png
rgbgfx -c dmg -Weverything -o gfx/minis/arcanine.2bpp gfx/minis/arcanine.png
rgbgfx -c dmg -Weverything -d1 -o gfx/minis/arcanine_mask.1bpp gfx/minis/arcanine_mask.png
rgbgfx -c dmg -Weverything -o gfx/icons/arcanine.2bpp gfx/icons/arcanine.png
rgbgfx -c dmg -Weverything -o gfx/minis/poliwag.2bpp gfx/minis/poliwag.png
rgbgfx -c dmg -Weverything -d1 -o gfx/minis/poliwag_mask.1bpp gfx/minis/poliwag_mask.png
rgbgfx -c dmg -Weverything -o gfx/icons/poliwag.2bpp gfx/icons/poliwag.png
rgbgfx -c dmg -Weverything -o gfx/minis/poliwhirl.2bpp gfx/minis/poliwhirl.png
rgbgfx -c dmg -Weverything -d1 -o gfx/minis/poliwhirl_mask.1bpp gfx/minis/poliwhirl_mask.png
rgbgfx -c dmg -Weverything -o gfx/icons/poliwhirl.2bpp gfx/icons/poliwhirl.png
rgbgfx -c dmg -Weverything -o gfx/minis/poliwrath.2bpp gfx/minis/poliwrath.png
rgbgfx -c dmg -Weverything -d1 -o gfx/minis/poliwrath_mask.1bpp gfx/minis/poliwrath_mask.png
rgbgfx -c dmg -Weverything -o gfx/icons/poliwrath.2bpp gfx/icons/poliwrath.png
rgbgfx -c dmg -Weverything -o gfx/minis/abra.2bpp gfx/minis/abra.png
rgbgfx -c dmg -Weverything -d1 -o gfx/minis/abra_mask.1bpp gfx/minis/abra_mask.png
rgbgfx -c dmg -Weverything -o gfx/icons/abra.2bpp gfx/icons/abra.png
rgbgfx -c dmg -Weverything -o gfx/minis/kadabra.2bpp gfx/minis/kadabra.png
rgbgfx -c dmg -Weverything -d1 -o gfx/minis/kadabra_mask.1bpp gfx/minis/kadabra_mask.png
rgbgfx -c dmg -Weverything -o gfx/icons/kadabra.2bpp gfx/icons/kadabra.png
rgbgfx -c dmg -Weverything -o gfx/minis/alakazam.2bpp gfx/minis/alakazam.png
rgbgfx -c dmg -Weverything -d1 -o gfx/minis/alakazam_mask.1bpp gfx/minis/alakazam_mask.png
rgbgfx -c dmg -Weverything -o gfx/icons/alakazam.2bpp gfx/icons/alakazam.png
rgbgfx -c dmg -Weverything -o gfx/minis/machop.2bpp gfx/minis/machop.png
rgbgfx -c dmg -Weverything -d1 -o gfx/minis/machop_mask.1bpp gfx/minis/machop_mask.png
rgbgfx -c dmg -Weverything -o gfx/icons/machop.2bpp gfx/icons/machop.png
rgbgfx -c dmg -Weverything -o gfx/minis/machoke.2bpp gfx/minis/machoke.png
rgbgfx -c dmg -Weverything -d1 -o gfx/minis/machoke_mask.1bpp gfx/minis/machoke_mask.png
rgbgfx -c dmg -Weverything -o gfx/icons/machoke.2bpp gfx/icons/machoke.png
rgbgfx -c dmg -Weverything -o gfx/minis/machamp.2bpp gfx/minis/machamp.png
rgbgfx -c dmg -Weverything -d1 -o gfx/minis/machamp_mask.1bpp gfx/minis/machamp_mask.png
rgbgfx -c dmg -Weverything -o gfx/icons/machamp.2bpp gfx/icons/machamp.png
rgbgfx -c dmg -Weverything -o gfx/minis/bellsprout.2bpp gfx/minis/bellsprout.png
rgbgfx -c dmg -Weverything -d1 -o gfx/minis/bellsprout_mask.1bpp gfx/minis/bellsprout_mask.png
rgbgfx -c dmg -Weverything -o gfx/icons/bellsprout.2bpp gfx/icons/bellsprout.png
rgbgfx -c dmg -Weverything -o gfx/minis/weepinbell.2bpp gfx/minis/weepinbell.png
rgbgfx -c dmg -Weverything -d1 -o gfx/minis/weepinbell_mask.1bpp gfx/minis/weepinbell_mask.png
rgbgfx -c dmg -Weverything -o gfx/icons/weepinbell.2bpp gfx/icons/weepinbell.png
rgbgfx -c dmg -Weverything -o gfx/minis/victreebel.2bpp gfx/minis/victreebel.png
rgbgfx -c dmg -Weverything -d1 -o gfx/minis/victreebel_mask.1bpp gfx/minis/victreebel_mask.png
rgbgfx -c dmg -Weverything -o gfx/icons/victreebel.2bpp gfx/icons/victreebel.png
rgbgfx -c dmg -Weverything -o gfx/minis/tentacool.2bpp gfx/minis/tentacool.png
rgbgfx -c dmg -Weverything -d1 -o gfx/minis/tentacool_mask.1bpp gfx/minis/tentacool_mask.png
rgbgfx -c dmg -Weverything -o gfx/icons/tentacool.2bpp gfx/icons/tentacool.png
rgbgfx -c dmg -Weverything -o gfx/minis/tentacruel.2bpp gfx/minis/tentacruel.png
rgbgfx -c dmg -Weverything -d1 -o gfx/minis/tentacruel_mask.1bpp gfx/minis/tentacruel_mask.png
rgbgfx -c dmg -Weverything -o gfx/icons/tentacruel.2bpp gfx/icons/tentacruel.png
rgbgfx -c dmg -Weverything -o gfx/minis/geodude.2bpp gfx/minis/geodude.png
rgbgfx -c dmg -Weverything -d1 -o gfx/minis/geodude_mask.1bpp gfx/minis/geodude_mask.png
rgbgfx -c dmg -Weverything -o gfx/icons/geodude.2bpp gfx/icons/geodude.png
rgbgfx -c dmg -Weverything -o gfx/minis/graveler.2bpp gfx/minis/graveler.png
rgbgfx -c dmg -Weverything -d1 -o gfx/minis/graveler_mask.1bpp gfx/minis/graveler_mask.png
rgbgfx -c dmg -Weverything -o gfx/icons/graveler.2bpp gfx/icons/graveler.png
rgbgfx -c dmg -Weverything -o gfx/minis/golem.2bpp gfx/minis/golem.png
rgbgfx -c dmg -Weverything -d1 -o gfx/minis/golem_mask.1bpp gfx/minis/golem_mask.png
rgbgfx -c dmg -Weverything -o gfx/icons/golem.2bpp gfx/icons/golem.png
rgbgfx -c dmg -Weverything -o gfx/minis/ponyta.2bpp gfx/minis/ponyta.png
rgbgfx -c dmg -Weverything -d1 -o gfx/minis/ponyta_mask.1bpp gfx/minis/ponyta_mask.png
rgbgfx -c dmg -Weverything -o gfx/icons/ponyta.2bpp gfx/icons/ponyta.png
rgbgfx -c dmg -Weverything -o gfx/minis/rapidash.2bpp gfx/minis/rapidash.png
rgbgfx -c dmg -Weverything -d1 -o gfx/minis/rapidash_mask.1bpp gfx/minis/rapidash_mask.png
rgbgfx -c dmg -Weverything -o gfx/icons/rapidash.2bpp gfx/icons/rapidash.png
rgbgfx -c dmg -Weverything -o gfx/minis/slowpoke.2bpp gfx/minis/slowpoke.png
rgbgfx -c dmg -Weverything -d1 -o gfx/minis/slowpoke_mask.1bpp gfx/minis/slowpoke_mask.png
rgbgfx -c dmg -Weverything -o gfx/icons/slowpoke.2bpp gfx/icons/slowpoke.png
rgbgfx -c dmg -Weverything -o gfx/minis/slowbro.2bpp gfx/minis/slowbro.png
rgbgfx -c dmg -Weverything -d1 -o gfx/minis/slowbro_mask.1bpp gfx/minis/slowbro_mask.png
rgbgfx -c dmg -Weverything -o gfx/icons/slowbro.2bpp gfx/icons/slowbro.png
rgbgfx -c dmg -Weverything -o gfx/minis/magnemite.2bpp gfx/minis/magnemite.png
rgbgfx -c dmg -Weverything -d1 -o gfx/minis/magnemite_mask.1bpp gfx/minis/magnemite_mask.png
rgbgfx -c dmg -Weverything -o gfx/icons/magnemite.2bpp gfx/icons/magnemite.png
rgbgfx -c dmg -Weverything -o gfx/minis/magneton.2bpp gfx/minis/magneton.png
rgbgfx -c dmg -Weverything -d1 -o gfx/minis/magneton_mask.1bpp gfx/minis/magneton_mask.png
rgbgfx -c dmg -Weverything -o gfx/icons/magneton.2bpp gfx/icons/magneton.png
rgbgfx -c dmg -Weverything -o gfx/minis/farfetch_d.2bpp gfx/minis/farfetch_d.png
rgbgfx -c dmg -Weverything -d1 -o gfx/minis/farfetch_d_mask.1bpp gfx/minis/farfetch_d_mask.png
rgbgfx -c dmg -Weverything -o gfx/icons/farfetch_d.2bpp gfx/icons/farfetch_d.png
rgbgfx -c dmg -Weverything -o gfx/minis/doduo.2bpp gfx/minis/doduo.png
rgbgfx -c dmg -Weverything -d1 -o gfx/minis/doduo_mask.1bpp gfx/minis/doduo_mask.png
rgbgfx -c dmg -Weverything -o gfx/icons/doduo.2bpp gfx/icons/doduo.png
rgbgfx -c dmg -Weverything -o gfx/minis/dodrio.2bpp gfx/minis/dodrio.png
rgbgfx -c dmg -Weverything -d1 -o gfx/minis/dodrio_mask.1bpp gfx/minis/dodrio_mask.png
rgbgfx -c dmg -Weverything -o gfx/icons/dodrio.2bpp gfx/icons/dodrio.png
rgbgfx -c dmg -Weverything -o gfx/minis/seel.2bpp gfx/minis/seel.png
rgbgfx -c dmg -Weverything -d1 -o gfx/minis/seel_mask.1bpp gfx/minis/seel_mask.png
rgbgfx -c dmg -Weverything -o gfx/icons/seel.2bpp gfx/icons/seel.png
rgbgfx -c dmg -Weverything -o gfx/minis/dewgong.2bpp gfx/minis/dewgong.png
rgbgfx -c dmg -Weverything -d1 -o gfx/minis/dewgong_mask.1bpp gfx/minis/dewgong_mask.png
rgbgfx -c dmg -Weverything -o gfx/icons/dewgong.2bpp gfx/icons/dewgong.png
rgbgfx -c dmg -Weverything -o gfx/minis/grimer.2bpp gfx/minis/grimer.png
rgbgfx -c dmg -Weverything -d1 -o gfx/minis/grimer_mask.1bpp gfx/minis/grimer_mask.png
rgbgfx -c dmg -Weverything -o gfx/icons/grimer.2bpp gfx/icons/grimer.png
rgbgfx -c dmg -Weverything -o gfx/minis/muk.2bpp gfx/minis/muk.png
rgbgfx -c dmg -Weverything -d1 -o gfx/minis/muk_mask.1bpp gfx/minis/muk_mask.png
rgbgfx -c dmg -Weverything -o gfx/icons/muk.2bpp gfx/icons/muk.png
rgbgfx -c dmg -Weverything -o gfx/minis/shellder.2bpp gfx/minis/shellder.png
rgbgfx -c dmg -Weverything -d1 -o gfx/minis/shellder_mask.1bpp gfx/minis/shellder_mask.png
rgbgfx -c dmg -Weverything -o gfx/icons/shellder.2bpp gfx/icons/shellder.png
rgbgfx -c dmg -Weverything -o gfx/minis/cloyster.2bpp gfx/minis/cloyster.png
rgbgfx -c dmg -Weverything -d1 -o gfx/minis/cloyster_mask.1bpp gfx/minis/cloyster_mask.png
rgbgfx -c dmg -Weverything -o gfx/icons/cloyster.2bpp gfx/icons/cloyster.png
rgbgfx -c dmg -Weverything -o gfx/minis/gastly.2bpp gfx/minis/gastly.png
rgbgfx -c dmg -Weverything -d1 -o gfx/minis/gastly_mask.1bpp gfx/minis/gastly_mask.png
rgbgfx -c dmg -Weverything -o gfx/icons/gastly.2bpp gfx/icons/gastly.png
rgbgfx -c dmg -Weverything -o gfx/minis/haunter.2bpp gfx/minis/haunter.png
rgbgfx -c dmg -Weverything -d1 -o gfx/minis/haunter_mask.1bpp gfx/minis/haunter_mask.png
rgbgfx -c dmg -Weverything -o gfx/icons/haunter.2bpp gfx/icons/haunter.png
rgbgfx -c dmg -Weverything -o gfx/minis/gengar.2bpp gfx/minis/gengar.png
rgbgfx -c dmg -Weverything -d1 -o gfx/minis/gengar_mask.1bpp gfx/minis/gengar_mask.png
rgbgfx -c dmg -Weverything -o gfx/icons/gengar.2bpp gfx/icons/gengar.png
rgbgfx -c dmg -Weverything -o gfx/minis/onix.2bpp gfx/minis/onix.png
rgbgfx -c dmg -Weverything -d1 -o gfx/minis/onix_mask.1bpp gfx/minis/onix_mask.png
rgbgfx -c dmg -Weverything -o gfx/icons/onix.2bpp gfx/icons/onix.png
rgbgfx -c dmg -Weverything -o gfx/minis/drowzee.2bpp gfx/minis/drowzee.png
rgbgfx -c dmg -Weverything -d1 -o gfx/minis/drowzee_mask.1bpp gfx/minis/drowzee_mask.png
rgbgfx -c dmg -Weverything -o gfx/icons/drowzee.2bpp gfx/icons/drowzee.png
rgbgfx -c dmg -Weverything -o gfx/minis/hypno.2bpp gfx/minis/hypno.png
rgbgfx -c dmg -Weverything -d1 -o gfx/minis/hypno_mask.1bpp gfx/minis/hypno_mask.png
rgbgfx -c dmg -Weverything -o gfx/icons/hypno.2bpp gfx/icons/hypno.png
rgbgfx -c dmg -Weverything -o gfx/minis/krabby.2bpp gfx/minis/krabby.png
rgbgfx -c dmg -Weverything -d1 -o gfx/minis/krabby_mask.1bpp gfx/minis/krabby_mask.png
rgbgfx -c dmg -Weverything -o gfx/icons/krabby.2bpp gfx/icons/krabby.png
rgbgfx -c dmg -Weverything -o gfx/minis/kingler.2bpp gfx/minis/kingler.png
rgbgfx -c dmg -Weverything -d1 -o gfx/minis/kingler_mask.1bpp gfx/minis/kingler_mask.png
rgbgfx -c dmg -Weverything -o gfx/icons/kingler.2bpp gfx/icons/kingler.png
rgbgfx -c dmg -Weverything -o gfx/minis/voltorb.2bpp gfx/minis/voltorb.png
rgbgfx -c dmg -Weverything -d1 -o gfx/minis/voltorb_mask.1bpp gfx/minis/voltorb_mask.png
rgbgfx -c dmg -Weverything -o gfx/icons/voltorb.2bpp gfx/icons/voltorb.png
rgbgfx -c dmg -Weverything -o gfx/minis/electrode.2bpp gfx/minis/electrode.png
rgbgfx -c dmg -Weverything -d1 -o gfx/minis/electrode_mask.1bpp gfx/minis/electrode_mask.png
rgbgfx -c dmg -Weverything -o gfx/icons/electrode.2bpp gfx/icons/electrode.png
rgbgfx -c dmg -Weverything -o gfx/minis/exeggcute.2bpp gfx/minis/exeggcute.png
rgbgfx -c dmg -Weverything -d1 -o gfx/minis/exeggcute_mask.1bpp gfx/minis/exeggcute_mask.png
rgbgfx -c dmg -Weverything -o gfx/icons/exeggcute.2bpp gfx/icons/exeggcute.png
rgbgfx -c dmg -Weverything -o gfx/minis/exeggutor.2bpp gfx/minis/exeggutor.png
rgbgfx -c dmg -Weverything -d1 -o gfx/minis/exeggutor_mask.1bpp gfx/minis/exeggutor_mask.png
rgbgfx -c dmg -Weverything -o gfx/icons/exeggutor.2bpp gfx/icons/exeggutor.png
rgbgfx -c dmg -Weverything -o gfx/minis/cubone.2bpp gfx/minis/cubone.png
rgbgfx -c dmg -Weverything -d1 -o gfx/minis/cubone_mask.1bpp gfx/minis/cubone_mask.png
rgbgfx -c dmg -Weverything -o gfx/icons/cubone.2bpp gfx/icons/cubone.png
rgbgfx -c dmg -Weverything -o gfx/minis/marowak.2bpp gfx/minis/marowak.png
rgbgfx -c dmg -Weverything -d1 -o gfx/minis/marowak_mask.1bpp gfx/minis/marowak_mask.png
rgbgfx -c dmg -Weverything -o gfx/icons/marowak.2bpp gfx/icons/marowak.png
rgbgfx -c dmg -Weverything -o gfx/minis/hitmonlee.2bpp gfx/minis/hitmonlee.png
rgbgfx -c dmg -Weverything -d1 -o gfx/minis/hitmonlee_mask.1bpp gfx/minis/hitmonlee_mask.png
rgbgfx -c dmg -Weverything -o gfx/icons/hitmonlee.2bpp gfx/icons/hitmonlee.png
rgbgfx -c dmg -Weverything -o gfx/minis/hitmonchan.2bpp gfx/minis/hitmonchan.png
rgbgfx -c dmg -Weverything -d1 -o gfx/minis/hitmonchan_mask.1bpp gfx/minis/hitmonchan_mask.png
rgbgfx -c dmg -Weverything -o gfx/icons/hitmonchan.2bpp gfx/icons/hitmonchan.png
rgbgfx -c dmg -Weverything -o gfx/minis/lickitung.2bpp gfx/minis/lickitung.png
rgbgfx -c dmg -Weverything -d1 -o gfx/minis/lickitung_mask.1bpp gfx/minis/lickitung_mask.png
rgbgfx -c dmg -Weverything -o gfx/icons/lickitung.2bpp gfx/icons/lickitung.png
rgbgfx -c dmg -Weverything -o gfx/minis/koffing.2bpp gfx/minis/koffing.png
rgbgfx -c dmg -Weverything -d1 -o gfx/minis/koffing_mask.1bpp gfx/minis/koffing_mask.png
rgbgfx -c dmg -Weverything -o gfx/icons/koffing.2bpp gfx/icons/koffing.png
rgbgfx -c dmg -Weverything -o gfx/minis/weezing.2bpp gfx/minis/weezing.png
rgbgfx -c dmg -Weverything -d1 -o gfx/minis/weezing_mask.1bpp gfx/minis/weezing_mask.png
rgbgfx -c dmg -Weverything -o gfx/icons/weezing.2bpp gfx/icons/weezing.png
rgbgfx -c dmg -Weverything -o gfx/minis/rhyhorn.2bpp gfx/minis/rhyhorn.png
rgbgfx -c dmg -Weverything -d1 -o gfx/minis/rhyhorn_mask.1bpp gfx/minis/rhyhorn_mask.png
rgbgfx -c dmg -Weverything -o gfx/icons/rhyhorn.2bpp gfx/icons/rhyhorn.png
rgbgfx -c dmg -Weverything -o gfx/minis/rhydon.2bpp gfx/minis/rhydon.png
rgbgfx -c dmg -Weverything -d1 -o gfx/minis/rhydon_mask.1bpp gfx/minis/rhydon_mask.png
rgbgfx -c dmg -Weverything -o gfx/icons/rhydon.2bpp gfx/icons/rhydon.png
rgbgfx -c dmg -Weverything -o gfx/minis/chansey.2bpp gfx/minis/chansey.png
rgbgfx -c dmg -Weverything -d1 -o gfx/minis/chansey_mask.1bpp gfx/minis/chansey_mask.png
rgbgfx -c dmg -Weverything -o gfx/icons/chansey.2bpp gfx/icons/chansey.png
rgbgfx -c dmg -Weverything -o gfx/minis/tangela.2bpp gfx/minis/tangela.png
rgbgfx -c dmg -Weverything -d1 -o gfx/minis/tangela_mask.1bpp gfx/minis/tangela_mask.png
rgbgfx -c dmg -Weverything -o gfx/icons/tangela.2bpp gfx/icons/tangela.png
rgbgfx -c dmg -Weverything -o gfx/minis/kangaskhan.2bpp gfx/minis/kangaskhan.png
rgbgfx -c dmg -Weverything -d1 -o gfx/minis/kangaskhan_mask.1bpp gfx/minis/kangaskhan_mask.png
rgbgfx -c dmg -Weverything -o gfx/icons/kangaskhan.2bpp gfx/icons/kangaskhan.png
rgbgfx -c dmg -Weverything -o gfx/minis/horsea.2bpp gfx/minis/horsea.png
rgbgfx -c dmg -Weverything -d1 -o gfx/minis/horsea_mask.1bpp gfx/minis/horsea_mask.png
rgbgfx -c dmg -Weverything -o gfx/icons/horsea.2bpp gfx/icons/horsea.png
rgbgfx -c dmg -Weverything -o gfx/minis/seadra.2bpp gfx/minis/seadra.png
rgbgfx -c dmg -Weverything -d1 -o gfx/minis/seadra_mask.1bpp gfx/minis/seadra_mask.png
rgbgfx -c dmg -Weverything -o gfx/icons/seadra.2bpp gfx/icons/seadra.png
rgbgfx -c dmg -Weverything -o gfx/minis/goldeen.2bpp gfx/minis/goldeen.png
rgbgfx -c dmg -Weverything -d1 -o gfx/minis/goldeen_mask.1bpp gfx/minis/goldeen_mask.png
rgbgfx -c dmg -Weverything -o gfx/icons/goldeen.2bpp gfx/icons/goldeen.png
rgbgfx -c dmg -Weverything -o gfx/minis/seaking.2bpp gfx/minis/seaking.png
rgbgfx -c dmg -Weverything -d1 -o gfx/minis/seaking_mask.1bpp gfx/minis/seaking_mask.png
rgbgfx -c dmg -Weverything -o gfx/icons/seaking.2bpp gfx/icons/seaking.png
rgbgfx -c dmg -Weverything -o gfx/minis/staryu.2bpp gfx/minis/staryu.png
rgbgfx -c dmg -Weverything -d1 -o gfx/minis/staryu_mask.1bpp gfx/minis/staryu_mask.png
rgbgfx -c dmg -Weverything -o gfx/icons/staryu.2bpp gfx/icons/staryu.png
rgbgfx -c dmg -Weverything -o gfx/minis/starmie.2bpp gfx/minis/starmie.png
rgbgfx -c dmg -Weverything -d1 -o gfx/minis/starmie_mask.1bpp gfx/minis/starmie_mask.png
rgbgfx -c dmg -Weverything -o gfx/icons/starmie.2bpp gfx/icons/starmie.png
rgbgfx -c dmg -Weverything -o gfx/minis/mr__mime.2bpp gfx/minis/mr__mime.png
rgbgfx -c dmg -Weverything -d1 -o gfx/minis/mr__mime_mask.1bpp gfx/minis/mr__mime_mask.png
rgbgfx -c dmg -Weverything -o gfx/icons/mr__mime.2bpp gfx/icons/mr__mime.png
rgbgfx -c dmg -Weverything -o gfx/minis/scyther.2bpp gfx/minis/scyther.png
rgbgfx -c dmg -Weverything -d1 -o gfx/minis/scyther_mask.1bpp gfx/minis/scyther_mask.png
rgbgfx -c dmg -Weverything -o gfx/icons/scyther.2bpp gfx/icons/scyther.png
rgbgfx -c dmg -Weverything -o gfx/minis/jynx.2bpp gfx/minis/jynx.png
rgbgfx -c dmg -Weverything -d1 -o gfx/minis/jynx_mask.1bpp gfx/minis/jynx_mask.png
rgbgfx -c dmg -Weverything -o gfx/icons/jynx.2bpp gfx/icons/jynx.png
rgbgfx -c dmg -Weverything -o gfx/minis/electabuzz.2bpp gfx/minis/electabuzz.png
rgbgfx -c dmg -Weverything -d1 -o gfx/minis/electabuzz_mask.1bpp gfx/minis/electabuzz_mask.png
rgbgfx -c dmg -Weverything -o gfx/icons/electabuzz.2bpp gfx/icons/electabuzz.png
rgbgfx -c dmg -Weverything -o gfx/minis/magmar.2bpp gfx/minis/magmar.png
rgbgfx -c dmg -Weverything -d1 -o gfx/minis/magmar_mask.1bpp gfx/minis/magmar_mask.png
rgbgfx -c dmg -Weverything -o gfx/icons/magmar.2bpp gfx/icons/magmar.png
rgbgfx -c dmg -Weverything -o gfx/minis/pinsir.2bpp gfx/minis/pinsir.png
rgbgfx -c dmg -Weverything -d1 -o gfx/minis/pinsir_mask.1bpp gfx/minis/pinsir_mask.png
rgbgfx -c dmg -Weverything -o gfx/icons/pinsir.2bpp gfx/icons/pinsir.png
rgbgfx -c dmg -Weverything -o gfx/minis/tauros.2bpp gfx/minis/tauros.png
rgbgfx -c dmg -Weverything -d1 -o gfx/minis/tauros_mask.1bpp gfx/minis/tauros_mask.png
rgbgfx -c dmg -Weverything -o gfx/icons/tauros.2bpp gfx/icons/tauros.png
rgbgfx -c dmg -Weverything -o gfx/minis/magikarp.2bpp gfx/minis/magikarp.png
rgbgfx -c dmg -Weverything -d1 -o gfx/minis/magikarp_mask.1bpp gfx/minis/magikarp_mask.png
rgbgfx -c dmg -Weverything -o gfx/icons/magikarp.2bpp gfx/icons/magikarp.png
rgbgfx -c dmg -Weverything -o gfx/minis/gyarados.2bpp gfx/minis/gyarados.png
rgbgfx -c dmg -Weverything -d1 -o gfx/minis/gyarados_mask.1bpp gfx/minis/gyarados_mask.png
rgbgfx -c dmg -Weverything -o gfx/icons/gyarados.2bpp gfx/icons/gyarados.png
rgbgfx -c dmg -Weverything -o gfx/minis/lapras.2bpp gfx/minis/lapras.png
rgbgfx -c dmg -Weverything -d1 -o gfx/minis/lapras_mask.1bpp gfx/minis/lapras_mask.png
rgbgfx -c dmg -Weverything -o gfx/icons/lapras.2bpp gfx/icons/lapras.png
rgbgfx -c dmg -Weverything -o gfx/minis/ditto.2bpp gfx/minis/ditto.png
rgbgfx -c dmg -Weverything -d1 -o gfx/minis/ditto_mask.1bpp gfx/minis/ditto_mask.png
rgbgfx -c dmg -Weverything -o gfx/icons/ditto.2bpp gfx/icons/ditto.png
rgbgfx -c dmg -Weverything -o gfx/minis/eevee.2bpp gfx/minis/eevee.png
rgbgfx -c dmg -Weverything -d1 -o gfx/minis/eevee_mask.1bpp gfx/minis/eevee_mask.png
rgbgfx -c dmg -Weverything -o gfx/icons/eevee.2bpp gfx/icons/eevee.png
rgbgfx -c dmg -Weverything -o gfx/minis/vaporeon.2bpp gfx/minis/vaporeon.png
rgbgfx -c dmg -Weverything -d1 -o gfx/minis/vaporeon_mask.1bpp gfx/minis/vaporeon_mask.png
rgbgfx -c dmg -Weverything -o gfx/icons/vaporeon.2bpp gfx/icons/vaporeon.png
rgbgfx -c dmg -Weverything -o gfx/minis/jolteon.2bpp gfx/minis/jolteon.png
rgbgfx -c dmg -Weverything -d1 -o gfx/minis/jolteon_mask.1bpp gfx/minis/jolteon_mask.png
rgbgfx -c dmg -Weverything -o gfx/icons/jolteon.2bpp gfx/icons/jolteon.png
rgbgfx -c dmg -Weverything -o gfx/minis/flareon.2bpp gfx/minis/flareon.png
rgbgfx -c dmg -Weverything -d1 -o gfx/minis/flareon_mask.1bpp gfx/minis/flareon_mask.png
rgbgfx -c dmg -Weverything -o gfx/icons/flareon.2bpp gfx/icons/flareon.png
rgbgfx -c dmg -Weverything -o gfx/minis/porygon.2bpp gfx/minis/porygon.png
rgbgfx -c dmg -Weverything -d1 -o gfx/minis/porygon_mask.1bpp gfx/minis/porygon_mask.png
rgbgfx -c dmg -Weverything -o gfx/icons/porygon.2bpp gfx/icons/porygon.png
rgbgfx -c dmg -Weverything -o gfx/minis/omanyte.2bpp gfx/minis/omanyte.png
rgbgfx -c dmg -Weverything -d1 -o gfx/minis/omanyte_mask.1bpp gfx/minis/omanyte_mask.png
rgbgfx -c dmg -Weverything -o gfx/icons/omanyte.2bpp gfx/icons/omanyte.png
rgbgfx -c dmg -Weverything -o gfx/minis/omastar.2bpp gfx/minis/omastar.png
rgbgfx -c dmg -Weverything -d1 -o gfx/minis/omastar_mask.1bpp gfx/minis/omastar_mask.png
rgbgfx -c dmg -Weverything -o gfx/icons/omastar.2bpp gfx/icons/omastar.png
rgbgfx -c dmg -Weverything -o gfx/minis/kabuto.2bpp gfx/minis/kabuto.png
rgbgfx -c dmg -Weverything -d1 -o gfx/minis/kabuto_mask.1bpp gfx/minis/kabuto_mask.png
rgbgfx -c dmg -Weverything -o gfx/icons/kabuto.2bpp gfx/icons/kabuto.png
rgbgfx -c dmg -Weverything -o gfx/minis/kabutops.2bpp gfx/minis/kabutops.png
rgbgfx -c dmg -Weverything -d1 -o gfx/minis/kabutops_mask.1bpp gfx/minis/kabutops_mask.png
rgbgfx -c dmg -Weverything -o gfx/icons/kabutops.2bpp gfx/icons/kabutops.png
rgbgfx -c dmg -Weverything -o gfx/minis/aerodactyl.2bpp gfx/minis/aerodactyl.png
rgbgfx -c dmg -Weverything -d1 -o gfx/minis/aerodactyl_mask.1bpp gfx/minis/aerodactyl_mask.png
rgbgfx -c dmg -Weverything -o gfx/icons/aerodactyl.2bpp gfx/icons/aerodactyl.png
rgbgfx -c dmg -Weverything -o gfx/minis/snorlax.2bpp gfx/minis/snorlax.png
rgbgfx -c dmg -Weverything -d1 -o gfx/minis/snorlax_mask.1bpp gfx/minis/snorlax_mask.png
rgbgfx -c dmg -Weverything -o gfx/icons/snorlax.2bpp gfx/icons/snorlax.png
rgbgfx -c dmg -Weverything -o gfx/minis/articuno.2bpp gfx/minis/articuno.png
rgbgfx -c dmg -Weverything -d1 -o gfx/minis/articuno_mask.1bpp gfx/minis/articuno_mask.png
rgbgfx -c dmg -Weverything -o gfx/icons/articuno.2bpp gfx/icons/articuno.png
rgbgfx -c dmg -Weverything -o gfx/minis/zapdos.2bpp gfx/minis/zapdos.png
rgbgfx -c dmg -Weverything -d1 -o gfx/minis/zapdos_mask.1bpp gfx/minis/zapdos_mask.png
rgbgfx -c dmg -Weverything -o gfx/icons/zapdos.2bpp gfx/icons/zapdos.png
rgbgfx -c dmg -Weverything -o gfx/minis/moltres.2bpp gfx/minis/moltres.png
rgbgfx -c dmg -Weverything -d1 -o gfx/minis/moltres_mask.1bpp gfx/minis/moltres_mask.png
rgbgfx -c dmg -Weverything -o gfx/icons/moltres.2bpp gfx/icons/moltres.png
rgbgfx -c dmg -Weverything -o gfx/minis/dratini.2bpp gfx/minis/dratini.png
rgbgfx -c dmg -Weverything -d1 -o gfx/minis/dratini_mask.1bpp gfx/minis/dratini_mask.png
rgbgfx -c dmg -Weverything -o gfx/icons/dratini.2bpp gfx/icons/dratini.png
rgbgfx -c dmg -Weverything -o gfx/minis/dragonair.2bpp gfx/minis/dragonair.png
rgbgfx -c dmg -Weverything -d1 -o gfx/minis/dragonair_mask.1bpp gfx/minis/dragonair_mask.png
rgbgfx -c dmg -Weverything -o gfx/icons/dragonair.2bpp gfx/icons/dragonair.png
rgbgfx -c dmg -Weverything -o gfx/minis/dragonite.2bpp gfx/minis/dragonite.png
rgbgfx -c dmg -Weverything -d1 -o gfx/minis/dragonite_mask.1bpp gfx/minis/dragonite_mask.png
rgbgfx -c dmg -Weverything -o gfx/icons/dragonite.2bpp gfx/icons/dragonite.png
rgbgfx -c dmg -Weverything -o gfx/minis/mewtwo.2bpp gfx/minis/mewtwo.png
rgbgfx -c dmg -Weverything -d1 -o gfx/minis/mewtwo_mask.1bpp gfx/minis/mewtwo_mask.png
rgbgfx -c dmg -Weverything -o gfx/icons/mewtwo.2bpp gfx/icons/mewtwo.png
rgbgfx -c dmg -Weverything -o gfx/minis/mew.2bpp gfx/minis/mew.png
rgbgfx -c dmg -Weverything -d1 -o gfx/minis/mew_mask.1bpp gfx/minis/mew_mask.png
rgbgfx -c dmg -Weverything -o gfx/icons/mew.2bpp gfx/icons/mew.png
rgbgfx -c dmg -Weverything -o gfx/minis/chikorita.2bpp gfx/minis/chikorita.png
rgbgfx -c dmg -Weverything -d1 -o gfx/minis/chikorita_mask.1bpp gfx/minis/chikorita_mask.png
rgbgfx -c dmg -Weverything -o gfx/icons/chikorita.2bpp gfx/icons/chikorita.png
rgbgfx -c dmg -Weverything -o gfx/minis/bayleef.2bpp gfx/minis/bayleef.png
rgbgfx -c dmg -Weverything -d1 -o gfx/minis/bayleef_mask.1bpp gfx/minis/bayleef_mask.png
rgbgfx -c dmg -Weverything -o gfx/icons/bayleef.2bpp gfx/icons/bayleef.png
rgbgfx -c dmg -Weverything -o gfx/minis/meganium.2bpp gfx/minis/meganium.png
rgbgfx -c dmg -Weverything -d1 -o gfx/minis/meganium_mask.1bpp gfx/minis/meganium_mask.png
rgbgfx -c dmg -Weverything -o gfx/icons/meganium.2bpp gfx/icons/meganium.png
rgbgfx -c dmg -Weverything -o gfx/minis/cyndaquil.2bpp gfx/minis/cyndaquil.png
rgbgfx -c dmg -Weverything -d1 -o gfx/minis/cyndaquil_mask.1bpp gfx/minis/cyndaquil_mask.png
rgbgfx -c dmg -Weverything -o gfx/icons/cyndaquil.2bpp gfx/icons/cyndaquil.png
rgbgfx -c dmg -Weverything -o gfx/minis/quilava.2bpp gfx/minis/quilava.png
rgbgfx -c dmg -Weverything -d1 -o gfx/minis/quilava_mask.1bpp gfx/minis/quilava_mask.png
rgbgfx -c dmg -Weverything -o gfx/icons/quilava.2bpp gfx/icons/quilava.png
rgbgfx -c dmg -Weverything -o gfx/minis/typhlosion.2bpp gfx/minis/typhlosion.png
rgbgfx -c dmg -Weverything -d1 -o gfx/minis/typhlosion_mask.1bpp gfx/minis/typhlosion_mask.png
rgbgfx -c dmg -Weverything -o gfx/icons/typhlosion.2bpp gfx/icons/typhlosion.png
rgbgfx -c dmg -Weverything -o gfx/minis/totodile.2bpp gfx/minis/totodile.png
rgbgfx -c dmg -Weverything -d1 -o gfx/minis/totodile_mask.1bpp gfx/minis/totodile_mask.png
rgbgfx -c dmg -Weverything -o gfx/icons/totodile.2bpp gfx/icons/totodile.png
rgbgfx -c dmg -Weverything -o gfx/minis/croconaw.2bpp gfx/minis/croconaw.png
rgbgfx -c dmg -Weverything -d1 -o gfx/minis/croconaw_mask.1bpp gfx/minis/croconaw_mask.png
rgbgfx -c dmg -Weverything -o gfx/icons/croconaw.2bpp gfx/icons/croconaw.png
rgbgfx -c dmg -Weverything -o gfx/minis/feraligatr.2bpp gfx/minis/feraligatr.png
rgbgfx -c dmg -Weverything -d1 -o gfx/minis/feraligatr_mask.1bpp gfx/minis/feraligatr_mask.png
rgbgfx -c dmg -Weverything -o gfx/icons/feraligatr.2bpp gfx/icons/feraligatr.png
rgbgfx -c dmg -Weverything -o gfx/minis/sentret.2bpp gfx/minis/sentret.png
rgbgfx -c dmg -Weverything -d1 -o gfx/minis/sentret_mask.1bpp gfx/minis/sentret_mask.png
rgbgfx -c dmg -Weverything -o gfx/icons/sentret.2bpp gfx/icons/sentret.png
rgbgfx -c dmg -Weverything -o gfx/minis/furret.2bpp gfx/minis/furret.png
rgbgfx -c dmg -Weverything -d1 -o gfx/minis/furret_mask.1bpp gfx/minis/furret_mask.png
rgbgfx -c dmg -Weverything -o gfx/icons/furret.2bpp gfx/icons/furret.png
rgbgfx -c dmg -Weverything -o gfx/minis/hoothoot.2bpp gfx/minis/hoothoot.png
rgbgfx -c dmg -Weverything -d1 -o gfx/minis/hoothoot_mask.1bpp gfx/minis/hoothoot_mask.png
rgbgfx -c dmg -Weverything -o gfx/icons/hoothoot.2bpp gfx/icons/hoothoot.png
rgbgfx -c dmg -Weverything -o gfx/minis/noctowl.2bpp gfx/minis/noctowl.png
rgbgfx -c dmg -Weverything -d1 -o gfx/minis/noctowl_mask.1bpp gfx/minis/noctowl_mask.png
rgbgfx -c dmg -Weverything -o gfx/icons/noctowl.2bpp gfx/icons/noctowl.png
rgbgfx -c dmg -Weverything -o gfx/minis/ledyba.2bpp gfx/minis/ledyba.png
rgbgfx -c dmg -Weverything -d1 -o gfx/minis/ledyba_mask.1bpp gfx/minis/ledyba_mask.png
rgbgfx -c dmg -Weverything -o gfx/icons/ledyba.2bpp gfx/icons/ledyba.png
rgbgfx -c dmg -Weverything -o gfx/minis/ledian.2bpp gfx/minis/ledian.png
rgbgfx -c dmg -Weverything -d1 -o gfx/minis/ledian_mask.1bpp gfx/minis/ledian_mask.png
rgbgfx -c dmg -Weverything -o gfx/icons/ledian.2bpp gfx/icons/ledian.png
rgbgfx -c dmg -Weverything -o gfx/minis/spinarak.2bpp gfx/minis/spinarak.png
rgbgfx -c dmg -Weverything -d1 -o gfx/minis/spinarak_mask.1bpp gfx/minis/spinarak_mask.png
rgbgfx -c dmg -Weverything -o gfx/icons/spinarak.2bpp gfx/icons/spinarak.png
rgbgfx -c dmg -Weverything -o gfx/minis/ariados.2bpp gfx/minis/ariados.png
rgbgfx -c dmg -Weverything -d1 -o gfx/minis/ariados_mask.1bpp gfx/minis/ariados_mask.png
rgbgfx -c dmg -Weverything -o gfx/icons/ariados.2bpp gfx/icons/ariados.png
rgbgfx -c dmg -Weverything -o gfx/minis/crobat.2bpp gfx/minis/crobat.png
rgbgfx -c dmg -Weverything -d1 -o gfx/minis/crobat_mask.1bpp gfx/minis/crobat_mask.png
rgbgfx -c dmg -Weverything -o gfx/icons/crobat.2bpp gfx/icons/crobat.png
rgbgfx -c dmg -Weverything -o gfx/minis/chinchou.2bpp gfx/minis/chinchou.png
rgbgfx -c dmg -Weverything -d1 -o gfx/minis/chinchou_mask.1bpp gfx/minis/chinchou_mask.png
rgbgfx -c dmg -Weverything -o gfx/icons/chinchou.2bpp gfx/icons/chinchou.png
rgbgfx -c dmg -Weverything -o gfx/minis/lanturn.2bpp gfx/minis/lanturn.png
rgbgfx -c dmg -Weverything -d1 -o gfx/minis/lanturn_mask.1bpp gfx/minis/lanturn_mask.png
rgbgfx -c dmg -Weverything -o gfx/icons/lanturn.2bpp gfx/icons/lanturn.png
rgbgfx -c dmg -Weverything -o gfx/minis/pichu.2bpp gfx/minis/pichu.png
rgbgfx -c dmg -Weverything -d1 -o gfx/minis/pichu_mask.1bpp gfx/minis/pichu_mask.png
rgbgfx -c dmg -Weverything -o gfx/icons/pichu.2bpp gfx/icons/pichu.png
rgbgfx -c dmg -Weverything -o gfx/minis/cleffa.2bpp gfx/minis/cleffa.png
rgbgfx -c dmg -Weverything -d1 -o gfx/minis/cleffa_mask.1bpp gfx/minis/cleffa_mask.png
rgbgfx -c dmg -Weverything -o gfx/icons/cleffa.2bpp gfx/icons/cleffa.png
rgbgfx -c dmg -Weverything -o gfx/minis/igglybuff.2bpp gfx/minis/igglybuff.png
rgbgfx -c dmg -Weverything -d1 -o gfx/minis/igglybuff_mask.1bpp gfx/minis/igglybuff_mask.png
rgbgfx -c dmg -Weverything -o gfx/icons/igglybuff.2bpp gfx/icons/igglybuff.png
rgbgfx -c dmg -Weverything -o gfx/minis/togepi.2bpp gfx/minis/togepi.png
rgbgfx -c dmg -Weverything -d1 -o gfx/minis/togepi_mask.1bpp gfx/minis/togepi_mask.png
rgbgfx -c dmg -Weverything -o gfx/icons/togepi.2bpp gfx/icons/togepi.png
rgbgfx -c dmg -Weverything -o gfx/minis/togetic.2bpp gfx/minis/togetic.png
rgbgfx -c dmg -Weverything -d1 -o gfx/minis/togetic_mask.1bpp gfx/minis/togetic_mask.png
rgbgfx -c dmg -Weverything -o gfx/icons/togetic.2bpp gfx/icons/togetic.png
rgbgfx -c dmg -Weverything -o gfx/minis/natu.2bpp gfx/minis/natu.png
rgbgfx -c dmg -Weverything -d1 -o gfx/minis/natu_mask.1bpp gfx/minis/natu_mask.png
rgbgfx -c dmg -Weverything -o gfx/icons/natu.2bpp gfx/icons/natu.png
rgbgfx -c dmg -Weverything -o gfx/minis/xatu.2bpp gfx/minis/xatu.png
rgbgfx -c dmg -Weverything -d1 -o gfx/minis/xatu_mask.1bpp gfx/minis/xatu_mask.png
rgbgfx -c dmg -Weverything -o gfx/icons/xatu.2bpp gfx/icons/xatu.png
rgbgfx -c dmg -Weverything -o gfx/minis/mareep.2bpp gfx/minis/mareep.png
rgbgfx -c dmg -Weverything -d1 -o gfx/minis/mareep_mask.1bpp gfx/minis/mareep_mask.png
rgbgfx -c dmg -Weverything -o gfx/icons/mareep.2bpp gfx/icons/mareep.png
rgbgfx -c dmg -Weverything -o gfx/minis/flaaffy.2bpp gfx/minis/flaaffy.png
rgbgfx -c dmg -Weverything -d1 -o gfx/minis/flaaffy_mask.1bpp gfx/minis/flaaffy_mask.png
rgbgfx -c dmg -Weverything -o gfx/icons/flaaffy.2bpp gfx/icons/flaaffy.png
rgbgfx -c dmg -Weverything -o gfx/minis/ampharos.2bpp gfx/minis/ampharos.png
rgbgfx -c dmg -Weverything -d1 -o gfx/minis/ampharos_mask.1bpp gfx/minis/ampharos_mask.png
rgbgfx -c dmg -Weverything -o gfx/icons/ampharos.2bpp gfx/icons/ampharos.png
rgbgfx -c dmg -Weverything -o gfx/minis/bellossom.2bpp gfx/minis/bellossom.png
rgbgfx -c dmg -Weverything -d1 -o gfx/minis/bellossom_mask.1bpp gfx/minis/bellossom_mask.png
rgbgfx -c dmg -Weverything -o gfx/icons/bellossom.2bpp gfx/icons/bellossom.png
rgbgfx -c dmg -Weverything -o gfx/minis/marill.2bpp gfx/minis/marill.png
rgbgfx -c dmg -Weverything -d1 -o gfx/minis/marill_mask.1bpp gfx/minis/marill_mask.png
rgbgfx -c dmg -Weverything -o gfx/icons/marill.2bpp gfx/icons/marill.png
rgbgfx -c dmg -Weverything -o gfx/minis/azumarill.2bpp gfx/minis/azumarill.png
rgbgfx -c dmg -Weverything -d1 -o gfx/minis/azumarill_mask.1bpp gfx/minis/azumarill_mask.png
rgbgfx -c dmg -Weverything -o gfx/icons/azumarill.2bpp gfx/icons/azumarill.png
rgbgfx -c dmg -Weverything -o gfx/minis/sudowoodo.2bpp gfx/minis/sudowoodo.png
rgbgfx -c dmg -Weverything -d1 -o gfx/minis/sudowoodo_mask.1bpp gfx/minis/sudowoodo_mask.png
rgbgfx -c dmg -Weverything -o gfx/icons/sudowoodo.2bpp gfx/icons/sudowoodo.png
rgbgfx -c dmg -Weverything -o gfx/minis/politoed.2bpp gfx/minis/politoed.png
rgbgfx -c dmg -Weverything -d1 -o gfx/minis/politoed_mask.1bpp gfx/minis/politoed_mask.png
rgbgfx -c dmg -Weverything -o gfx/icons/politoed.2bpp gfx/icons/politoed.png
rgbgfx -c dmg -Weverything -o gfx/minis/hoppip.2bpp gfx/minis/hoppip.png
rgbgfx -c dmg -Weverything -d1 -o gfx/minis/hoppip_mask.1bpp gfx/minis/hoppip_mask.png
rgbgfx -c dmg -Weverything -o gfx/icons/hoppip.2bpp gfx/icons/hoppip.png
rgbgfx -c dmg -Weverything -o gfx/minis/skiploom.2bpp gfx/minis/skiploom.png
rgbgfx -c dmg -Weverything -d1 -o gfx/minis/skiploom_mask.1bpp gfx/minis/skiploom_mask.png
rgbgfx -c dmg -Weverything -o gfx/icons/skiploom.2bpp gfx/icons/skiploom.png
rgbgfx -c dmg -Weverything -o gfx/minis/jumpluff.2bpp gfx/minis/jumpluff.png
rgbgfx -c dmg -Weverything -d1 -o gfx/minis/jumpluff_mask.1bpp gfx/minis/jumpluff_mask.png
rgbgfx -c dmg -Weverything -o gfx/icons/jumpluff.2bpp gfx/icons/jumpluff.png
rgbgfx -c dmg -Weverything -o gfx/minis/aipom.2bpp gfx/minis/aipom.png
rgbgfx -c dmg -Weverything -d1 -o gfx/minis/aipom_mask.1bpp gfx/minis/aipom_mask.png
rgbgfx -c dmg -Weverything -o gfx/icons/aipom.2bpp gfx/icons/aipom.png
rgbgfx -c dmg -Weverything -o gfx/minis/sunkern.2bpp gfx/minis/sunkern.png
rgbgfx -c dmg -Weverything -d1 -o gfx/minis/sunkern_mask.1bpp gfx/minis/sunkern_mask.png
rgbgfx -c dmg -Weverything -o gfx/icons/sunkern.2bpp gfx/icons/sunkern.png
rgbgfx -c dmg -Weverything -o gfx/minis/sunflora.2bpp gfx/minis/sunflora.png
rgbgfx -c dmg -Weverything -d1 -o gfx/minis/sunflora_mask.1bpp gfx/minis/sunflora_mask.png
rgbgfx -c dmg -Weverything -o gfx/icons/sunflora.2bpp gfx/icons/sunflora.png
rgbgfx -c dmg -Weverything -o gfx/minis/yanma.2bpp gfx/minis/yanma.png
rgbgfx -c dmg -Weverything -d1 -o gfx/minis/yanma_mask.1bpp gfx/minis/yanma_mask.png
rgbgfx -c dmg -Weverything -o gfx/icons/yanma.2bpp gfx/icons/yanma.png
rgbgfx -c dmg -Weverything -o gfx/minis/wooper.2bpp gfx/minis/wooper.png
rgbgfx -c dmg -Weverything -d1 -o gfx/minis/wooper_mask.1bpp gfx/minis/wooper_mask.png
rgbgfx -c dmg -Weverything -o gfx/icons/wooper.2bpp gfx/icons/wooper.png
rgbgfx -c dmg -Weverything -o gfx/minis/quagsire.2bpp gfx/minis/quagsire.png
rgbgfx -c dmg -Weverything -d1 -o gfx/minis/quagsire_mask.1bpp gfx/minis/quagsire_mask.png
rgbgfx -c dmg -Weverything -o gfx/icons/quagsire.2bpp gfx/icons/quagsire.png
rgbgfx -c dmg -Weverything -o gfx/minis/espeon.2bpp gfx/minis/espeon.png
rgbgfx -c dmg -Weverything -d1 -o gfx/minis/espeon_mask.1bpp gfx/minis/espeon_mask.png
rgbgfx -c dmg -Weverything -o gfx/icons/espeon.2bpp gfx/icons/espeon.png
rgbgfx -c dmg -Weverything -o gfx/minis/umbreon.2bpp gfx/minis/umbreon.png
rgbgfx -c dmg -Weverything -d1 -o gfx/minis/umbreon_mask.1bpp gfx/minis/umbreon_mask.png
rgbgfx -c dmg -Weverything -o gfx/icons/umbreon.2bpp gfx/icons/umbreon.png
rgbgfx -c dmg -Weverything -o gfx/minis/murkrow.2bpp gfx/minis/murkrow.png
rgbgfx -c dmg -Weverything -d1 -o gfx/minis/murkrow_mask.1bpp gfx/minis/murkrow_mask.png
rgbgfx -c dmg -Weverything -o gfx/icons/murkrow.2bpp gfx/icons/murkrow.png
rgbgfx -c dmg -Weverything -o gfx/minis/slowking.2bpp gfx/minis/slowking.png
rgbgfx -c dmg -Weverything -d1 -o gfx/minis/slowking_mask.1bpp gfx/minis/slowking_mask.png
rgbgfx -c dmg -Weverything -o gfx/icons/slowking.2bpp gfx/icons/slowking.png
rgbgfx -c dmg -Weverything -o gfx/minis/misdreavus.2bpp gfx/minis/misdreavus.png
rgbgfx -c dmg -Weverything -d1 -o gfx/minis/misdreavus_mask.1bpp gfx/minis/misdreavus_mask.png
rgbgfx -c dmg -Weverything -o gfx/icons/misdreavus.2bpp gfx/icons/misdreavus.png
rgbgfx -c dmg -Weverything -o gfx/minis/unown_a.2bpp gfx/minis/unown_a.png
rgbgfx -c dmg -Weverything -d1 -o gfx/minis/unown_a_mask.1bpp gfx/minis/unown_a_mask.png
rgbgfx -c dmg -Weverything -o gfx/icons/unown_a.2bpp gfx/icons/unown_a.png
rgbgfx -c dmg -Weverything -o gfx/minis/wobbuffet.2bpp gfx/minis/wobbuffet.png
rgbgfx -c dmg -Weverything -d1 -o gfx/minis/wobbuffet_mask.1bpp gfx/minis/wobbuffet_mask.png
rgbgfx -c dmg -Weverything -o gfx/icons/wobbuffet.2bpp gfx/icons/wobbuffet.png
rgbgfx -c dmg -Weverything -o gfx/minis/girafarig.2bpp gfx/minis/girafarig.png
rgbgfx -c dmg -Weverything -d1 -o gfx/minis/girafarig_mask.1bpp gfx/minis/girafarig_mask.png
rgbgfx -c dmg -Weverything -o gfx/icons/girafarig.2bpp gfx/icons/girafarig.png
rgbgfx -c dmg -Weverything -o gfx/minis/pineco.2bpp gfx/minis/pineco.png
rgbgfx -c dmg -Weverything -d1 -o gfx/minis/pineco_mask.1bpp gfx/minis/pineco_mask.png
rgbgfx -c dmg -Weverything -o gfx/icons/pineco.2bpp gfx/icons/pineco.png
rgbgfx -c dmg -Weverything -o gfx/minis/forretress.2bpp gfx/minis/forretress.png
rgbgfx -c dmg -Weverything -d1 -o gfx/minis/forretress_mask.1bpp gfx/minis/forretress_mask.png
rgbgfx -c dmg -Weverything -o gfx/icons/forretress.2bpp gfx/icons/forretress.png
rgbgfx -c dmg -Weverything -o gfx/minis/dunsparce.2bpp gfx/minis/dunsparce.png
rgbgfx -c dmg -Weverything -d1 -o gfx/minis/dunsparce_mask.1bpp gfx/minis/dunsparce_mask.png
rgbgfx -c dmg -Weverything -o gfx/icons/dunsparce.2bpp gfx/icons/dunsparce.png
rgbgfx -c dmg -Weverything -o gfx/minis/gligar.2bpp gfx/minis/gligar.png
rgbgfx -c dmg -Weverything -d1 -o gfx/minis/gligar_mask.1bpp gfx/minis/gligar_mask.png
rgbgfx -c dmg -Weverything -o gfx/icons/gligar.2bpp gfx/icons/gligar.png
rgbgfx -c dmg -Weverything -o gfx/minis/steelix.2bpp gfx/minis/steelix.png
rgbgfx -c dmg -Weverything -d1 -o gfx/minis/steelix_mask.1bpp gfx/minis/steelix_mask.png
rgbgfx -c dmg -Weverything -o gfx/icons/steelix.2bpp gfx/icons/steelix.png
rgbgfx -c dmg -Weverything -o gfx/minis/snubbull.2bpp gfx/minis/snubbull.png
rgbgfx -c dmg -Weverything -d1 -o gfx/minis/snubbull_mask.1bpp gfx/minis/snubbull_mask.png
rgbgfx -c dmg -Weverything -o gfx/icons/snubbull.2bpp gfx/icons/snubbull.png
rgbgfx -c dmg -Weverything -o gfx/minis/granbull.2bpp gfx/minis/granbull.png
rgbgfx -c dmg -Weverything -d1 -o gfx/minis/granbull_mask.1bpp gfx/minis/granbull_mask.png
rgbgfx -c dmg -Weverything -o gfx/icons/granbull.2bpp gfx/icons/granbull.png
rgbgfx -c dmg -Weverything -o gfx/minis/qwilfish.2bpp gfx/minis/qwilfish.png
rgbgfx -c dmg -Weverything -d1 -o gfx/minis/qwilfish_mask.1bpp gfx/minis/qwilfish_mask.png
rgbgfx -c dmg -Weverything -o gfx/icons/qwilfish.2bpp gfx/icons/qwilfish.png
rgbgfx -c dmg -Weverything -o gfx/minis/scizor.2bpp gfx/minis/scizor.png
rgbgfx -c dmg -Weverything -d1 -o gfx/minis/scizor_mask.1bpp gfx/minis/scizor_mask.png
rgbgfx -c dmg -Weverything -o gfx/icons/scizor.2bpp gfx/icons/scizor.png
rgbgfx -c dmg -Weverything -o gfx/minis/shuckle.2bpp gfx/minis/shuckle.png
rgbgfx -c dmg -Weverything -d1 -o gfx/minis/shuckle_mask.1bpp gfx/minis/shuckle_mask.png
rgbgfx -c dmg -Weverything -o gfx/icons/shuckle.2bpp gfx/icons/shuckle.png
rgbgfx -c dmg -Weverything -o gfx/minis/heracross.2bpp gfx/minis/heracross.png
rgbgfx -c dmg -Weverything -d1 -o gfx/minis/heracross_mask.1bpp gfx/minis/heracross_mask.png
rgbgfx -c dmg -Weverything -o gfx/icons/heracross.2bpp gfx/icons/heracross.png
rgbgfx -c dmg -Weverything -o gfx/minis/sneasel.2bpp gfx/minis/sneasel.png
rgbgfx -c dmg -Weverything -d1 -o gfx/minis/sneasel_mask.1bpp gfx/minis/sneasel_mask.png
rgbgfx -c dmg -Weverything -o gfx/icons/sneasel.2bpp gfx/icons/sneasel.png
rgbgfx -c dmg -Weverything -o gfx/minis/teddiursa.2bpp gfx/minis/teddiursa.png
rgbgfx -c dmg -Weverything -d1 -o gfx/minis/teddiursa_mask.1bpp gfx/minis/teddiursa_mask.png
rgbgfx -c dmg -Weverything -o gfx/icons/teddiursa.2bpp gfx/icons/teddiursa.png
rgbgfx -c dmg -Weverything -o gfx/minis/ursaring.2bpp gfx/minis/ursaring.png
rgbgfx -c dmg -Weverything -d1 -o gfx/minis/ursaring_mask.1bpp gfx/minis/ursaring_mask.png
rgbgfx -c dmg -Weverything -o gfx/icons/ursaring.2bpp gfx/icons/ursaring.png
rgbgfx -c dmg -Weverything -o gfx/minis/slugma.2bpp gfx/minis/slugma.png
rgbgfx -c dmg -Weverything -d1 -o gfx/minis/slugma_mask.1bpp gfx/minis/slugma_mask.png
rgbgfx -c dmg -Weverything -o gfx/icons/slugma.2bpp gfx/icons/slugma.png
rgbgfx -c dmg -Weverything -o gfx/minis/magcargo.2bpp gfx/minis/magcargo.png
rgbgfx -c dmg -Weverything -d1 -o gfx/minis/magcargo_mask.1bpp gfx/minis/magcargo_mask.png
rgbgfx -c dmg -Weverything -o gfx/icons/magcargo.2bpp gfx/icons/magcargo.png
rgbgfx -c dmg -Weverything -o gfx/minis/swinub.2bpp gfx/minis/swinub.png
rgbgfx -c dmg -Weverything -d1 -o gfx/minis/swinub_mask.1bpp gfx/minis/swinub_mask.png
rgbgfx -c dmg -Weverything -o gfx/icons/swinub.2bpp gfx/icons/swinub.png
rgbgfx -c dmg -Weverything -o gfx/minis/piloswine.2bpp gfx/minis/piloswine.png
rgbgfx -c dmg -Weverything -d1 -o gfx/minis/piloswine_mask.1bpp gfx/minis/piloswine_mask.png
rgbgfx -c dmg -Weverything -o gfx/icons/piloswine.2bpp gfx/icons/piloswine.png
rgbgfx -c dmg -Weverything -o gfx/minis/corsola.2bpp gfx/minis/corsola.png
rgbgfx -c dmg -Weverything -d1 -o gfx/minis/corsola_mask.1bpp gfx/minis/corsola_mask.png
rgbgfx -c dmg -Weverything -o gfx/icons/corsola.2bpp gfx/icons/corsola.png
rgbgfx -c dmg -Weverything -o gfx/minis/remoraid.2bpp gfx/minis/remoraid.png
rgbgfx -c dmg -Weverything -d1 -o gfx/minis/remoraid_mask.1bpp gfx/minis/remoraid_mask.png
rgbgfx -c dmg -Weverything -o gfx/icons/remoraid.2bpp gfx/icons/remoraid.png
rgbgfx -c dmg -Weverything -o gfx/minis/octillery.2bpp gfx/minis/octillery.png
rgbgfx -c dmg -Weverything -d1 -o gfx/minis/octillery_mask.1bpp gfx/minis/octillery_mask.png
rgbgfx -c dmg -Weverything -o gfx/icons/octillery.2bpp gfx/icons/octillery.png
rgbgfx -c dmg -Weverything -o gfx/minis/delibird.2bpp gfx/minis/delibird.png
rgbgfx -c dmg -Weverything -d1 -o gfx/minis/delibird_mask.1bpp gfx/minis/delibird_mask.png
rgbgfx -c dmg -Weverything -o gfx/icons/delibird.2bpp gfx/icons/delibird.png
rgbgfx -c dmg -Weverything -o gfx/minis/mantine.2bpp gfx/minis/mantine.png
rgbgfx -c dmg -Weverything -d1 -o gfx/minis/mantine_mask.1bpp gfx/minis/mantine_mask.png
rgbgfx -c dmg -Weverything -o gfx/icons/mantine.2bpp gfx/icons/mantine.png
rgbgfx -c dmg -Weverything -o gfx/minis/skarmory.2bpp gfx/minis/skarmory.png
rgbgfx -c dmg -Weverything -d1 -o gfx/minis/skarmory_mask.1bpp gfx/minis/skarmory_mask.png
rgbgfx -c dmg -Weverything -o gfx/icons/skarmory.2bpp gfx/icons/skarmory.png
rgbgfx -c dmg -Weverything -o gfx/minis/houndour.2bpp gfx/minis/houndour.png
rgbgfx -c dmg -Weverything -d1 -o gfx/minis/houndour_mask.1bpp gfx/minis/houndour_mask.png
rgbgfx -c dmg -Weverything -o gfx/icons/houndour.2bpp gfx/icons/houndour.png
rgbgfx -c dmg -Weverything -o gfx/minis/houndoom.2bpp gfx/minis/houndoom.png
rgbgfx -c dmg -Weverything -d1 -o gfx/minis/houndoom_mask.1bpp gfx/minis/houndoom_mask.png
rgbgfx -c dmg -Weverything -o gfx/icons/houndoom.2bpp gfx/icons/houndoom.png
rgbgfx -c dmg -Weverything -o gfx/minis/kingdra.2bpp gfx/minis/kingdra.png
rgbgfx -c dmg -Weverything -d1 -o gfx/minis/kingdra_mask.1bpp gfx/minis/kingdra_mask.png
rgbgfx -c dmg -Weverything -o gfx/icons/kingdra.2bpp gfx/icons/kingdra.png
rgbgfx -c dmg -Weverything -o gfx/minis/phanpy.2bpp gfx/minis/phanpy.png
rgbgfx -c dmg -Weverything -d1 -o gfx/minis/phanpy_mask.1bpp gfx/minis/phanpy_mask.png
rgbgfx -c dmg -Weverything -o gfx/icons/phanpy.2bpp gfx/icons/phanpy.png
rgbgfx -c dmg -Weverything -o gfx/minis/donphan.2bpp gfx/minis/donphan.png
rgbgfx -c dmg -Weverything -d1 -o gfx/minis/donphan_mask.1bpp gfx/minis/donphan_mask.png
rgbgfx -c dmg -Weverything -o gfx/icons/donphan.2bpp gfx/icons/donphan.png
rgbgfx -c dmg -Weverything -o gfx/minis/porygon2.2bpp gfx/minis/porygon2.png
rgbgfx -c dmg -Weverything -d1 -o gfx/minis/porygon2_mask.1bpp gfx/minis/porygon2_mask.png
rgbgfx -c dmg -Weverything -o gfx/icons/porygon2.2bpp gfx/icons/porygon2.png
rgbgfx -c dmg -Weverything -o gfx/minis/stantler.2bpp gfx/minis/stantler.png
rgbgfx -c dmg -Weverything -d1 -o gfx/minis/stantler_mask.1bpp gfx/minis/stantler_mask.png
rgbgfx -c dmg -Weverything -o gfx/icons/stantler.2bpp gfx/icons/stantler.png
rgbgfx -c dmg -Weverything -o gfx/minis/smeargle.2bpp gfx/minis/smeargle.png
rgbgfx -c dmg -Weverything -d1 -o gfx/minis/smeargle_mask.1bpp gfx/minis/smeargle_mask.png
rgbgfx -c dmg -Weverything -o gfx/icons/smeargle.2bpp gfx/icons/smeargle.png
rgbgfx -c dmg -Weverything -o gfx/minis/tyrogue.2bpp gfx/minis/tyrogue.png
rgbgfx -c dmg -Weverything -d1 -o gfx/minis/tyrogue_mask.1bpp gfx/minis/tyrogue_mask.png
rgbgfx -c dmg -Weverything -o gfx/icons/tyrogue.2bpp gfx/icons/tyrogue.png
rgbgfx -c dmg -Weverything -o gfx/minis/hitmontop.2bpp gfx/minis/hitmontop.png
rgbgfx -c dmg -Weverything -d1 -o gfx/minis/hitmontop_mask.1bpp gfx/minis/hitmontop_mask.png
rgbgfx -c dmg -Weverything -o gfx/icons/hitmontop.2bpp gfx/icons/hitmontop.png
rgbgfx -c dmg -Weverything -o gfx/minis/smoochum.2bpp gfx/minis/smoochum.png
rgbgfx -c dmg -Weverything -d1 -o gfx/minis/smoochum_mask.1bpp gfx/minis/smoochum_mask.png
rgbgfx -c dmg -Weverything -o gfx/icons/smoochum.2bpp gfx/icons/smoochum.png
rgbgfx -c dmg -Weverything -o gfx/minis/elekid.2bpp gfx/minis/elekid.png
rgbgfx -c dmg -Weverything -d1 -o gfx/minis/elekid_mask.1bpp gfx/minis/elekid_mask.png
rgbgfx -c dmg -Weverything -o gfx/icons/elekid.2bpp gfx/icons/elekid.png
rgbgfx -c dmg -Weverything -o gfx/minis/magby.2bpp gfx/minis/magby.png
rgbgfx -c dmg -Weverything -d1 -o gfx/minis/magby_mask.1bpp gfx/minis/magby_mask.png
rgbgfx -c dmg -Weverything -o gfx/icons/magby.2bpp gfx/icons/magby.png
rgbgfx -c dmg -Weverything -o gfx/minis/miltank.2bpp gfx/minis/miltank.png
rgbgfx -c dmg -Weverything -d1 -o gfx/minis/miltank_mask.1bpp gfx/minis/miltank_mask.png
rgbgfx -c dmg -Weverything -o gfx/icons/miltank.2bpp gfx/icons/miltank.png
rgbgfx -c dmg -Weverything -o gfx/minis/blissey.2bpp gfx/minis/blissey.png
rgbgfx -c dmg -Weverything -d1 -o gfx/minis/blissey_mask.1bpp gfx/minis/blissey_mask.png
rgbgfx -c dmg -Weverything -o gfx/icons/blissey.2bpp gfx/icons/blissey.png
rgbgfx -c dmg -Weverything -o gfx/minis/raikou.2bpp gfx/minis/raikou.png
rgbgfx -c dmg -Weverything -d1 -o gfx/minis/raikou_mask.1bpp gfx/minis/raikou_mask.png
rgbgfx -c dmg -Weverything -o gfx/icons/raikou.2bpp gfx/icons/raikou.png
rgbgfx -c dmg -Weverything -o gfx/minis/entei.2bpp gfx/minis/entei.png
rgbgfx -c dmg -Weverything -d1 -o gfx/minis/entei_mask.1bpp gfx/minis/entei_mask.png
rgbgfx -c dmg -Weverything -o gfx/icons/entei.2bpp gfx/icons/entei.png
rgbgfx -c dmg -Weverything -o gfx/minis/suicune.2bpp gfx/minis/suicune.png
rgbgfx -c dmg -Weverything -d1 -o gfx/minis/suicune_mask.1bpp gfx/minis/suicune_mask.png
rgbgfx -c dmg -Weverything -o gfx/icons/suicune.2bpp gfx/icons/suicune.png
rgbgfx -c dmg -Weverything -o gfx/minis/larvitar.2bpp gfx/minis/larvitar.png
rgbgfx -c dmg -Weverything -d1 -o gfx/minis/larvitar_mask.1bpp gfx/minis/larvitar_mask.png
rgbgfx -c dmg -Weverything -o gfx/icons/larvitar.2bpp gfx/icons/larvitar.png
rgbgfx -c dmg -Weverything -o gfx/minis/pupitar.2bpp gfx/minis/pupitar.png
rgbgfx -c dmg -Weverything -d1 -o gfx/minis/pupitar_mask.1bpp gfx/minis/pupitar_mask.png
rgbgfx -c dmg -Weverything -o gfx/icons/pupitar.2bpp gfx/icons/pupitar.png
rgbgfx -c dmg -Weverything -o gfx/minis/tyranitar.2bpp gfx/minis/tyranitar.png
rgbgfx -c dmg -Weverything -d1 -o gfx/minis/tyranitar_mask.1bpp gfx/minis/tyranitar_mask.png
rgbgfx -c dmg -Weverything -o gfx/icons/tyranitar.2bpp gfx/icons/tyranitar.png
rgbgfx -c dmg -Weverything -o gfx/minis/lugia.2bpp gfx/minis/lugia.png
rgbgfx -c dmg -Weverything -d1 -o gfx/minis/lugia_mask.1bpp gfx/minis/lugia_mask.png
rgbgfx -c dmg -Weverything -o gfx/icons/lugia.2bpp gfx/icons/lugia.png
rgbgfx -c dmg -Weverything -o gfx/minis/ho_oh.2bpp gfx/minis/ho_oh.png
rgbgfx -c dmg -Weverything -d1 -o gfx/minis/ho_oh_mask.1bpp gfx/minis/ho_oh_mask.png
rgbgfx -c dmg -Weverything -o gfx/icons/ho_oh.2bpp gfx/icons/ho_oh.png
rgbgfx -c dmg -Weverything -o gfx/minis/celebi.2bpp gfx/minis/celebi.png
rgbgfx -c dmg -Weverything -d1 -o gfx/minis/celebi_mask.1bpp gfx/minis/celebi_mask.png
rgbgfx -c dmg -Weverything -o gfx/icons/celebi.2bpp gfx/icons/celebi.png
rgbgfx -c dmg -Weverything -o gfx/minis/azurill.2bpp gfx/minis/azurill.png
rgbgfx -c dmg -Weverything -d1 -o gfx/minis/azurill_mask.1bpp gfx/minis/azurill_mask.png
rgbgfx -c dmg -Weverything -o gfx/icons/azurill.2bpp gfx/icons/azurill.png
rgbgfx -c dmg -Weverything -o gfx/minis/wynaut.2bpp gfx/minis/wynaut.png
rgbgfx -c dmg -Weverything -d1 -o gfx/minis/wynaut_mask.1bpp gfx/minis/wynaut_mask.png
rgbgfx -c dmg -Weverything -o gfx/icons/wynaut.2bpp gfx/icons/wynaut.png
rgbgfx -c dmg -Weverything -o gfx/minis/ambipom.2bpp gfx/minis/ambipom.png
rgbgfx -c dmg -Weverything -d1 -o gfx/minis/ambipom_mask.1bpp gfx/minis/ambipom_mask.png
rgbgfx -c dmg -Weverything -o gfx/icons/ambipom.2bpp gfx/icons/ambipom.png
rgbgfx -c dmg -Weverything -o gfx/minis/egg.2bpp gfx/minis/egg.png
rgbgfx -c dmg -Weverything -d1 -o gfx/minis/egg_mask.1bpp gfx/minis/egg_mask.png
rgbgfx -c dmg -Weverything -o gfx/icons/egg.2bpp gfx/icons/egg.png
rgbgfx -c dmg -Weverything -o gfx/minis/mismagius.2bpp gfx/minis/mismagius.png
rgbgfx -c dmg -Weverything -d1 -o gfx/minis/mismagius_mask.1bpp gfx/minis/mismagius_mask.png
rgbgfx -c dmg -Weverything -o gfx/icons/mismagius.2bpp gfx/icons/mismagius.png
rgbgfx -c dmg -Weverything -o gfx/minis/honchkrow.2bpp gfx/minis/honchkrow.png
rgbgfx -c dmg -Weverything -d1 -o gfx/minis/honchkrow_mask.1bpp gfx/minis/honchkrow_mask.png
rgbgfx -c dmg -Weverything -o gfx/icons/honchkrow.2bpp gfx/icons/honchkrow.png
rgbgfx -c dmg -Weverything -o gfx/minis/bonsly.2bpp gfx/minis/bonsly.png
rgbgfx -c dmg -Weverything -d1 -o gfx/minis/bonsly_mask.1bpp gfx/minis/bonsly_mask.png
rgbgfx -c dmg -Weverything -o gfx/icons/bonsly.2bpp gfx/icons/bonsly.png
rgbgfx -c dmg -Weverything -o gfx/minis/mime_jr_.2bpp gfx/minis/mime_jr_.png
rgbgfx -c dmg -Weverything -d1 -o gfx/minis/mime_jr__mask.1bpp gfx/minis/mime_jr__mask.png
rgbgfx -c dmg -Weverything -o gfx/icons/mime_jr_.2bpp gfx/icons/mime_jr_.png
rgbgfx -c dmg -Weverything -o gfx/minis/happiny.2bpp gfx/minis/happiny.png
rgbgfx -c dmg -Weverything -d1 -o gfx/minis/happiny_mask.1bpp gfx/minis/happiny_mask.png
rgbgfx -c dmg -Weverything -o gfx/icons/happiny.2bpp gfx/icons/happiny.png
rgbgfx -c dmg -Weverything -o gfx/minis/munchlax.2bpp gfx/minis/munchlax.png
rgbgfx -c dmg -Weverything -d1 -o gfx/minis/munchlax_mask.1bpp gfx/minis/munchlax_mask.png
rgbgfx -c dmg -Weverything -o gfx/icons/munchlax.2bpp gfx/icons/munchlax.png
rgbgfx -c dmg -Weverything -o gfx/minis/mantyke.2bpp gfx/minis/mantyke.png
rgbgfx -c dmg -Weverything -d1 -o gfx/minis/mantyke_mask.1bpp gfx/minis/mantyke_mask.png
rgbgfx -c dmg -Weverything -o gfx/icons/mantyke.2bpp gfx/icons/mantyke.png
rgbgfx -c dmg -Weverything -o gfx/minis/weavile.2bpp gfx/minis/weavile.png
rgbgfx -c dmg -Weverything -d1 -o gfx/minis/weavile_mask.1bpp gfx/minis/weavile_mask.png
rgbgfx -c dmg -Weverything -o gfx/icons/weavile.2bpp gfx/icons/weavile.png
rgbgfx -c dmg -Weverything -o gfx/minis/magnezone.2bpp gfx/minis/magnezone.png
rgbgfx -c dmg -Weverything -d1 -o gfx/minis/magnezone_mask.1bpp gfx/minis/magnezone_mask.png
rgbgfx -c dmg -Weverything -o gfx/icons/magnezone.2bpp gfx/icons/magnezone.png
rgbgfx -c dmg -Weverything -o gfx/minis/lickilicky.2bpp gfx/minis/lickilicky.png
rgbgfx -c dmg -Weverything -d1 -o gfx/minis/lickilicky_mask.1bpp gfx/minis/lickilicky_mask.png
rgbgfx -c dmg -Weverything -o gfx/icons/lickilicky.2bpp gfx/icons/lickilicky.png
rgbgfx -c dmg -Weverything -o gfx/minis/rhyperior.2bpp gfx/minis/rhyperior.png
rgbgfx -c dmg -Weverything -d1 -o gfx/minis/rhyperior_mask.1bpp gfx/minis/rhyperior_mask.png
rgbgfx -c dmg -Weverything -o gfx/icons/rhyperior.2bpp gfx/icons/rhyperior.png
rgbgfx -c dmg -Weverything -o gfx/minis/tangrowth.2bpp gfx/minis/tangrowth.png
rgbgfx -c dmg -Weverything -d1 -o gfx/minis/tangrowth_mask.1bpp gfx/minis/tangrowth_mask.png
rgbgfx -c dmg -Weverything -o gfx/icons/tangrowth.2bpp gfx/icons/tangrowth.png
rgbgfx -c dmg -Weverything -o gfx/minis/electivire.2bpp gfx/minis/electivire.png
rgbgfx -c dmg -Weverything -d1 -o gfx/minis/electivire_mask.1bpp gfx/minis/electivire_mask.png
rgbgfx -c dmg -Weverything -o gfx/icons/electivire.2bpp gfx/icons/electivire.png
rgbgfx -c dmg -Weverything -o gfx/minis/magmortar.2bpp gfx/minis/magmortar.png
rgbgfx -c dmg -Weverything -d1 -o gfx/minis/magmortar_mask.1bpp gfx/minis/magmortar_mask.png
rgbgfx -c dmg -Weverything -o gfx/icons/magmortar.2bpp gfx/icons/magmortar.png
rgbgfx -c dmg -Weverything -o gfx/minis/togekiss.2bpp gfx/minis/togekiss.png
rgbgfx -c dmg -Weverything -d1 -o gfx/minis/togekiss_mask.1bpp gfx/minis/togekiss_mask.png
rgbgfx -c dmg -Weverything -o gfx/icons/togekiss.2bpp gfx/icons/togekiss.png
rgbgfx -c dmg -Weverything -o gfx/minis/yanmega.2bpp gfx/minis/yanmega.png
rgbgfx -c dmg -Weverything -d1 -o gfx/minis/yanmega_mask.1bpp gfx/minis/yanmega_mask.png
rgbgfx -c dmg -Weverything -o gfx/icons/yanmega.2bpp gfx/icons/yanmega.png
rgbgfx -c dmg -Weverything -o gfx/minis/leafeon.2bpp gfx/minis/leafeon.png
rgbgfx -c dmg -Weverything -d1 -o gfx/minis/leafeon_mask.1bpp gfx/minis/leafeon_mask.png
rgbgfx -c dmg -Weverything -o gfx/icons/leafeon.2bpp gfx/icons/leafeon.png
rgbgfx -c dmg -Weverything -o gfx/minis/glaceon.2bpp gfx/minis/glaceon.png
rgbgfx -c dmg -Weverything -d1 -o gfx/minis/glaceon_mask.1bpp gfx/minis/glaceon_mask.png
rgbgfx -c dmg -Weverything -o gfx/icons/glaceon.2bpp gfx/icons/glaceon.png
rgbgfx -c dmg -Weverything -o gfx/minis/gliscor.2bpp gfx/minis/gliscor.png
rgbgfx -c dmg -Weverything -d1 -o gfx/minis/gliscor_mask.1bpp gfx/minis/gliscor_mask.png
rgbgfx -c dmg -Weverything -o gfx/icons/gliscor.2bpp gfx/icons/gliscor.png
rgbgfx -c dmg -Weverything -o gfx/minis/mamoswine.2bpp gfx/minis/mamoswine.png
rgbgfx -c dmg -Weverything -d1 -o gfx/minis/mamoswine_mask.1bpp gfx/minis/mamoswine_mask.png
rgbgfx -c dmg -Weverything -o gfx/icons/mamoswine.2bpp gfx/icons/mamoswine.png
rgbgfx -c dmg -Weverything -o gfx/minis/porygon_z.2bpp gfx/minis/porygon_z.png
rgbgfx -c dmg -Weverything -d1 -o gfx/minis/porygon_z_mask.1bpp gfx/minis/porygon_z_mask.png
rgbgfx -c dmg -Weverything -o gfx/icons/porygon_z.2bpp gfx/icons/porygon_z.png
rgbgfx -c dmg -Weverything -o gfx/minis/sylveon.2bpp gfx/minis/sylveon.png
rgbgfx -c dmg -Weverything -d1 -o gfx/minis/sylveon_mask.1bpp gfx/minis/sylveon_mask.png
rgbgfx -c dmg -Weverything -o gfx/icons/sylveon.2bpp gfx/icons/sylveon.png
rgbgfx -c dmg -Weverything -o gfx/minis/perrserker.2bpp gfx/minis/perrserker.png
rgbgfx -c dmg -Weverything -d1 -o gfx/minis/perrserker_mask.1bpp gfx/minis/perrserker_mask.png
rgbgfx -c dmg -Weverything -o gfx/icons/perrserker.2bpp gfx/icons/perrserker.png
rgbgfx -c dmg -Weverything -o gfx/minis/cursola.2bpp gfx/minis/cursola.png
rgbgfx -c dmg -Weverything -d1 -o gfx/minis/cursola_mask.1bpp gfx/minis/cursola_mask.png
rgbgfx -c dmg -Weverything -o gfx/icons/cursola.2bpp gfx/icons/cursola.png
rgbgfx -c dmg -Weverything -o gfx/minis/sirfetch_d.2bpp gfx/minis/sirfetch_d.png
rgbgfx -c dmg -Weverything -d1 -o gfx/minis/sirfetch_d_mask.1bpp gfx/minis/sirfetch_d_mask.png
rgbgfx -c dmg -Weverything -o gfx/icons/sirfetch_d.2bpp gfx/icons/sirfetch_d.png
rgbgfx -c dmg -Weverything -o gfx/minis/mr__rime.2bpp gfx/minis/mr__rime.png
rgbgfx -c dmg -Weverything -d1 -o gfx/minis/mr__rime_mask.1bpp gfx/minis/mr__rime_mask.png
rgbgfx -c dmg -Weverything -o gfx/icons/mr__rime.2bpp gfx/icons/mr__rime.png
rgbgfx -c dmg -Weverything -o gfx/minis/wyrdeer.2bpp gfx/minis/wyrdeer.png
rgbgfx -c dmg -Weverything -d1 -o gfx/minis/wyrdeer_mask.1bpp gfx/minis/wyrdeer_mask.png
rgbgfx -c dmg -Weverything -o gfx/icons/wyrdeer.2bpp gfx/icons/wyrdeer.png
rgbgfx -c dmg -Weverything -o gfx/minis/kleavor.2bpp gfx/minis/kleavor.png
rgbgfx -c dmg -Weverything -d1 -o gfx/minis/kleavor_mask.1bpp gfx/minis/kleavor_mask.png
rgbgfx -c dmg -Weverything -o gfx/icons/kleavor.2bpp gfx/icons/kleavor.png
rgbgfx -c dmg -Weverything -o gfx/minis/ursaluna.2bpp gfx/minis/ursaluna.png
rgbgfx -c dmg -Weverything -d1 -o gfx/minis/ursaluna_mask.1bpp gfx/minis/ursaluna_mask.png
rgbgfx -c dmg -Weverything -o gfx/icons/ursaluna.2bpp gfx/icons/ursaluna.png
rgbgfx -c dmg -Weverything -o gfx/minis/sneasler.2bpp gfx/minis/sneasler.png
rgbgfx -c dmg -Weverything -d1 -o gfx/minis/sneasler_mask.1bpp gfx/minis/sneasler_mask.png
rgbgfx -c dmg -Weverything -o gfx/icons/sneasler.2bpp gfx/icons/sneasler.png
rgbgfx -c dmg -Weverything -o gfx/minis/overqwil.2bpp gfx/minis/overqwil.png
rgbgfx -c dmg -Weverything -d1 -o gfx/minis/overqwil_mask.1bpp gfx/minis/overqwil_mask.png
rgbgfx -c dmg -Weverything -o gfx/icons/overqwil.2bpp gfx/icons/overqwil.png
rgbgfx -c dmg -Weverything -o gfx/minis/dudunsparce_two_segment.2bpp gfx/minis/dudunsparce_two_segment.png
rgbgfx -c dmg -Weverything -d1 -o gfx/minis/dudunsparce_two_segment_mask.1bpp gfx/minis/dudunsparce_two_segment_mask.png
rgbgfx -c dmg -Weverything -o gfx/icons/dudunsparce_two_segment.2bpp gfx/icons/dudunsparce_two_segment.png
rgbgfx -c dmg -Weverything -o gfx/minis/farigiraf.2bpp gfx/minis/farigiraf.png
rgbgfx -c dmg -Weverything -d1 -o gfx/minis/farigiraf_mask.1bpp gfx/minis/farigiraf_mask.png
rgbgfx -c dmg -Weverything -o gfx/icons/farigiraf.2bpp gfx/icons/farigiraf.png
rgbgfx -c dmg -Weverything -o gfx/minis/clodsire.2bpp gfx/minis/clodsire.png
rgbgfx -c dmg -Weverything -d1 -o gfx/minis/clodsire_mask.1bpp gfx/minis/clodsire_mask.png
rgbgfx -c dmg -Weverything -o gfx/icons/clodsire.2bpp gfx/icons/clodsire.png
rgbgfx -c dmg -Weverything -o gfx/minis/annihilape.2bpp gfx/minis/annihilape.png
rgbgfx -c dmg -Weverything -d1 -o gfx/minis/annihilape_mask.1bpp gfx/minis/annihilape_mask.png
rgbgfx -c dmg -Weverything -o gfx/icons/annihilape.2bpp gfx/icons/annihilape.png
rgbgfx -c dmg -Weverything -o gfx/minis/unown_b.2bpp gfx/minis/unown_b.png
rgbgfx -c dmg -Weverything -d1 -o gfx/minis/unown_b_mask.1bpp gfx/minis/unown_b_mask.png
rgbgfx -c dmg -Weverything -o gfx/icons/unown_b.2bpp gfx/icons/unown_b.png
rgbgfx -c dmg -Weverything -o gfx/minis/unown_c.2bpp gfx/minis/unown_c.png
rgbgfx -c dmg -Weverything -d1 -o gfx/minis/unown_c_mask.1bpp gfx/minis/unown_c_mask.png
rgbgfx -c dmg -Weverything -o gfx/icons/unown_c.2bpp gfx/icons/unown_c.png
rgbgfx -c dmg -Weverything -o gfx/minis/unown_d.2bpp gfx/minis/unown_d.png
rgbgfx -c dmg -Weverything -d1 -o gfx/minis/unown_d_mask.1bpp gfx/minis/unown_d_mask.png
rgbgfx -c dmg -Weverything -o gfx/icons/unown_d.2bpp gfx/icons/unown_d.png
rgbgfx -c dmg -Weverything -o gfx/minis/unown_e.2bpp gfx/minis/unown_e.png
rgbgfx -c dmg -Weverything -d1 -o gfx/minis/unown_e_mask.1bpp gfx/minis/unown_e_mask.png
rgbgfx -c dmg -Weverything -o gfx/icons/unown_e.2bpp gfx/icons/unown_e.png
rgbgfx -c dmg -Weverything -o gfx/minis/unown_f.2bpp gfx/minis/unown_f.png
rgbgfx -c dmg -Weverything -d1 -o gfx/minis/unown_f_mask.1bpp gfx/minis/unown_f_mask.png
rgbgfx -c dmg -Weverything -o gfx/icons/unown_f.2bpp gfx/icons/unown_f.png
rgbgfx -c dmg -Weverything -o gfx/minis/unown_g.2bpp gfx/minis/unown_g.png
rgbgfx -c dmg -Weverything -d1 -o gfx/minis/unown_g_mask.1bpp gfx/minis/unown_g_mask.png
rgbgfx -c dmg -Weverything -o gfx/icons/unown_g.2bpp gfx/icons/unown_g.png
rgbgfx -c dmg -Weverything -o gfx/minis/unown_h.2bpp gfx/minis/unown_h.png
rgbgfx -c dmg -Weverything -d1 -o gfx/minis/unown_h_mask.1bpp gfx/minis/unown_h_mask.png
rgbgfx -c dmg -Weverything -o gfx/icons/unown_h.2bpp gfx/icons/unown_h.png
rgbgfx -c dmg -Weverything -o gfx/minis/unown_i.2bpp gfx/minis/unown_i.png
rgbgfx -c dmg -Weverything -d1 -o gfx/minis/unown_i_mask.1bpp gfx/minis/unown_i_mask.png
rgbgfx -c dmg -Weverything -o gfx/icons/unown_i.2bpp gfx/icons/unown_i.png
rgbgfx -c dmg -Weverything -o gfx/minis/unown_j.2bpp gfx/minis/unown_j.png
rgbgfx -c dmg -Weverything -d1 -o gfx/minis/unown_j_mask.1bpp gfx/minis/unown_j_mask.png
rgbgfx -c dmg -Weverything -o gfx/icons/unown_j.2bpp gfx/icons/unown_j.png
rgbgfx -c dmg -Weverything -o gfx/minis/unown_k.2bpp gfx/minis/unown_k.png
rgbgfx -c dmg -Weverything -d1 -o gfx/minis/unown_k_mask.1bpp gfx/minis/unown_k_mask.png
rgbgfx -c dmg -Weverything -o gfx/icons/unown_k.2bpp gfx/icons/unown_k.png
rgbgfx -c dmg -Weverything -o gfx/minis/unown_l.2bpp gfx/minis/unown_l.png
rgbgfx -c dmg -Weverything -d1 -o gfx/minis/unown_l_mask.1bpp gfx/minis/unown_l_mask.png
rgbgfx -c dmg -Weverything -o gfx/icons/unown_l.2bpp gfx/icons/unown_l.png
rgbgfx -c dmg -Weverything -o gfx/minis/unown_m.2bpp gfx/minis/unown_m.png
rgbgfx -c dmg -Weverything -d1 -o gfx/minis/unown_m_mask.1bpp gfx/minis/unown_m_mask.png
rgbgfx -c dmg -Weverything -o gfx/icons/unown_m.2bpp gfx/icons/unown_m.png
rgbgfx -c dmg -Weverything -o gfx/minis/unown_n.2bpp gfx/minis/unown_n.png
rgbgfx -c dmg -Weverything -d1 -o gfx/minis/unown_n_mask.1bpp gfx/minis/unown_n_mask.png
rgbgfx -c dmg -Weverything -o gfx/icons/unown_n.2bpp gfx/icons/unown_n.png
rgbgfx -c dmg -Weverything -o gfx/minis/unown_o.2bpp gfx/minis/unown_o.png
rgbgfx -c dmg -Weverything -d1 -o gfx/minis/unown_o_mask.1bpp gfx/minis/unown_o_mask.png
rgbgfx -c dmg -Weverything -o gfx/icons/unown_o.2bpp gfx/icons/unown_o.png
rgbgfx -c dmg -Weverything -o gfx/minis/unown_p.2bpp gfx/minis/unown_p.png
rgbgfx -c dmg -Weverything -d1 -o gfx/minis/unown_p_mask.1bpp gfx/minis/unown_p_mask.png
rgbgfx -c dmg -Weverything -o gfx/icons/unown_p.2bpp gfx/icons/unown_p.png
rgbgfx -c dmg -Weverything -o gfx/minis/unown_q.2bpp gfx/minis/unown_q.png
rgbgfx -c dmg -Weverything -d1 -o gfx/minis/unown_q_mask.1bpp gfx/minis/unown_q_mask.png
rgbgfx -c dmg -Weverything -o gfx/icons/unown_q.2bpp gfx/icons/unown_q.png
rgbgfx -c dmg -Weverything -o gfx/minis/unown_r.2bpp gfx/minis/unown_r.png
rgbgfx -c dmg -Weverything -d1 -o gfx/minis/unown_r_mask.1bpp gfx/minis/unown_r_mask.png
rgbgfx -c dmg -Weverything -o gfx/icons/unown_r.2bpp gfx/icons/unown_r.png
rgbgfx -c dmg -Weverything -o gfx/minis/unown_s.2bpp gfx/minis/unown_s.png
rgbgfx -c dmg -Weverything -d1 -o gfx/minis/unown_s_mask.1bpp gfx/minis/unown_s_mask.png
rgbgfx -c dmg -Weverything -o gfx/icons/unown_s.2bpp gfx/icons/unown_s.png
rgbgfx -c dmg -Weverything -o gfx/minis/unown_t.2bpp gfx/minis/unown_t.png
rgbgfx -c dmg -Weverything -d1 -o gfx/minis/unown_t_mask.1bpp gfx/minis/unown_t_mask.png
rgbgfx -c dmg -Weverything -o gfx/icons/unown_t.2bpp gfx/icons/unown_t.png
rgbgfx -c dmg -Weverything -o gfx/minis/unown_u.2bpp gfx/minis/unown_u.png
rgbgfx -c dmg -Weverything -d1 -o gfx/minis/unown_u_mask.1bpp gfx/minis/unown_u_mask.png
rgbgfx -c dmg -Weverything -o gfx/icons/unown_u.2bpp gfx/icons/unown_u.png
rgbgfx -c dmg -Weverything -o gfx/minis/unown_v.2bpp gfx/minis/unown_v.png
rgbgfx -c dmg -Weverything -d1 -o gfx/minis/unown_v_mask.1bpp gfx/minis/unown_v_mask.png
rgbgfx -c dmg -Weverything -o gfx/icons/unown_v.2bpp gfx/icons/unown_v.png
rgbgfx -c dmg -Weverything -o gfx/minis/unown_w.2bpp gfx/minis/unown_w.png
rgbgfx -c dmg -Weverything -d1 -o gfx/minis/unown_w_mask.1bpp gfx/minis/unown_w_mask.png
rgbgfx -c dmg -Weverything -o gfx/icons/unown_w.2bpp gfx/icons/unown_w.png
rgbgfx -c dmg -Weverything -o gfx/minis/unown_x.2bpp gfx/minis/unown_x.png
rgbgfx -c dmg -Weverything -d1 -o gfx/minis/unown_x_mask.1bpp gfx/minis/unown_x_mask.png
rgbgfx -c dmg -Weverything -o gfx/icons/unown_x.2bpp gfx/icons/unown_x.png
rgbgfx -c dmg -Weverything -o gfx/minis/unown_y.2bpp gfx/minis/unown_y.png
rgbgfx -c dmg -Weverything -d1 -o gfx/minis/unown_y_mask.1bpp gfx/minis/unown_y_mask.png
rgbgfx -c dmg -Weverything -o gfx/icons/unown_y.2bpp gfx/icons/unown_y.png
rgbgfx -c dmg -Weverything -o gfx/minis/unown_z.2bpp gfx/minis/unown_z.png
rgbgfx -c dmg -Weverything -d1 -o gfx/minis/unown_z_mask.1bpp gfx/minis/unown_z_mask.png
rgbgfx -c dmg -Weverything -o gfx/icons/unown_z.2bpp gfx/icons/unown_z.png
rgbgfx -c dmg -Weverything -o gfx/minis/unown_exclamation.2bpp gfx/minis/unown_exclamation.png
rgbgfx -c dmg -Weverything -d1 -o gfx/minis/unown_exclamation_mask.1bpp gfx/minis/unown_exclamation_mask.png
rgbgfx -c dmg -Weverything -o gfx/icons/unown_exclamation.2bpp gfx/icons/unown_exclamation.png
rgbgfx -c dmg -Weverything -o gfx/minis/unown_question.2bpp gfx/minis/unown_question.png
rgbgfx -c dmg -Weverything -d1 -o gfx/minis/unown_question_mask.1bpp gfx/minis/unown_question_mask.png
rgbgfx -c dmg -Weverything -o gfx/icons/unown_question.2bpp gfx/icons/unown_question.png
rgbgfx -c dmg -Weverything -o gfx/minis/dudunsparce_three_segment.2bpp gfx/minis/dudunsparce_three_segment.png
rgbgfx -c dmg -Weverything -d1 -o gfx/minis/dudunsparce_three_segment_mask.1bpp gfx/minis/dudunsparce_three_segment_mask.png
rgbgfx -c dmg -Weverything -o gfx/icons/dudunsparce_three_segment.2bpp gfx/icons/dudunsparce_three_segment.png
rgbgfx -c dmg -Weverything -o gfx/minis/mewtwo_armored.2bpp gfx/minis/mewtwo_armored.png
rgbgfx -c dmg -Weverything -d1 -o gfx/minis/mewtwo_armored_mask.1bpp gfx/minis/mewtwo_armored_mask.png
rgbgfx -c dmg -Weverything -o gfx/icons/mewtwo_armored.2bpp gfx/icons/mewtwo_armored.png
rgbgfx -c dmg -Weverything -o gfx/minis/rattata_alolan.2bpp gfx/minis/rattata_alolan.png
rgbgfx -c dmg -Weverything -d1 -o gfx/minis/rattata_alolan_mask.1bpp gfx/minis/rattata_alolan_mask.png
rgbgfx -c dmg -Weverything -o gfx/icons/rattata_alolan.2bpp gfx/icons/rattata_alolan.png
rgbgfx -c dmg -Weverything -o gfx/minis/raticate_alolan.2bpp gfx/minis/raticate_alolan.png
rgbgfx -c dmg -Weverything -d1 -o gfx/minis/raticate_alolan_mask.1bpp gfx/minis/raticate_alolan_mask.png
rgbgfx -c dmg -Weverything -o gfx/icons/raticate_alolan.2bpp gfx/icons/raticate_alolan.png
rgbgfx -c dmg -Weverything -o gfx/minis/raichu_alolan.2bpp gfx/minis/raichu_alolan.png
rgbgfx -c dmg -Weverything -d1 -o gfx/minis/raichu_alolan_mask.1bpp gfx/minis/raichu_alolan_mask.png
rgbgfx -c dmg -Weverything -o gfx/icons/raichu_alolan.2bpp gfx/icons/raichu_alolan.png
rgbgfx -c dmg -Weverything -o gfx/minis/sandshrew_alolan.2bpp gfx/minis/sandshrew_alolan.png
rgbgfx -c dmg -Weverything -d1 -o gfx/minis/sandshrew_alolan_mask.1bpp gfx/minis/sandshrew_alolan_mask.png
rgbgfx -c dmg -Weverything -o gfx/icons/sandshrew_alolan.2bpp gfx/icons/sandshrew_alolan.png
rgbgfx -c dmg -Weverything -o gfx/minis/sandslash_alolan.2bpp gfx/minis/sandslash_alolan.png
rgbgfx -c dmg -Weverything -d1 -o gfx/minis/sandslash_alolan_mask.1bpp gfx/minis/sandslash_alolan_mask.png
rgbgfx -c dmg -Weverything -o gfx/icons/sandslash_alolan.2bpp gfx/icons/sandslash_alolan.png
rgbgfx -c dmg -Weverything -o gfx/minis/vulpix_alolan.2bpp gfx/minis/vulpix_alolan.png
rgbgfx -c dmg -Weverything -d1 -o gfx/minis/vulpix_alolan_mask.1bpp gfx/minis/vulpix_alolan_mask.png
rgbgfx -c dmg -Weverything -o gfx/icons/vulpix_alolan.2bpp gfx/icons/vulpix_alolan.png
rgbgfx -c dmg -Weverything -o gfx/minis/ninetales_alolan.2bpp gfx/minis/ninetales_alolan.png
rgbgfx -c dmg -Weverything -d1 -o gfx/minis/ninetales_alolan_mask.1bpp gfx/minis/ninetales_alolan_mask.png
rgbgfx -c dmg -Weverything -o gfx/icons/ninetales_alolan.2bpp gfx/icons/ninetales_alolan.png
rgbgfx -c dmg -Weverything -o gfx/minis/diglett_alolan.2bpp gfx/minis/diglett_alolan.png
rgbgfx -c dmg -Weverything -d1 -o gfx/minis/diglett_alolan_mask.1bpp gfx/minis/diglett_alolan_mask.png
rgbgfx -c dmg -Weverything -o gfx/icons/diglett_alolan.2bpp gfx/icons/diglett_alolan.png
rgbgfx -c dmg -Weverything -o gfx/minis/dugtrio_alolan.2bpp gfx/minis/dugtrio_alolan.png
rgbgfx -c dmg -Weverything -d1 -o gfx/minis/dugtrio_alolan_mask.1bpp gfx/minis/dugtrio_alolan_mask.png
rgbgfx -c dmg -Weverything -o gfx/icons/dugtrio_alolan.2bpp gfx/icons/dugtrio_alolan.png
rgbgfx -c dmg -Weverything -o gfx/minis/meowth_alolan.2bpp gfx/minis/meowth_alolan.png
rgbgfx -c dmg -Weverything -d1 -o gfx/minis/meowth_alolan_mask.1bpp gfx/minis/meowth_alolan_mask.png
rgbgfx -c dmg -Weverything -o gfx/icons/meowth_alolan.2bpp gfx/icons/meowth_alolan.png
rgbgfx -c dmg -Weverything -o gfx/minis/persian_alolan.2bpp gfx/minis/persian_alolan.png
rgbgfx -c dmg -Weverything -d1 -o gfx/minis/persian_alolan_mask.1bpp gfx/minis/persian_alolan_mask.png
rgbgfx -c dmg -Weverything -o gfx/icons/persian_alolan.2bpp gfx/icons/persian_alolan.png
rgbgfx -c dmg -Weverything -o gfx/minis/geodude_alolan.2bpp gfx/minis/geodude_alolan.png
rgbgfx -c dmg -Weverything -d1 -o gfx/minis/geodude_alolan_mask.1bpp gfx/minis/geodude_alolan_mask.png
rgbgfx -c dmg -Weverything -o gfx/icons/geodude_alolan.2bpp gfx/icons/geodude_alolan.png
rgbgfx -c dmg -Weverything -o gfx/minis/graveler_alolan.2bpp gfx/minis/graveler_alolan.png
rgbgfx -c dmg -Weverything -d1 -o gfx/minis/graveler_alolan_mask.1bpp gfx/minis/graveler_alolan_mask.png
rgbgfx -c dmg -Weverything -o gfx/icons/graveler_alolan.2bpp gfx/icons/graveler_alolan.png
rgbgfx -c dmg -Weverything -o gfx/minis/golem_alolan.2bpp gfx/minis/golem_alolan.png
rgbgfx -c dmg -Weverything -d1 -o gfx/minis/golem_alolan_mask.1bpp gfx/minis/golem_alolan_mask.png
rgbgfx -c dmg -Weverything -o gfx/icons/golem_alolan.2bpp gfx/icons/golem_alolan.png
rgbgfx -c dmg -Weverything -o gfx/minis/grimer_alolan.2bpp gfx/minis/grimer_alolan.png
rgbgfx -c dmg -Weverything -d1 -o gfx/minis/grimer_alolan_mask.1bpp gfx/minis/grimer_alolan_mask.png
rgbgfx -c dmg -Weverything -o gfx/icons/grimer_alolan.2bpp gfx/icons/grimer_alolan.png
rgbgfx -c dmg -Weverything -o gfx/minis/muk_alolan.2bpp gfx/minis/muk_alolan.png
rgbgfx -c dmg -Weverything -d1 -o gfx/minis/muk_alolan_mask.1bpp gfx/minis/muk_alolan_mask.png
rgbgfx -c dmg -Weverything -o gfx/icons/muk_alolan.2bpp gfx/icons/muk_alolan.png
rgbgfx -c dmg -Weverything -o gfx/minis/exeggutor_alolan.2bpp gfx/minis/exeggutor_alolan.png
rgbgfx -c dmg -Weverything -d1 -o gfx/minis/exeggutor_alolan_mask.1bpp gfx/minis/exeggutor_alolan_mask.png
rgbgfx -c dmg -Weverything -o gfx/icons/exeggutor_alolan.2bpp gfx/icons/exeggutor_alolan.png
rgbgfx -c dmg -Weverything -o gfx/minis/marowak_alolan.2bpp gfx/minis/marowak_alolan.png
rgbgfx -c dmg -Weverything -d1 -o gfx/minis/marowak_alolan_mask.1bpp gfx/minis/marowak_alolan_mask.png
rgbgfx -c dmg -Weverything -o gfx/icons/marowak_alolan.2bpp gfx/icons/marowak_alolan.png
rgbgfx -c dmg -Weverything -o gfx/minis/meowth_galarian.2bpp gfx/minis/meowth_galarian.png
rgbgfx -c dmg -Weverything -d1 -o gfx/minis/meowth_galarian_mask.1bpp gfx/minis/meowth_galarian_mask.png
rgbgfx -c dmg -Weverything -o gfx/icons/meowth_galarian.2bpp gfx/icons/meowth_galarian.png
rgbgfx -c dmg -Weverything -o gfx/minis/ponyta_galarian.2bpp gfx/minis/ponyta_galarian.png
rgbgfx -c dmg -Weverything -d1 -o gfx/minis/ponyta_galarian_mask.1bpp gfx/minis/ponyta_galarian_mask.png
rgbgfx -c dmg -Weverything -o gfx/icons/ponyta_galarian.2bpp gfx/icons/ponyta_galarian.png
rgbgfx -c dmg -Weverything -o gfx/minis/rapidash_galarian.2bpp gfx/minis/rapidash_galarian.png
rgbgfx -c dmg -Weverything -d1 -o gfx/minis/rapidash_galarian_mask.1bpp gfx/minis/rapidash_galarian_mask.png
rgbgfx -c dmg -Weverything -o gfx/icons/rapidash_galarian.2bpp gfx/icons/rapidash_galarian.png
rgbgfx -c dmg -Weverything -o gfx/minis/slowpoke_galarian.2bpp gfx/minis/slowpoke_galarian.png
rgbgfx -c dmg -Weverything -d1 -o gfx/minis/slowpoke_galarian_mask.1bpp gfx/minis/slowpoke_galarian_mask.png
rgbgfx -c dmg -Weverything -o gfx/icons/slowpoke_galarian.2bpp gfx/icons/slowpoke_galarian.png
rgbgfx -c dmg -Weverything -o gfx/minis/slowbro_galarian.2bpp gfx/minis/slowbro_galarian.png
rgbgfx -c dmg -Weverything -d1 -o gfx/minis/slowbro_galarian_mask.1bpp gfx/minis/slowbro_galarian_mask.png
rgbgfx -c dmg -Weverything -o gfx/icons/slowbro_galarian.2bpp gfx/icons/slowbro_galarian.png
rgbgfx -c dmg -Weverything -o gfx/minis/farfetch_d_galarian.2bpp gfx/minis/farfetch_d_galarian.png
rgbgfx -c dmg -Weverything -d1 -o gfx/minis/farfetch_d_galarian_mask.1bpp gfx/minis/farfetch_d_galarian_mask.png
rgbgfx -c dmg -Weverything -o gfx/icons/farfetch_d_galarian.2bpp gfx/icons/farfetch_d_galarian.png
rgbgfx -c dmg -Weverything -o gfx/minis/weezing_galarian.2bpp gfx/minis/weezing_galarian.png
rgbgfx -c dmg -Weverything -d1 -o gfx/minis/weezing_galarian_mask.1bpp gfx/minis/weezing_galarian_mask.png
rgbgfx -c dmg -Weverything -o gfx/icons/weezing_galarian.2bpp gfx/icons/weezing_galarian.png
rgbgfx -c dmg -Weverything -o gfx/minis/mr__mime_galarian.2bpp gfx/minis/mr__mime_galarian.png
rgbgfx -c dmg -Weverything -d1 -o gfx/minis/mr__mime_galarian_mask.1bpp gfx/minis/mr__mime_galarian_mask.png
rgbgfx -c dmg -Weverything -o gfx/icons/mr__mime_galarian.2bpp gfx/icons/mr__mime_galarian.png
rgbgfx -c dmg -Weverything -o gfx/minis/articuno_galarian.2bpp gfx/minis/articuno_galarian.png
rgbgfx -c dmg -Weverything -d1 -o gfx/minis/articuno_galarian_mask.1bpp gfx/minis/articuno_galarian_mask.png
rgbgfx -c dmg -Weverything -o gfx/icons/articuno_galarian.2bpp gfx/icons/articuno_galarian.png
rgbgfx -c dmg -Weverything -o gfx/minis/zapdos_galarian.2bpp gfx/minis/zapdos_galarian.png
rgbgfx -c dmg -Weverything -d1 -o gfx/minis/zapdos_galarian_mask.1bpp gfx/minis/zapdos_galarian_mask.png
rgbgfx -c dmg -Weverything -o gfx/icons/zapdos_galarian.2bpp gfx/icons/zapdos_galarian.png
rgbgfx -c dmg -Weverything -o gfx/minis/moltres_galarian.2bpp gfx/minis/moltres_galarian.png
rgbgfx -c dmg -Weverything -d1 -o gfx/minis/moltres_galarian_mask.1bpp gfx/minis/moltres_galarian_mask.png
rgbgfx -c dmg -Weverything -o gfx/icons/moltres_galarian.2bpp gfx/icons/moltres_galarian.png
rgbgfx -c dmg -Weverything -o gfx/minis/slowking_galarian.2bpp gfx/minis/slowking_galarian.png
rgbgfx -c dmg -Weverything -d1 -o gfx/minis/slowking_galarian_mask.1bpp gfx/minis/slowking_galarian_mask.png
rgbgfx -c dmg -Weverything -o gfx/icons/slowking_galarian.2bpp gfx/icons/slowking_galarian.png
rgbgfx -c dmg -Weverything -o gfx/minis/corsola_galarian.2bpp gfx/minis/corsola_galarian.png
rgbgfx -c dmg -Weverything -d1 -o gfx/minis/corsola_galarian_mask.1bpp gfx/minis/corsola_galarian_mask.png
rgbgfx -c dmg -Weverything -o gfx/icons/corsola_galarian.2bpp gfx/icons/corsola_galarian.png
rgbgfx -c dmg -Weverything -o gfx/minis/growlithe_hisuian.2bpp gfx/minis/growlithe_hisuian.png
rgbgfx -c dmg -Weverything -d1 -o gfx/minis/growlithe_hisuian_mask.1bpp gfx/minis/growlithe_hisuian_mask.png
rgbgfx -c dmg -Weverything -o gfx/icons/growlithe_hisuian.2bpp gfx/icons/growlithe_hisuian.png
rgbgfx -c dmg -Weverything -o gfx/minis/arcanine_hisuian.2bpp gfx/minis/arcanine_hisuian.png
rgbgfx -c dmg -Weverything -d1 -o gfx/minis/arcanine_hisuian_mask.1bpp gfx/minis/arcanine_hisuian_mask.png
rgbgfx -c dmg -Weverything -o gfx/icons/arcanine_hisuian.2bpp gfx/icons/arcanine_hisuian.png
rgbgfx -c dmg -Weverything -o gfx/minis/voltorb_hisuian.2bpp gfx/minis/voltorb_hisuian.png
rgbgfx -c dmg -Weverything -d1 -o gfx/minis/voltorb_hisuian_mask.1bpp gfx/minis/voltorb_hisuian_mask.png
rgbgfx -c dmg -Weverything -o gfx/icons/voltorb_hisuian.2bpp gfx/icons/voltorb_hisuian.png
rgbgfx -c dmg -Weverything -o gfx/minis/electrode_hisuian.2bpp gfx/minis/electrode_hisuian.png
rgbgfx -c dmg -Weverything -d1 -o gfx/minis/electrode_hisuian_mask.1bpp gfx/minis/electrode_hisuian_mask.png
rgbgfx -c dmg -Weverything -o gfx/icons/electrode_hisuian.2bpp gfx/icons/electrode_hisuian.png
rgbgfx -c dmg -Weverything -o gfx/minis/typhlosion_hisuian.2bpp gfx/minis/typhlosion_hisuian.png
rgbgfx -c dmg -Weverything -d1 -o gfx/minis/typhlosion_hisuian_mask.1bpp gfx/minis/typhlosion_hisuian_mask.png
rgbgfx -c dmg -Weverything -o gfx/icons/typhlosion_hisuian.2bpp gfx/icons/typhlosion_hisuian.png
rgbgfx -c dmg -Weverything -o gfx/minis/qwilfish_hisuian.2bpp gfx/minis/qwilfish_hisuian.png
rgbgfx -c dmg -Weverything -d1 -o gfx/minis/qwilfish_hisuian_mask.1bpp gfx/minis/qwilfish_hisuian_mask.png
rgbgfx -c dmg -Weverything -o gfx/icons/qwilfish_hisuian.2bpp gfx/icons/qwilfish_hisuian.png
rgbgfx -c dmg -Weverything -o gfx/minis/sneasel_hisuian.2bpp gfx/minis/sneasel_hisuian.png
rgbgfx -c dmg -Weverything -d1 -o gfx/minis/sneasel_hisuian_mask.1bpp gfx/minis/sneasel_hisuian_mask.png
rgbgfx -c dmg -Weverything -o gfx/icons/sneasel_hisuian.2bpp gfx/icons/sneasel_hisuian.png
rgbgfx -c dmg -Weverything -o gfx/minis/wooper_paldean.2bpp gfx/minis/wooper_paldean.png
rgbgfx -c dmg -Weverything -d1 -o gfx/minis/wooper_paldean_mask.1bpp gfx/minis/wooper_paldean_mask.png
rgbgfx -c dmg -Weverything -o gfx/icons/wooper_paldean.2bpp gfx/icons/wooper_paldean.png
rgbgfx -c dmg -Weverything -o gfx/minis/tauros_paldean.2bpp gfx/minis/tauros_paldean.png
rgbgfx -c dmg -Weverything -d1 -o gfx/minis/tauros_paldean_mask.1bpp gfx/minis/tauros_paldean_mask.png
rgbgfx -c dmg -Weverything -o gfx/icons/tauros_paldean.2bpp gfx/icons/tauros_paldean.png
rgbgfx -c dmg -Weverything -o gfx/minis/tauros_paldean_fire.2bpp gfx/minis/tauros_paldean_fire.png
rgbgfx -c dmg -Weverything -d1 -o gfx/minis/tauros_paldean_fire_mask.1bpp gfx/minis/tauros_paldean_fire_mask.png
rgbgfx -c dmg -Weverything -o gfx/icons/tauros_paldean_fire.2bpp gfx/icons/tauros_paldean_fire.png
rgbgfx -c dmg -Weverything -o gfx/minis/tauros_paldean_water.2bpp gfx/minis/tauros_paldean_water.png
rgbgfx -c dmg -Weverything -d1 -o gfx/minis/tauros_paldean_water_mask.1bpp gfx/minis/tauros_paldean_water_mask.png
rgbgfx -c dmg -Weverything -o gfx/icons/tauros_paldean_water.2bpp gfx/icons/tauros_paldean_water.png
rgbgfx -c dmg -Weverything -o gfx/minis/ursaluna_bloodmoon.2bpp gfx/minis/ursaluna_bloodmoon.png
rgbgfx -c dmg -Weverything -d1 -o gfx/minis/ursaluna_bloodmoon_mask.1bpp gfx/minis/ursaluna_bloodmoon_mask.png
rgbgfx -c dmg -Weverything -o gfx/icons/ursaluna_bloodmoon.2bpp gfx/icons/ursaluna_bloodmoon.png
tools/pokemon_animation_graphics -o gfx/pokemon/bulbasaur/front.animated.2bpp gfx/pokemon/bulbasaur/front.2bpp gfx/pokemon/bulbasaur/front.dimensions
rgbgfx -c dmg -Weverything -Z -o gfx/pokemon/bulbasaur/back.2bpp gfx/pokemon/bulbasaur/back.png
tools/pokemon_animation_graphics -o gfx/pokemon/ivysaur/front.animated.2bpp gfx/pokemon/ivysaur/front.2bpp gfx/pokemon/ivysaur/front.dimensions
rgbgfx -c dmg -Weverything -Z -o gfx/pokemon/ivysaur/back.2bpp gfx/pokemon/ivysaur/back.png
tools/pokemon_animation_graphics -o gfx/pokemon/venusaur/front.animated.2bpp gfx/pokemon/venusaur/front.2bpp gfx/pokemon/venusaur/front.dimensions
rgbgfx -c dmg -Weverything -Z -o gfx/pokemon/venusaur/back.2bpp gfx/pokemon/venusaur/back.png
tools/pokemon_animation_graphics -o gfx/pokemon/charmander/front.animated.2bpp gfx/pokemon/charmander/front.2bpp gfx/pokemon/charmander/front.dimensions
rgbgfx -c dmg -Weverything -Z -o gfx/pokemon/charmander/back.2bpp gfx/pokemon/charmander/back.png
tools/pokemon_animation_graphics -o gfx/pokemon/charmeleon/front.animated.2bpp gfx/pokemon/charmeleon/front.2bpp gfx/pokemon/charmeleon/front.dimensions
rgbgfx -c dmg -Weverything -Z -o gfx/pokemon/charmeleon/back.2bpp gfx/pokemon/charmeleon/back.png
tools/pokemon_animation_graphics -o gfx/pokemon/charizard/front.animated.2bpp gfx/pokemon/charizard/front.2bpp gfx/pokemon/charizard/front.dimensions
rgbgfx -c dmg -Weverything -Z -o gfx/pokemon/charizard/back.2bpp gfx/pokemon/charizard/back.png
tools/pokemon_animation_graphics -o gfx/pokemon/squirtle/front.animated.2bpp gfx/pokemon/squirtle/front.2bpp gfx/pokemon/squirtle/front.dimensions
rgbgfx -c dmg -Weverything -Z -o gfx/pokemon/squirtle/back.2bpp gfx/pokemon/squirtle/back.png
tools/pokemon_animation_graphics -o gfx/pokemon/wartortle/front.animated.2bpp gfx/pokemon/wartortle/front.2bpp gfx/pokemon/wartortle/front.dimensions
rgbgfx -c dmg -Weverything -Z -o gfx/pokemon/wartortle/back.2bpp gfx/pokemon/wartortle/back.png
tools/pokemon_animation_graphics -o gfx/pokemon/blastoise/front.animated.2bpp gfx/pokemon/blastoise/front.2bpp gfx/pokemon/blastoise/front.dimensions
rgbgfx -c dmg -Weverything -Z -o gfx/pokemon/blastoise/back.2bpp gfx/pokemon/blastoise/back.png
tools/pokemon_animation_graphics -o gfx/pokemon/caterpie/front.animated.2bpp gfx/pokemon/caterpie/front.2bpp gfx/pokemon/caterpie/front.dimensions
rgbgfx -c dmg -Weverything -Z -o gfx/pokemon/caterpie/back.2bpp gfx/pokemon/caterpie/back.png
tools/pokemon_animation_graphics -o gfx/pokemon/metapod/front.animated.2bpp gfx/pokemon/metapod/front.2bpp gfx/pokemon/metapod/front.dimensions
rgbgfx -c dmg -Weverything -Z -o gfx/pokemon/metapod/back.2bpp gfx/pokemon/metapod/back.png
tools/pokemon_animation_graphics -o gfx/pokemon/butterfree/front.animated.2bpp gfx/pokemon/butterfree/front.2bpp gfx/pokemon/butterfree/front.dimensions
rgbgfx -c dmg -Weverything -Z -o gfx/pokemon/butterfree/back.2bpp gfx/pokemon/butterfree/back.png
tools/pokemon_animation_graphics -o gfx/pokemon/weedle/front.animated.2bpp gfx/pokemon/weedle/front.2bpp gfx/pokemon/weedle/front.dimensions
rgbgfx -c dmg -Weverything -Z -o gfx/pokemon/weedle/back.2bpp gfx/pokemon/weedle/back.png
tools/pokemon_animation_graphics -o gfx/pokemon/kakuna/front.animated.2bpp gfx/pokemon/kakuna/front.2bpp gfx/pokemon/kakuna/front.dimensions
rgbgfx -c dmg -Weverything -Z -o gfx/pokemon/kakuna/back.2bpp gfx/pokemon/kakuna/back.png
tools/pokemon_animation_graphics -o gfx/pokemon/beedrill/front.animated.2bpp gfx/pokemon/beedrill/front.2bpp gfx/pokemon/beedrill/front.dimensions
rgbgfx -c dmg -Weverything -Z -o gfx/pokemon/beedrill/back.2bpp gfx/pokemon/beedrill/back.png
tools/pokemon_animation_graphics -o gfx/pokemon/pidgey/front.animated.2bpp gfx/pokemon/pidgey/front.2bpp gfx/pokemon/pidgey/front.dimensions
rgbgfx -c dmg -Weverything -Z -o gfx/pokemon/pidgey/back.2bpp gfx/pokemon/pidgey/back.png
tools/pokemon_animation_graphics -o gfx/pokemon/pidgeotto/front.animated.2bpp gfx/pokemon/pidgeotto/front.2bpp gfx/pokemon/pidgeotto/front.dimensions
rgbgfx -c dmg -Weverything -Z -o gfx/pokemon/pidgeotto/back.2bpp gfx/pokemon/pidgeotto/back.png
tools/pokemon_animation_graphics -o gfx/pokemon/pidgeot/front.animated.2bpp gfx/pokemon/pidgeot/front.2bpp gfx/pokemon/pidgeot/front.dimensions
rgbgfx -c dmg -Weverything -Z -o gfx/pokemon/pidgeot/back.2bpp gfx/pokemon/pidgeot/back.png
tools/pokemon_animation_graphics -o gfx/pokemon/marill/front.animated.2bpp gfx/pokemon/marill/front.2bpp gfx/pokemon/marill/front.dimensions
rgbgfx -c dmg -Weverything -Z -o gfx/pokemon/marill/back.2bpp gfx/pokemon/marill/back.png
tools/pokemon_animation_graphics -o gfx/pokemon/azumarill/front.animated.2bpp gfx/pokemon/azumarill/front.2bpp gfx/pokemon/azumarill/front.dimensions
rgbgfx -c dmg -Weverything -Z -o gfx/pokemon/azumarill/back.2bpp gfx/pokemon/azumarill/back.png
tools/pokemon_animation_graphics -o gfx/pokemon/ekans/front.animated.2bpp gfx/pokemon/ekans/front.2bpp gfx/pokemon/ekans/front.dimensions
rgbgfx -c dmg -Weverything -Z -o gfx/pokemon/ekans/back.2bpp gfx/pokemon/ekans/back.png
tools/pokemon_animation_graphics -o gfx/pokemon/nidoran_f/front.animated.2bpp gfx/pokemon/nidoran_f/front.2bpp gfx/pokemon/nidoran_f/front.dimensions
rgbgfx -c dmg -Weverything -Z -o gfx/pokemon/nidoran_f/back.2bpp gfx/pokemon/nidoran_f/back.png
tools/pokemon_animation_graphics -o gfx/pokemon/nidorina/front.animated.2bpp gfx/pokemon/nidorina/front.2bpp gfx/pokemon/nidorina/front.dimensions
rgbgfx -c dmg -Weverything -Z -o gfx/pokemon/nidorina/back.2bpp gfx/pokemon/nidorina/back.png
tools/pokemon_animation_graphics -o gfx/pokemon/nidoqueen/front.animated.2bpp gfx/pokemon/nidoqueen/front.2bpp gfx/pokemon/nidoqueen/front.dimensions
rgbgfx -c dmg -Weverything -Z -o gfx/pokemon/nidoqueen/back.2bpp gfx/pokemon/nidoqueen/back.png
tools/pokemon_animation_graphics -o gfx/pokemon/nidoran_m/front.animated.2bpp gfx/pokemon/nidoran_m/front.2bpp gfx/pokemon/nidoran_m/front.dimensions
rgbgfx -c dmg -Weverything -Z -o gfx/pokemon/nidoran_m/back.2bpp gfx/pokemon/nidoran_m/back.png
tools/pokemon_animation_graphics -o gfx/pokemon/nidorino/front.animated.2bpp gfx/pokemon/nidorino/front.2bpp gfx/pokemon/nidorino/front.dimensions
rgbgfx -c dmg -Weverything -Z -o gfx/pokemon/nidorino/back.2bpp gfx/pokemon/nidorino/back.png
tools/pokemon_animation_graphics -o gfx/pokemon/nidoking/front.animated.2bpp gfx/pokemon/nidoking/front.2bpp gfx/pokemon/nidoking/front.dimensions
rgbgfx -c dmg -Weverything -Z -o gfx/pokemon/nidoking/back.2bpp gfx/pokemon/nidoking/back.png
tools/pokemon_animation_graphics -o gfx/pokemon/clefairy/front.animated.2bpp gfx/pokemon/clefairy/front.2bpp gfx/pokemon/clefairy/front.dimensions
rgbgfx -c dmg -Weverything -Z -o gfx/pokemon/clefairy/back.2bpp gfx/pokemon/clefairy/back.png
tools/pokemon_animation_graphics -o gfx/pokemon/clefable/front.animated.2bpp gfx/pokemon/clefable/front.2bpp gfx/pokemon/clefable/front.dimensions
rgbgfx -c dmg -Weverything -Z -o gfx/pokemon/clefable/back.2bpp gfx/pokemon/clefable/back.png
tools/pokemon_animation_graphics -o gfx/pokemon/jigglypuff/front.animated.2bpp gfx/pokemon/jigglypuff/front.2bpp gfx/pokemon/jigglypuff/front.dimensions
rgbgfx -c dmg -Weverything -Z -o gfx/pokemon/jigglypuff/back.2bpp gfx/pokemon/jigglypuff/back.png
tools/pokemon_animation_graphics -o gfx/pokemon/wigglytuff/front.animated.2bpp gfx/pokemon/wigglytuff/front.2bpp gfx/pokemon/wigglytuff/front.dimensions
rgbgfx -c dmg -Weverything -Z -o gfx/pokemon/wigglytuff/back.2bpp gfx/pokemon/wigglytuff/back.png
tools/pokemon_animation_graphics -o gfx/pokemon/zubat/front.animated.2bpp gfx/pokemon/zubat/front.2bpp gfx/pokemon/zubat/front.dimensions
rgbgfx -c dmg -Weverything -Z -o gfx/pokemon/zubat/back.2bpp gfx/pokemon/zubat/back.png
tools/pokemon_animation_graphics -o gfx/pokemon/golbat/front.animated.2bpp gfx/pokemon/golbat/front.2bpp gfx/pokemon/golbat/front.dimensions
rgbgfx -c dmg -Weverything -Z -o gfx/pokemon/golbat/back.2bpp gfx/pokemon/golbat/back.png
tools/pokemon_animation_graphics -o gfx/pokemon/oddish/front.animated.2bpp gfx/pokemon/oddish/front.2bpp gfx/pokemon/oddish/front.dimensions
rgbgfx -c dmg -Weverything -Z -o gfx/pokemon/oddish/back.2bpp gfx/pokemon/oddish/back.png
tools/pokemon_animation_graphics -o gfx/pokemon/gloom/front.animated.2bpp gfx/pokemon/gloom/front.2bpp gfx/pokemon/gloom/front.dimensions
rgbgfx -c dmg -Weverything -Z -o gfx/pokemon/gloom/back.2bpp gfx/pokemon/gloom/back.png
tools/pokemon_animation_graphics -o gfx/pokemon/vileplume/front.animated.2bpp gfx/pokemon/vileplume/front.2bpp gfx/pokemon/vileplume/front.dimensions
rgbgfx -c dmg -Weverything -Z -o gfx/pokemon/vileplume/back.2bpp gfx/pokemon/vileplume/back.png
tools/pokemon_animation_graphics -o gfx/pokemon/paras/front.animated.2bpp gfx/pokemon/paras/front.2bpp gfx/pokemon/paras/front.dimensions
rgbgfx -c dmg -Weverything -Z -o gfx/pokemon/paras/back.2bpp gfx/pokemon/paras/back.png
tools/pokemon_animation_graphics -o gfx/pokemon/parasect/front.animated.2bpp gfx/pokemon/parasect/front.2bpp gfx/pokemon/parasect/front.dimensions
rgbgfx -c dmg -Weverything -Z -o gfx/pokemon/parasect/back.2bpp gfx/pokemon/parasect/back.png
tools/pokemon_animation_graphics -o gfx/pokemon/venonat/front.animated.2bpp gfx/pokemon/venonat/front.2bpp gfx/pokemon/venonat/front.dimensions
rgbgfx -c dmg -Weverything -Z -o gfx/pokemon/venonat/back.2bpp gfx/pokemon/venonat/back.png
tools/pokemon_animation_graphics -o gfx/pokemon/venomoth/front.animated.2bpp gfx/pokemon/venomoth/front.2bpp gfx/pokemon/venomoth/front.dimensions
rgbgfx -c dmg -Weverything -Z -o gfx/pokemon/venomoth/back.2bpp gfx/pokemon/venomoth/back.png
tools/pokemon_animation_graphics -o gfx/pokemon/psyduck/front.animated.2bpp gfx/pokemon/psyduck/front.2bpp gfx/pokemon/psyduck/front.dimensions
rgbgfx -c dmg -Weverything -Z -o gfx/pokemon/psyduck/back.2bpp gfx/pokemon/psyduck/back.png
tools/pokemon_animation_graphics -o gfx/pokemon/golduck/front.animated.2bpp gfx/pokemon/golduck/front.2bpp gfx/pokemon/golduck/front.dimensions
rgbgfx -c dmg -Weverything -Z -o gfx/pokemon/golduck/back.2bpp gfx/pokemon/golduck/back.png
tools/pokemon_animation_graphics -o gfx/pokemon/mankey/front.animated.2bpp gfx/pokemon/mankey/front.2bpp gfx/pokemon/mankey/front.dimensions
rgbgfx -c dmg -Weverything -Z -o gfx/pokemon/mankey/back.2bpp gfx/pokemon/mankey/back.png
tools/pokemon_animation_graphics -o gfx/pokemon/primeape/front.animated.2bpp gfx/pokemon/primeape/front.2bpp gfx/pokemon/primeape/front.dimensions
rgbgfx -c dmg -Weverything -Z -o gfx/pokemon/primeape/back.2bpp gfx/pokemon/primeape/back.png
tools/pokemon_animation_graphics -o gfx/pokemon/poliwag/front.animated.2bpp gfx/pokemon/poliwag/front.2bpp gfx/pokemon/poliwag/front.dimensions
rgbgfx -c dmg -Weverything -Z -o gfx/pokemon/poliwag/back.2bpp gfx/pokemon/poliwag/back.png
tools/pokemon_animation_graphics -o gfx/pokemon/poliwhirl/front.animated.2bpp gfx/pokemon/poliwhirl/front.2bpp gfx/pokemon/poliwhirl/front.dimensions
rgbgfx -c dmg -Weverything -Z -o gfx/pokemon/poliwhirl/back.2bpp gfx/pokemon/poliwhirl/back.png
tools/pokemon_animation_graphics -o gfx/pokemon/poliwrath/front.animated.2bpp gfx/pokemon/poliwrath/front.2bpp gfx/pokemon/poliwrath/front.dimensions
rgbgfx -c dmg -Weverything -Z -o gfx/pokemon/poliwrath/back.2bpp gfx/pokemon/poliwrath/back.png
tools/pokemon_animation_graphics -o gfx/pokemon/abra/front.animated.2bpp gfx/pokemon/abra/front.2bpp gfx/pokemon/abra/front.dimensions
rgbgfx -c dmg -Weverything -Z -o gfx/pokemon/abra/back.2bpp gfx/pokemon/abra/back.png
tools/pokemon_animation_graphics -o gfx/pokemon/kadabra/front.animated.2bpp gfx/pokemon/kadabra/front.2bpp gfx/pokemon/kadabra/front.dimensions
rgbgfx -c dmg -Weverything -Z -o gfx/pokemon/kadabra/back.2bpp gfx/pokemon/kadabra/back.png
tools/pokemon_animation_graphics -o gfx/pokemon/alakazam/front.animated.2bpp gfx/pokemon/alakazam/front.2bpp gfx/pokemon/alakazam/front.dimensions
rgbgfx -c dmg -Weverything -Z -o gfx/pokemon/alakazam/back.2bpp gfx/pokemon/alakazam/back.png
tools/pokemon_animation_graphics -o gfx/pokemon/machop/front.animated.2bpp gfx/pokemon/machop/front.2bpp gfx/pokemon/machop/front.dimensions
rgbgfx -c dmg -Weverything -Z -o gfx/pokemon/machop/back.2bpp gfx/pokemon/machop/back.png
tools/pokemon_animation_graphics -o gfx/pokemon/machoke/front.animated.2bpp gfx/pokemon/machoke/front.2bpp gfx/pokemon/machoke/front.dimensions
rgbgfx -c dmg -Weverything -Z -o gfx/pokemon/machoke/back.2bpp gfx/pokemon/machoke/back.png
tools/pokemon_animation_graphics -o gfx/pokemon/machamp/front.animated.2bpp gfx/pokemon/machamp/front.2bpp gfx/pokemon/machamp/front.dimensions
rgbgfx -c dmg -Weverything -Z -o gfx/pokemon/machamp/back.2bpp gfx/pokemon/machamp/back.png
tools/pokemon_animation_graphics -o gfx/pokemon/bellsprout/front.animated.2bpp gfx/pokemon/bellsprout/front.2bpp gfx/pokemon/bellsprout/front.dimensions
rgbgfx -c dmg -Weverything -Z -o gfx/pokemon/bellsprout/back.2bpp gfx/pokemon/bellsprout/back.png
tools/pokemon_animation_graphics -o gfx/pokemon/weepinbell/front.animated.2bpp gfx/pokemon/weepinbell/front.2bpp gfx/pokemon/weepinbell/front.dimensions
rgbgfx -c dmg -Weverything -Z -o gfx/pokemon/weepinbell/back.2bpp gfx/pokemon/weepinbell/back.png
tools/pokemon_animation_graphics -o gfx/pokemon/victreebel/front.animated.2bpp gfx/pokemon/victreebel/front.2bpp gfx/pokemon/victreebel/front.dimensions
rgbgfx -c dmg -Weverything -Z -o gfx/pokemon/victreebel/back.2bpp gfx/pokemon/victreebel/back.png
tools/pokemon_animation_graphics -o gfx/pokemon/tentacool/front.animated.2bpp gfx/pokemon/tentacool/front.2bpp gfx/pokemon/tentacool/front.dimensions
rgbgfx -c dmg -Weverything -Z -o gfx/pokemon/tentacool/back.2bpp gfx/pokemon/tentacool/back.png
tools/pokemon_animation_graphics -o gfx/pokemon/tentacruel/front.animated.2bpp gfx/pokemon/tentacruel/front.2bpp gfx/pokemon/tentacruel/front.dimensions
rgbgfx -c dmg -Weverything -Z -o gfx/pokemon/tentacruel/back.2bpp gfx/pokemon/tentacruel/back.png
tools/pokemon_animation_graphics -o gfx/pokemon/magnemite/front.animated.2bpp gfx/pokemon/magnemite/front.2bpp gfx/pokemon/magnemite/front.dimensions
rgbgfx -c dmg -Weverything -Z -o gfx/pokemon/magnemite/back.2bpp gfx/pokemon/magnemite/back.png
tools/pokemon_animation_graphics -o gfx/pokemon/magneton/front.animated.2bpp gfx/pokemon/magneton/front.2bpp gfx/pokemon/magneton/front.dimensions
rgbgfx -c dmg -Weverything -Z -o gfx/pokemon/magneton/back.2bpp gfx/pokemon/magneton/back.png
tools/pokemon_animation_graphics -o gfx/pokemon/doduo/front.animated.2bpp gfx/pokemon/doduo/front.2bpp gfx/pokemon/doduo/front.dimensions
rgbgfx -c dmg -Weverything -Z -o gfx/pokemon/doduo/back.2bpp gfx/pokemon/doduo/back.png
tools/pokemon_animation_graphics -o gfx/pokemon/dodrio/front.animated.2bpp gfx/pokemon/dodrio/front.2bpp gfx/pokemon/dodrio/front.dimensions
rgbgfx -c dmg -Weverything -Z -o gfx/pokemon/dodrio/back.2bpp gfx/pokemon/dodrio/back.png
tools/pokemon_animation_graphics -o gfx/pokemon/seel/front.animated.2bpp gfx/pokemon/seel/front.2bpp gfx/pokemon/seel/front.dimensions
rgbgfx -c dmg -Weverything -Z -o gfx/pokemon/seel/back.2bpp gfx/pokemon/seel/back.png
tools/pokemon_animation_graphics -o gfx/pokemon/dewgong/front.animated.2bpp gfx/pokemon/dewgong/front.2bpp gfx/pokemon/dewgong/front.dimensions
rgbgfx -c dmg -Weverything -Z -o gfx/pokemon/dewgong/back.2bpp gfx/pokemon/dewgong/back.png
tools/pokemon_animation_graphics -o gfx/pokemon/shellder/front.animated.2bpp gfx/pokemon/shellder/front.2bpp gfx/pokemon/shellder/front.dimensions
rgbgfx -c dmg -Weverything -Z -o gfx/pokemon/shellder/back.2bpp gfx/pokemon/shellder/back.png
tools/pokemon_animation_graphics -o gfx/pokemon/cloyster/front.animated.2bpp gfx/pokemon/cloyster/front.2bpp gfx/pokemon/cloyster/front.dimensions
rgbgfx -c dmg -Weverything -Z -o gfx/pokemon/cloyster/back.2bpp gfx/pokemon/cloyster/back.png
tools/pokemon_animation_graphics -o gfx/pokemon/gastly/front.animated.2bpp gfx/pokemon/gastly/front.2bpp gfx/pokemon/gastly/front.dimensions
rgbgfx -c dmg -Weverything -Z -o gfx/pokemon/gastly/back.2bpp gfx/pokemon/gastly/back.png
tools/pokemon_animation_graphics -o gfx/pokemon/haunter/front.animated.2bpp gfx/pokemon/haunter/front.2bpp gfx/pokemon/haunter/front.dimensions
rgbgfx -c dmg -Weverything -Z -o gfx/pokemon/haunter/back.2bpp gfx/pokemon/haunter/back.png
tools/pokemon_animation_graphics -o gfx/pokemon/gengar/front.animated.2bpp gfx/pokemon/gengar/front.2bpp gfx/pokemon/gengar/front.dimensions
rgbgfx -c dmg -Weverything -Z -o gfx/pokemon/gengar/back.2bpp gfx/pokemon/gengar/back.png
tools/pokemon_animation_graphics -o gfx/pokemon/onix/front.animated.2bpp gfx/pokemon/onix/front.2bpp gfx/pokemon/onix/front.dimensions
rgbgfx -c dmg -Weverything -Z -o gfx/pokemon/onix/back.2bpp gfx/pokemon/onix/back.png
tools/pokemon_animation_graphics -o gfx/pokemon/drowzee/front.animated.2bpp gfx/pokemon/drowzee/front.2bpp gfx/pokemon/drowzee/front.dimensions
rgbgfx -c dmg -Weverything -Z -o gfx/pokemon/drowzee/back.2bpp gfx/pokemon/drowzee/back.png
tools/pokemon_animation_graphics -o gfx/pokemon/hypno/front.animated.2bpp gfx/pokemon/hypno/front.2bpp gfx/pokemon/hypno/front.dimensions
rgbgfx -c dmg -Weverything -Z -o gfx/pokemon/hypno/back.2bpp gfx/pokemon/hypno/back.png
tools/pokemon_animation_graphics -o gfx/pokemon/krabby/front.animated.2bpp gfx/pokemon/krabby/front.2bpp gfx/pokemon/krabby/front.dimensions
rgbgfx -c dmg -Weverything -Z -o gfx/pokemon/krabby/back.2bpp gfx/pokemon/krabby/back.png
tools/pokemon_animation_graphics -o gfx/pokemon/kingler/front.animated.2bpp gfx/pokemon/kingler/front.2bpp gfx/pokemon/kingler/front.dimensions
rgbgfx -c dmg -Weverything -Z -o gfx/pokemon/kingler/back.2bpp gfx/pokemon/kingler/back.png
tools/pokemon_animation_graphics -o gfx/pokemon/exeggcute/front.animated.2bpp gfx/pokemon/exeggcute/front.2bpp gfx/pokemon/exeggcute/front.dimensions
rgbgfx -c dmg -Weverything -Z -o gfx/pokemon/exeggcute/back.2bpp gfx/pokemon/exeggcute/back.png
tools/pokemon_animation_graphics -o gfx/pokemon/cubone/front.animated.2bpp gfx/pokemon/cubone/front.2bpp gfx/pokemon/cubone/front.dimensions
rgbgfx -c dmg -Weverything -Z -o gfx/pokemon/cubone/back.2bpp gfx/pokemon/cubone/back.png
tools/pokemon_animation_graphics -o gfx/pokemon/hitmonlee/front.animated.2bpp gfx/pokemon/hitmonlee/front.2bpp gfx/pokemon/hitmonlee/front.dimensions
rgbgfx -c dmg -Weverything -Z -o gfx/pokemon/hitmonlee/back.2bpp gfx/pokemon/hitmonlee/back.png
tools/pokemon_animation_graphics -o gfx/pokemon/hitmonchan/front.animated.2bpp gfx/pokemon/hitmonchan/front.2bpp gfx/pokemon/hitmonchan/front.dimensions
rgbgfx -c dmg -Weverything -Z -o gfx/pokemon/hitmonchan/back.2bpp gfx/pokemon/hitmonchan/back.png
tools/pokemon_animation_graphics -o gfx/pokemon/koffing/front.animated.2bpp gfx/pokemon/koffing/front.2bpp gfx/pokemon/koffing/front.dimensions
rgbgfx -c dmg -Weverything -Z -o gfx/pokemon/koffing/back.2bpp gfx/pokemon/koffing/back.png
tools/pokemon_animation_graphics -o gfx/pokemon/lickitung/front.animated.2bpp gfx/pokemon/lickitung/front.2bpp gfx/pokemon/lickitung/front.dimensions
rgbgfx -c dmg -Weverything -Z -o gfx/pokemon/lickitung/back.2bpp gfx/pokemon/lickitung/back.png
tools/pokemon_animation_graphics -o gfx/pokemon/rhyhorn/front.animated.2bpp gfx/pokemon/rhyhorn/front.2bpp gfx/pokemon/rhyhorn/front.dimensions
rgbgfx -c dmg -Weverything -Z -o gfx/pokemon/rhyhorn/back.2bpp gfx/pokemon/rhyhorn/back.png
tools/pokemon_animation_graphics -o gfx/pokemon/rhydon/front.animated.2bpp gfx/pokemon/rhydon/front.2bpp gfx/pokemon/rhydon/front.dimensions
rgbgfx -c dmg -Weverything -Z -o gfx/pokemon/rhydon/back.2bpp gfx/pokemon/rhydon/back.png
tools/pokemon_animation_graphics -o gfx/pokemon/chansey/front.animated.2bpp gfx/pokemon/chansey/front.2bpp gfx/pokemon/chansey/front.dimensions
rgbgfx -c dmg -Weverything -Z -o gfx/pokemon/chansey/back.2bpp gfx/pokemon/chansey/back.png
tools/pokemon_animation_graphics -o gfx/pokemon/tangela/front.animated.2bpp gfx/pokemon/tangela/front.2bpp gfx/pokemon/tangela/front.dimensions
rgbgfx -c dmg -Weverything -Z -o gfx/pokemon/tangela/back.2bpp gfx/pokemon/tangela/back.png
tools/pokemon_animation_graphics -o gfx/pokemon/kangaskhan/front.animated.2bpp gfx/pokemon/kangaskhan/front.2bpp gfx/pokemon/kangaskhan/front.dimensions
rgbgfx -c dmg -Weverything -Z -o gfx/pokemon/kangaskhan/back.2bpp gfx/pokemon/kangaskhan/back.png
tools/pokemon_animation_graphics -o gfx/pokemon/horsea/front.animated.2bpp gfx/pokemon/horsea/front.2bpp gfx/pokemon/horsea/front.dimensions
rgbgfx -c dmg -Weverything -Z -o gfx/pokemon/horsea/back.2bpp gfx/pokemon/horsea/back.png
tools/pokemon_animation_graphics -o gfx/pokemon/seadra/front.animated.2bpp gfx/pokemon/seadra/front.2bpp gfx/pokemon/seadra/front.dimensions
rgbgfx -c dmg -Weverything -Z -o gfx/pokemon/seadra/back.2bpp gfx/pokemon/seadra/back.png
tools/pokemon_animation_graphics -o gfx/pokemon/togepi/front.animated.2bpp gfx/pokemon/togepi/front.2bpp gfx/pokemon/togepi/front.dimensions
rgbgfx -c dmg -Weverything -Z -o gfx/pokemon/togepi/back.2bpp gfx/pokemon/togepi/back.png
tools/pokemon_animation_graphics -o gfx/pokemon/togetic/front.animated.2bpp gfx/pokemon/togetic/front.2bpp gfx/pokemon/togetic/front.dimensions
rgbgfx -c dmg -Weverything -Z -o gfx/pokemon/togetic/back.2bpp gfx/pokemon/togetic/back.png
tools/pokemon_animation_graphics -o gfx/pokemon/togekiss/front.animated.2bpp gfx/pokemon/togekiss/front.2bpp gfx/pokemon/togekiss/front.dimensions
rgbgfx -c dmg -Weverything -Z -o gfx/pokemon/togekiss/back.2bpp gfx/pokemon/togekiss/back.png
tools/pokemon_animation_graphics -o gfx/pokemon/staryu/front.animated.2bpp gfx/pokemon/staryu/front.2bpp gfx/pokemon/staryu/front.dimensions
rgbgfx -c dmg -Weverything -Z -o gfx/pokemon/staryu/back.2bpp gfx/pokemon/staryu/back.png
tools/pokemon_animation_graphics -o gfx/pokemon/starmie/front.animated.2bpp gfx/pokemon/starmie/front.2bpp gfx/pokemon/starmie/front.dimensions
rgbgfx -c dmg -Weverything -Z -o gfx/pokemon/starmie/back.2bpp gfx/pokemon/starmie/back.png
tools/pokemon_animation_graphics -o gfx/pokemon/scyther/front.animated.2bpp gfx/pokemon/scyther/front.2bpp gfx/pokemon/scyther/front.dimensions
rgbgfx -c dmg -Weverything -Z -o gfx/pokemon/scyther/back.2bpp gfx/pokemon/scyther/back.png
tools/pokemon_animation_graphics -o gfx/pokemon/jynx/front.animated.2bpp gfx/pokemon/jynx/front.2bpp gfx/pokemon/jynx/front.dimensions
rgbgfx -c dmg -Weverything -Z -o gfx/pokemon/jynx/back.2bpp gfx/pokemon/jynx/back.png
tools/pokemon_animation_graphics -o gfx/pokemon/electabuzz/front.animated.2bpp gfx/pokemon/electabuzz/front.2bpp gfx/pokemon/electabuzz/front.dimensions
rgbgfx -c dmg -Weverything -Z -o gfx/pokemon/electabuzz/back.2bpp gfx/pokemon/electabuzz/back.png
tools/pokemon_animation_graphics -o gfx/pokemon/magmar/front.animated.2bpp gfx/pokemon/magmar/front.2bpp gfx/pokemon/magmar/front.dimensions
rgbgfx -c dmg -Weverything -Z -o gfx/pokemon/magmar/back.2bpp gfx/pokemon/magmar/back.png
tools/pokemon_animation_graphics -o gfx/pokemon/pinsir/front.animated.2bpp gfx/pokemon/pinsir/front.2bpp gfx/pokemon/pinsir/front.dimensions
rgbgfx -c dmg -Weverything -Z -o gfx/pokemon/pinsir/back.2bpp gfx/pokemon/pinsir/back.png
tools/pokemon_animation_graphics -o gfx/pokemon/lapras/front.animated.2bpp gfx/pokemon/lapras/front.2bpp gfx/pokemon/lapras/front.dimensions
rgbgfx -c dmg -Weverything -Z -o gfx/pokemon/lapras/back.2bpp gfx/pokemon/lapras/back.png
tools/pokemon_animation_graphics -o gfx/pokemon/ditto/front.animated.2bpp gfx/pokemon/ditto/front.2bpp gfx/pokemon/ditto/front.dimensions
rgbgfx -c dmg -Weverything -Z -o gfx/pokemon/ditto/back.2bpp gfx/pokemon/ditto/back.png
tools/pokemon_animation_graphics -o gfx/pokemon/eevee/front.animated.2bpp gfx/pokemon/eevee/front.2bpp gfx/pokemon/eevee/front.dimensions
rgbgfx -c dmg -Weverything -Z -o gfx/pokemon/eevee/back.2bpp gfx/pokemon/eevee/back.png
tools/pokemon_animation_graphics -o gfx/pokemon/vaporeon/front.animated.2bpp gfx/pokemon/vaporeon/front.2bpp gfx/pokemon/vaporeon/front.dimensions
rgbgfx -c dmg -Weverything -Z -o gfx/pokemon/vaporeon/back.2bpp gfx/pokemon/vaporeon/back.png
tools/pokemon_animation_graphics -o gfx/pokemon/jolteon/front.animated.2bpp gfx/pokemon/jolteon/front.2bpp gfx/pokemon/jolteon/front.dimensions
rgbgfx -c dmg -Weverything -Z -o gfx/pokemon/jolteon/back.2bpp gfx/pokemon/jolteon/back.png
tools/pokemon_animation_graphics -o gfx/pokemon/flareon/front.animated.2bpp gfx/pokemon/flareon/front.2bpp gfx/pokemon/flareon/front.dimensions
rgbgfx -c dmg -Weverything -Z -o gfx/pokemon/flareon/back.2bpp gfx/pokemon/flareon/back.png
tools/pokemon_animation_graphics -o gfx/pokemon/porygon/front.animated.2bpp gfx/pokemon/porygon/front.2bpp gfx/pokemon/porygon/front.dimensions
rgbgfx -c dmg -Weverything -Z -o gfx/pokemon/porygon/back.2bpp gfx/pokemon/porygon/back.png
tools/pokemon_animation_graphics -o gfx/pokemon/omanyte/front.animated.2bpp gfx/pokemon/omanyte/front.2bpp gfx/pokemon/omanyte/front.dimensions
rgbgfx -c dmg -Weverything -Z -o gfx/pokemon/omanyte/back.2bpp gfx/pokemon/omanyte/back.png
tools/pokemon_animation_graphics -o gfx/pokemon/omastar/front.animated.2bpp gfx/pokemon/omastar/front.2bpp gfx/pokemon/omastar/front.dimensions
rgbgfx -c dmg -Weverything -Z -o gfx/pokemon/omastar/back.2bpp gfx/pokemon/omastar/back.png
tools/pokemon_animation_graphics -o gfx/pokemon/kabuto/front.animated.2bpp gfx/pokemon/kabuto/front.2bpp gfx/pokemon/kabuto/front.dimensions
rgbgfx -c dmg -Weverything -Z -o gfx/pokemon/kabuto/back.2bpp gfx/pokemon/kabuto/back.png
tools/pokemon_animation_graphics -o gfx/pokemon/kabutops/front.animated.2bpp gfx/pokemon/kabutops/front.2bpp gfx/pokemon/kabutops/front.dimensions
rgbgfx -c dmg -Weverything -Z -o gfx/pokemon/kabutops/back.2bpp gfx/pokemon/kabutops/back.png
tools/pokemon_animation_graphics -o gfx/pokemon/aerodactyl/front.animated.2bpp gfx/pokemon/aerodactyl/front.2bpp gfx/pokemon/aerodactyl/front.dimensions
rgbgfx -c dmg -Weverything -Z -o gfx/pokemon/aerodactyl/back.2bpp gfx/pokemon/aerodactyl/back.png
tools/pokemon_animation_graphics -o gfx/pokemon/snorlax/front.animated.2bpp gfx/pokemon/snorlax/front.2bpp gfx/pokemon/snorlax/front.dimensions
rgbgfx -c dmg -Weverything -Z -o gfx/pokemon/snorlax/back.2bpp gfx/pokemon/snorlax/back.png
tools/pokemon_animation_graphics -o gfx/pokemon/dratini/front.animated.2bpp gfx/pokemon/dratini/front.2bpp gfx/pokemon/dratini/front.dimensions
rgbgfx -c dmg -Weverything -Z -o gfx/pokemon/dratini/back.2bpp gfx/pokemon/dratini/back.png
tools/pokemon_animation_graphics -o gfx/pokemon/dragonair/front.animated.2bpp gfx/pokemon/dragonair/front.2bpp gfx/pokemon/dragonair/front.dimensions
rgbgfx -c dmg -Weverything -Z -o gfx/pokemon/dragonair/back.2bpp gfx/pokemon/dragonair/back.png
tools/pokemon_animation_graphics -o gfx/pokemon/dragonite/front.animated.2bpp gfx/pokemon/dragonite/front.2bpp gfx/pokemon/dragonite/front.dimensions
rgbgfx -c dmg -Weverything -Z -o gfx/pokemon/dragonite/back.2bpp gfx/pokemon/dragonite/back.png
tools/pokemon_animation_graphics -o gfx/pokemon/mew/front.animated.2bpp gfx/pokemon/mew/front.2bpp gfx/pokemon/mew/front.dimensions
rgbgfx -c dmg -Weverything -Z -o gfx/pokemon/mew/back.2bpp gfx/pokemon/mew/back.png
tools/pokemon_animation_graphics -o gfx/pokemon/chikorita/front.animated.2bpp gfx/pokemon/chikorita/front.2bpp gfx/pokemon/chikorita/front.dimensions
rgbgfx -c dmg -Weverything -Z -o gfx/pokemon/chikorita/back.2bpp gfx/pokemon/chikorita/back.png
tools/pokemon_animation_graphics -o gfx/pokemon/bayleef/front.animated.2bpp gfx/pokemon/bayleef/front.2bpp gfx/pokemon/bayleef/front.dimensions
rgbgfx -c dmg -Weverything -Z -o gfx/pokemon/bayleef/back.2bpp gfx/pokemon/bayleef/back.png
tools/pokemon_animation_graphics -o gfx/pokemon/meganium/front.animated.2bpp gfx/pokemon/meganium/front.2bpp gfx/pokemon/meganium/front.dimensions
rgbgfx -c dmg -Weverything -Z -o gfx/pokemon/meganium/back.2bpp gfx/pokemon/meganium/back.png
tools/pokemon_animation_graphics -o gfx/pokemon/cyndaquil/front.animated.2bpp gfx/pokemon/cyndaquil/front.2bpp gfx/pokemon/cyndaquil/front.dimensions
rgbgfx -c dmg -Weverything -Z -o gfx/pokemon/cyndaquil/back.2bpp gfx/pokemon/cyndaquil/back.png
tools/pokemon_animation_graphics -o gfx/pokemon/quilava/front.animated.2bpp gfx/pokemon/quilava/front.2bpp gfx/pokemon/quilava/front.dimensions
rgbgfx -c dmg -Weverything -Z -o gfx/pokemon/quilava/back.2bpp gfx/pokemon/quilava/back.png
tools/pokemon_animation_graphics -o gfx/pokemon/typhlosion_plain/front.animated.2bpp gfx/pokemon/typhlosion_plain/front.2bpp gfx/pokemon/typhlosion_plain/front.dimensions
rgbgfx -c dmg -Weverything -Z -o gfx/pokemon/typhlosion_plain/back.2bpp gfx/pokemon/typhlosion_plain/back.png
tools/pokemon_animation_graphics -o gfx/pokemon/typhlosion_hisuian/front.animated.2bpp gfx/pokemon/typhlosion_hisuian/front.2bpp gfx/pokemon/typhlosion_hisuian/front.dimensions
rgbgfx -c dmg -Weverything -Z -o gfx/pokemon/typhlosion_hisuian/back.2bpp gfx/pokemon/typhlosion_hisuian/back.png
tools/pokemon_animation_graphics -o gfx/pokemon/totodile/front.animated.2bpp gfx/pokemon/totodile/front.2bpp gfx/pokemon/totodile/front.dimensions
rgbgfx -c dmg -Weverything -Z -o gfx/pokemon/totodile/back.2bpp gfx/pokemon/totodile/back.png
tools/pokemon_animation_graphics -o gfx/pokemon/croconaw/front.animated.2bpp gfx/pokemon/croconaw/front.2bpp gfx/pokemon/croconaw/front.dimensions
rgbgfx -c dmg -Weverything -Z -o gfx/pokemon/croconaw/back.2bpp gfx/pokemon/croconaw/back.png
tools/pokemon_animation_graphics -o gfx/pokemon/feraligatr/front.animated.2bpp gfx/pokemon/feraligatr/front.2bpp gfx/pokemon/feraligatr/front.dimensions
rgbgfx -c dmg -Weverything -Z -o gfx/pokemon/feraligatr/back.2bpp gfx/pokemon/feraligatr/back.png
tools/pokemon_animation_graphics -o gfx/pokemon/sentret/front.animated.2bpp gfx/pokemon/sentret/front.2bpp gfx/pokemon/sentret/front.dimensions
rgbgfx -c dmg -Weverything -Z -o gfx/pokemon/sentret/back.2bpp gfx/pokemon/sentret/back.png
tools/pokemon_animation_graphics -o gfx/pokemon/furret/front.animated.2bpp gfx/pokemon/furret/front.2bpp gfx/pokemon/furret/front.dimensions
rgbgfx -c dmg -Weverything -Z -o gfx/pokemon/furret/back.2bpp gfx/pokemon/furret/back.png
tools/pokemon_animation_graphics -o gfx/pokemon/hoothoot/front.animated.2bpp gfx/pokemon/hoothoot/front.2bpp gfx/pokemon/hoothoot/front.dimensions
rgbgfx -c dmg -Weverything -Z -o gfx/pokemon/hoothoot/back.2bpp gfx/pokemon/hoothoot/back.png
tools/pokemon_animation_graphics -o gfx/pokemon/noctowl/front.animated.2bpp gfx/pokemon/noctowl/front.2bpp gfx/pokemon/noctowl/front.dimensions
rgbgfx -c dmg -Weverything -Z -o gfx/pokemon/noctowl/back.2bpp gfx/pokemon/noctowl/back.png
tools/pokemon_animation_graphics -o gfx/pokemon/ledyba/front.animated.2bpp gfx/pokemon/ledyba/front.2bpp gfx/pokemon/ledyba/front.dimensions
rgbgfx -c dmg -Weverything -Z -o gfx/pokemon/ledyba/back.2bpp gfx/pokemon/ledyba/back.png
tools/pokemon_animation_graphics -o gfx/pokemon/ledian/front.animated.2bpp gfx/pokemon/ledian/front.2bpp gfx/pokemon/ledian/front.dimensions
rgbgfx -c dmg -Weverything -Z -o gfx/pokemon/ledian/back.2bpp gfx/pokemon/ledian/back.png
tools/pokemon_animation_graphics -o gfx/pokemon/spinarak/front.animated.2bpp gfx/pokemon/spinarak/front.2bpp gfx/pokemon/spinarak/front.dimensions
rgbgfx -c dmg -Weverything -Z -o gfx/pokemon/spinarak/back.2bpp gfx/pokemon/spinarak/back.png
tools/pokemon_animation_graphics -o gfx/pokemon/ariados/front.animated.2bpp gfx/pokemon/ariados/front.2bpp gfx/pokemon/ariados/front.dimensions
rgbgfx -c dmg -Weverything -Z -o gfx/pokemon/ariados/back.2bpp gfx/pokemon/ariados/back.png
tools/pokemon_animation_graphics -o gfx/pokemon/crobat/front.animated.2bpp gfx/pokemon/crobat/front.2bpp gfx/pokemon/crobat/front.dimensions
rgbgfx -c dmg -Weverything -Z -o gfx/pokemon/crobat/back.2bpp gfx/pokemon/crobat/back.png
tools/pokemon_animation_graphics -o gfx/pokemon/chinchou/front.animated.2bpp gfx/pokemon/chinchou/front.2bpp gfx/pokemon/chinchou/front.dimensions
rgbgfx -c dmg -Weverything -Z -o gfx/pokemon/chinchou/back.2bpp gfx/pokemon/chinchou/back.png
tools/pokemon_animation_graphics -o gfx/pokemon/lanturn/front.animated.2bpp gfx/pokemon/lanturn/front.2bpp gfx/pokemon/lanturn/front.dimensions
rgbgfx -c dmg -Weverything -Z -o gfx/pokemon/lanturn/back.2bpp gfx/pokemon/lanturn/back.png
tools/pokemon_animation_graphics -o gfx/pokemon/cleffa/front.animated.2bpp gfx/pokemon/cleffa/front.2bpp gfx/pokemon/cleffa/front.dimensions
rgbgfx -c dmg -Weverything -Z -o gfx/pokemon/cleffa/back.2bpp gfx/pokemon/cleffa/back.png
tools/pokemon_animation_graphics -o gfx/pokemon/munchlax/front.animated.2bpp gfx/pokemon/munchlax/front.2bpp gfx/pokemon/munchlax/front.dimensions
rgbgfx -c dmg -Weverything -Z -o gfx/pokemon/munchlax/back.2bpp gfx/pokemon/munchlax/back.png
tools/pokemon_animation_graphics -o gfx/pokemon/magnezone/front.animated.2bpp gfx/pokemon/magnezone/front.2bpp gfx/pokemon/magnezone/front.dimensions
rgbgfx -c dmg -Weverything -Z -o gfx/pokemon/magnezone/back.2bpp gfx/pokemon/magnezone/back.png
tools/pokemon_animation_graphics -o gfx/pokemon/rhyperior/front.animated.2bpp gfx/pokemon/rhyperior/front.2bpp gfx/pokemon/rhyperior/front.dimensions
rgbgfx -c dmg -Weverything -Z -o gfx/pokemon/rhyperior/back.2bpp gfx/pokemon/rhyperior/back.png
tools/pokemon_animation_graphics -o gfx/pokemon/tangrowth/front.animated.2bpp gfx/pokemon/tangrowth/front.2bpp gfx/pokemon/tangrowth/front.dimensions
rgbgfx -c dmg -Weverything -Z -o gfx/pokemon/tangrowth/back.2bpp gfx/pokemon/tangrowth/back.png
tools/pokemon_animation_graphics -o gfx/pokemon/natu/front.animated.2bpp gfx/pokemon/natu/front.2bpp gfx/pokemon/natu/front.dimensions
rgbgfx -c dmg -Weverything -Z -o gfx/pokemon/natu/back.2bpp gfx/pokemon/natu/back.png
tools/pokemon_animation_graphics -o gfx/pokemon/xatu/front.animated.2bpp gfx/pokemon/xatu/front.2bpp gfx/pokemon/xatu/front.dimensions
rgbgfx -c dmg -Weverything -Z -o gfx/pokemon/xatu/back.2bpp gfx/pokemon/xatu/back.png
tools/pokemon_animation_graphics -o gfx/pokemon/mareep/front.animated.2bpp gfx/pokemon/mareep/front.2bpp gfx/pokemon/mareep/front.dimensions
rgbgfx -c dmg -Weverything -Z -o gfx/pokemon/mareep/back.2bpp gfx/pokemon/mareep/back.png
tools/pokemon_animation_graphics -o gfx/pokemon/flaaffy/front.animated.2bpp gfx/pokemon/flaaffy/front.2bpp gfx/pokemon/flaaffy/front.dimensions
rgbgfx -c dmg -Weverything -Z -o gfx/pokemon/flaaffy/back.2bpp gfx/pokemon/flaaffy/back.png
tools/pokemon_animation_graphics -o gfx/pokemon/ampharos/front.animated.2bpp gfx/pokemon/ampharos/front.2bpp gfx/pokemon/ampharos/front.dimensions
rgbgfx -c dmg -Weverything -Z -o gfx/pokemon/ampharos/back.2bpp gfx/pokemon/ampharos/back.png
tools/pokemon_animation_graphics -o gfx/pokemon/bellossom/front.animated.2bpp gfx/pokemon/bellossom/front.2bpp gfx/pokemon/bellossom/front.dimensions
rgbgfx -c dmg -Weverything -Z -o gfx/pokemon/bellossom/back.2bpp gfx/pokemon/bellossom/back.png
tools/pokemon_animation_graphics -o gfx/pokemon/sudowoodo/front.animated.2bpp gfx/pokemon/sudowoodo/front.2bpp gfx/pokemon/sudowoodo/front.dimensions
rgbgfx -c dmg -Weverything -Z -o gfx/pokemon/sudowoodo/back.2bpp gfx/pokemon/sudowoodo/back.png
tools/pokemon_animation_graphics -o gfx/pokemon/politoed/front.animated.2bpp gfx/pokemon/politoed/front.2bpp gfx/pokemon/politoed/front.dimensions
rgbgfx -c dmg -Weverything -Z -o gfx/pokemon/politoed/back.2bpp gfx/pokemon/politoed/back.png
tools/pokemon_animation_graphics -o gfx/pokemon/sunkern/front.animated.2bpp gfx/pokemon/sunkern/front.2bpp gfx/pokemon/sunkern/front.dimensions
rgbgfx -c dmg -Weverything -Z -o gfx/pokemon/sunkern/back.2bpp gfx/pokemon/sunkern/back.png
tools/pokemon_animation_graphics -o gfx/pokemon/sunflora/front.animated.2bpp gfx/pokemon/sunflora/front.2bpp gfx/pokemon/sunflora/front.dimensions
rgbgfx -c dmg -Weverything -Z -o gfx/pokemon/sunflora/back.2bpp gfx/pokemon/sunflora/back.png
tools/pokemon_animation_graphics -o gfx/pokemon/yanma/front.animated.2bpp gfx/pokemon/yanma/front.2bpp gfx/pokemon/yanma/front.dimensions
rgbgfx -c dmg -Weverything -Z -o gfx/pokemon/yanma/back.2bpp gfx/pokemon/yanma/back.png
tools/pokemon_animation_graphics -o gfx/pokemon/yanmega/front.animated.2bpp gfx/pokemon/yanmega/front.2bpp gfx/pokemon/yanmega/front.dimensions
rgbgfx -c dmg -Weverything -Z -o gfx/pokemon/yanmega/back.2bpp gfx/pokemon/yanmega/back.png
tools/pokemon_animation_graphics -o gfx/pokemon/quagsire/front.animated.2bpp gfx/pokemon/quagsire/front.2bpp gfx/pokemon/quagsire/front.dimensions
rgbgfx -c dmg -Weverything -Z -o gfx/pokemon/quagsire/back.2bpp gfx/pokemon/quagsire/back.png
tools/pokemon_animation_graphics -o gfx/pokemon/espeon/front.animated.2bpp gfx/pokemon/espeon/front.2bpp gfx/pokemon/espeon/front.dimensions
rgbgfx -c dmg -Weverything -Z -o gfx/pokemon/espeon/back.2bpp gfx/pokemon/espeon/back.png
tools/pokemon_animation_graphics -o gfx/pokemon/umbreon/front.animated.2bpp gfx/pokemon/umbreon/front.2bpp gfx/pokemon/umbreon/front.dimensions
rgbgfx -c dmg -Weverything -Z -o gfx/pokemon/umbreon/back.2bpp gfx/pokemon/umbreon/back.png
tools/pokemon_animation_graphics -o gfx/pokemon/murkrow/front.animated.2bpp gfx/pokemon/murkrow/front.2bpp gfx/pokemon/murkrow/front.dimensions
rgbgfx -c dmg -Weverything -Z -o gfx/pokemon/murkrow/back.2bpp gfx/pokemon/murkrow/back.png
tools/pokemon_animation_graphics -o gfx/pokemon/honchkrow/front.animated.2bpp gfx/pokemon/honchkrow/front.2bpp gfx/pokemon/honchkrow/front.dimensions
rgbgfx -c dmg -Weverything -Z -o gfx/pokemon/honchkrow/back.2bpp gfx/pokemon/honchkrow/back.png
tools/pokemon_animation_graphics -o gfx/pokemon/misdreavus/front.animated.2bpp gfx/pokemon/misdreavus/front.2bpp gfx/pokemon/misdreavus/front.dimensions
rgbgfx -c dmg -Weverything -Z -o gfx/pokemon/misdreavus/back.2bpp gfx/pokemon/misdreavus/back.png
tools/pokemon_animation_graphics -o gfx/pokemon/mismagius/front.animated.2bpp gfx/pokemon/mismagius/front.2bpp gfx/pokemon/mismagius/front.dimensions
rgbgfx -c dmg -Weverything -Z -o gfx/pokemon/mismagius/back.2bpp gfx/pokemon/mismagius/back.png
tools/pokemon_animation_graphics -o gfx/pokemon/wobbuffet/front.animated.2bpp gfx/pokemon/wobbuffet/front.2bpp gfx/pokemon/wobbuffet/front.dimensions
rgbgfx -c dmg -Weverything -Z -o gfx/pokemon/wobbuffet/back.2bpp gfx/pokemon/wobbuffet/back.png
tools/pokemon_animation_graphics -o gfx/pokemon/girafarig/front.animated.2bpp gfx/pokemon/girafarig/front.2bpp gfx/pokemon/girafarig/front.dimensions
rgbgfx -c dmg -Weverything -Z -o gfx/pokemon/girafarig/back.2bpp gfx/pokemon/girafarig/back.png
tools/pokemon_animation_graphics -o gfx/pokemon/pineco/front.animated.2bpp gfx/pokemon/pineco/front.2bpp gfx/pokemon/pineco/front.dimensions
rgbgfx -c dmg -Weverything -Z -o gfx/pokemon/pineco/back.2bpp gfx/pokemon/pineco/back.png
tools/pokemon_animation_graphics -o gfx/pokemon/forretress/front.animated.2bpp gfx/pokemon/forretress/front.2bpp gfx/pokemon/forretress/front.dimensions
rgbgfx -c dmg -Weverything -Z -o gfx/pokemon/forretress/back.2bpp gfx/pokemon/forretress/back.png
tools/pokemon_animation_graphics -o gfx/pokemon/dunsparce/front.animated.2bpp gfx/pokemon/dunsparce/front.2bpp gfx/pokemon/dunsparce/front.dimensions
rgbgfx -c dmg -Weverything -Z -o gfx/pokemon/dunsparce/back.2bpp gfx/pokemon/dunsparce/back.png
tools/pokemon_animation_graphics -o gfx/pokemon/gligar/front.animated.2bpp gfx/pokemon/gligar/front.2bpp gfx/pokemon/gligar/front.dimensions
rgbgfx -c dmg -Weverything -Z -o gfx/pokemon/gligar/back.2bpp gfx/pokemon/gligar/back.png
tools/pokemon_animation_graphics -o gfx/pokemon/gliscor/front.animated.2bpp gfx/pokemon/gliscor/front.2bpp gfx/pokemon/gliscor/front.dimensions
rgbgfx -c dmg -Weverything -Z -o gfx/pokemon/gliscor/back.2bpp gfx/pokemon/gliscor/back.png
tools/pokemon_animation_graphics -o gfx/pokemon/steelix/front.animated.2bpp gfx/pokemon/steelix/front.2bpp gfx/pokemon/steelix/front.dimensions
rgbgfx -c dmg -Weverything -Z -o gfx/pokemon/steelix/back.2bpp gfx/pokemon/steelix/back.png
tools/pokemon_animation_graphics -o gfx/pokemon/snubbull/front.animated.2bpp gfx/pokemon/snubbull/front.2bpp gfx/pokemon/snubbull/front.dimensions
rgbgfx -c dmg -Weverything -Z -o gfx/pokemon/snubbull/back.2bpp gfx/pokemon/snubbull/back.png
tools/pokemon_animation_graphics -o gfx/pokemon/granbull/front.animated.2bpp gfx/pokemon/granbull/front.2bpp gfx/pokemon/granbull/front.dimensions
rgbgfx -c dmg -Weverything -Z -o gfx/pokemon/granbull/back.2bpp gfx/pokemon/granbull/back.png
tools/pokemon_animation_graphics -o gfx/pokemon/scizor/front.animated.2bpp gfx/pokemon/scizor/front.2bpp gfx/pokemon/scizor/front.dimensions
rgbgfx -c dmg -Weverything -Z -o gfx/pokemon/scizor/back.2bpp gfx/pokemon/scizor/back.png
tools/pokemon_animation_graphics -o gfx/pokemon/shuckle/front.animated.2bpp gfx/pokemon/shuckle/front.2bpp gfx/pokemon/shuckle/front.dimensions
rgbgfx -c dmg -Weverything -Z -o gfx/pokemon/shuckle/back.2bpp gfx/pokemon/shuckle/back.png
tools/pokemon_animation_graphics -o gfx/pokemon/heracross/front.animated.2bpp gfx/pokemon/heracross/front.2bpp gfx/pokemon/heracross/front.dimensions
rgbgfx -c dmg -Weverything -Z -o gfx/pokemon/heracross/back.2bpp gfx/pokemon/heracross/back.png
tools/pokemon_animation_graphics -o gfx/pokemon/teddiursa/front.animated.2bpp gfx/pokemon/teddiursa/front.2bpp gfx/pokemon/teddiursa/front.dimensions
rgbgfx -c dmg -Weverything -Z -o gfx/pokemon/teddiursa/back.2bpp gfx/pokemon/teddiursa/back.png
tools/pokemon_animation_graphics -o gfx/pokemon/ursaring/front.animated.2bpp gfx/pokemon/ursaring/front.2bpp gfx/pokemon/ursaring/front.dimensions
rgbgfx -c dmg -Weverything -Z -o gfx/pokemon/ursaring/back.2bpp gfx/pokemon/ursaring/back.png
tools/pokemon_animation_graphics -o gfx/pokemon/slugma/front.animated.2bpp gfx/pokemon/slugma/front.2bpp gfx/pokemon/slugma/front.dimensions
rgbgfx -c dmg -Weverything -Z -o gfx/pokemon/slugma/back.2bpp gfx/pokemon/slugma/back.png
tools/pokemon_animation_graphics -o gfx/pokemon/magcargo/front.animated.2bpp gfx/pokemon/magcargo/front.2bpp gfx/pokemon/magcargo/front.dimensions
rgbgfx -c dmg -Weverything -Z -o gfx/pokemon/magcargo/back.2bpp gfx/pokemon/magcargo/back.png
tools/pokemon_animation_graphics -o gfx/pokemon/swinub/front.animated.2bpp gfx/pokemon/swinub/front.2bpp gfx/pokemon/swinub/front.dimensions
rgbgfx -c dmg -Weverything -Z -o gfx/pokemon/swinub/back.2bpp gfx/pokemon/swinub/back.png
tools/pokemon_animation_graphics -o gfx/pokemon/piloswine/front.animated.2bpp gfx/pokemon/piloswine/front.2bpp gfx/pokemon/piloswine/front.dimensions
rgbgfx -c dmg -Weverything -Z -o gfx/pokemon/piloswine/back.2bpp gfx/pokemon/piloswine/back.png
tools/pokemon_animation_graphics -o gfx/pokemon/mamoswine/front.animated.2bpp gfx/pokemon/mamoswine/front.2bpp gfx/pokemon/mamoswine/front.dimensions
rgbgfx -c dmg -Weverything -Z -o gfx/pokemon/mamoswine/back.2bpp gfx/pokemon/mamoswine/back.png
tools/pokemon_animation_graphics -o gfx/pokemon/remoraid/front.animated.2bpp gfx/pokemon/remoraid/front.2bpp gfx/pokemon/remoraid/front.dimensions
rgbgfx -c dmg -Weverything -Z -o gfx/pokemon/remoraid/back.2bpp gfx/pokemon/remoraid/back.png
tools/pokemon_animation_graphics -o gfx/pokemon/octillery/front.animated.2bpp gfx/pokemon/octillery/front.2bpp gfx/pokemon/octillery/front.dimensions
rgbgfx -c dmg -Weverything -Z -o gfx/pokemon/octillery/back.2bpp gfx/pokemon/octillery/back.png
tools/pokemon_animation_graphics -o gfx/pokemon/delibird/front.animated.2bpp gfx/pokemon/delibird/front.2bpp gfx/pokemon/delibird/front.dimensions
rgbgfx -c dmg -Weverything -Z -o gfx/pokemon/delibird/back.2bpp gfx/pokemon/delibird/back.png
tools/pokemon_animation_graphics -o gfx/pokemon/mantine/front.animated.2bpp gfx/pokemon/mantine/front.2bpp gfx/pokemon/mantine/front.dimensions
rgbgfx -c dmg -Weverything -Z -o gfx/pokemon/mantine/back.2bpp gfx/pokemon/mantine/back.png
tools/pokemon_animation_graphics -o gfx/pokemon/skarmory/front.animated.2bpp gfx/pokemon/skarmory/front.2bpp gfx/pokemon/skarmory/front.dimensions
rgbgfx -c dmg -Weverything -Z -o gfx/pokemon/skarmory/back.2bpp gfx/pokemon/skarmory/back.png
tools/pokemon_animation_graphics -o gfx/pokemon/houndour/front.animated.2bpp gfx/pokemon/houndour/front.2bpp gfx/pokemon/houndour/front.dimensions
rgbgfx -c dmg -Weverything -Z -o gfx/pokemon/houndour/back.2bpp gfx/pokemon/houndour/back.png
tools/pokemon_animation_graphics -o gfx/pokemon/houndoom/front.animated.2bpp gfx/pokemon/houndoom/front.2bpp gfx/pokemon/houndoom/front.dimensions
rgbgfx -c dmg -Weverything -Z -o gfx/pokemon/houndoom/back.2bpp gfx/pokemon/houndoom/back.png
tools/pokemon_animation_graphics -o gfx/pokemon/kingdra/front.animated.2bpp gfx/pokemon/kingdra/front.2bpp gfx/pokemon/kingdra/front.dimensions
rgbgfx -c dmg -Weverything -Z -o gfx/pokemon/kingdra/back.2bpp gfx/pokemon/kingdra/back.png
tools/pokemon_animation_graphics -o gfx/pokemon/phanpy/front.animated.2bpp gfx/pokemon/phanpy/front.2bpp gfx/pokemon/phanpy/front.dimensions
rgbgfx -c dmg -Weverything -Z -o gfx/pokemon/phanpy/back.2bpp gfx/pokemon/phanpy/back.png
tools/pokemon_animation_graphics -o gfx/pokemon/donphan/front.animated.2bpp gfx/pokemon/donphan/front.2bpp gfx/pokemon/donphan/front.dimensions
rgbgfx -c dmg -Weverything -Z -o gfx/pokemon/donphan/back.2bpp gfx/pokemon/donphan/back.png
tools/pokemon_animation_graphics -o gfx/pokemon/porygon2/front.animated.2bpp gfx/pokemon/porygon2/front.2bpp gfx/pokemon/porygon2/front.dimensions
rgbgfx -c dmg -Weverything -Z -o gfx/pokemon/porygon2/back.2bpp gfx/pokemon/porygon2/back.png
tools/pokemon_animation_graphics -o gfx/pokemon/porygon_z/front.animated.2bpp gfx/pokemon/porygon_z/front.2bpp gfx/pokemon/porygon_z/front.dimensions
rgbgfx -c dmg -Weverything -Z -o gfx/pokemon/porygon_z/back.2bpp gfx/pokemon/porygon_z/back.png
tools/pokemon_animation_graphics -o gfx/pokemon/smeargle/front.animated.2bpp gfx/pokemon/smeargle/front.2bpp gfx/pokemon/smeargle/front.dimensions
rgbgfx -c dmg -Weverything -Z -o gfx/pokemon/smeargle/back.2bpp gfx/pokemon/smeargle/back.png
tools/pokemon_animation_graphics -o gfx/pokemon/tyrogue/front.animated.2bpp gfx/pokemon/tyrogue/front.2bpp gfx/pokemon/tyrogue/front.dimensions
rgbgfx -c dmg -Weverything -Z -o gfx/pokemon/tyrogue/back.2bpp gfx/pokemon/tyrogue/back.png
tools/pokemon_animation_graphics -o gfx/pokemon/hitmontop/front.animated.2bpp gfx/pokemon/hitmontop/front.2bpp gfx/pokemon/hitmontop/front.dimensions
rgbgfx -c dmg -Weverything -Z -o gfx/pokemon/hitmontop/back.2bpp gfx/pokemon/hitmontop/back.png
tools/pokemon_animation_graphics -o gfx/pokemon/elekid/front.animated.2bpp gfx/pokemon/elekid/front.2bpp gfx/pokemon/elekid/front.dimensions
rgbgfx -c dmg -Weverything -Z -o gfx/pokemon/elekid/back.2bpp gfx/pokemon/elekid/back.png
tools/pokemon_animation_graphics -o gfx/pokemon/electivire/front.animated.2bpp gfx/pokemon/electivire/front.2bpp gfx/pokemon/electivire/front.dimensions
rgbgfx -c dmg -Weverything -Z -o gfx/pokemon/electivire/back.2bpp gfx/pokemon/electivire/back.png
tools/pokemon_animation_graphics -o gfx/pokemon/magby/front.animated.2bpp gfx/pokemon/magby/front.2bpp gfx/pokemon/magby/front.dimensions
rgbgfx -c dmg -Weverything -Z -o gfx/pokemon/magby/back.2bpp gfx/pokemon/magby/back.png
tools/pokemon_animation_graphics -o gfx/pokemon/magmortar/front.animated.2bpp gfx/pokemon/magmortar/front.2bpp gfx/pokemon/magmortar/front.dimensions
rgbgfx -c dmg -Weverything -Z -o gfx/pokemon/magmortar/back.2bpp gfx/pokemon/magmortar/back.png
tools/pokemon_animation_graphics -o gfx/pokemon/miltank/front.animated.2bpp gfx/pokemon/miltank/front.2bpp gfx/pokemon/miltank/front.dimensions
rgbgfx -c dmg -Weverything -Z -o gfx/pokemon/miltank/back.2bpp gfx/pokemon/miltank/back.png
tools/pokemon_animation_graphics -o gfx/pokemon/blissey/front.animated.2bpp gfx/pokemon/blissey/front.2bpp gfx/pokemon/blissey/front.dimensions
rgbgfx -c dmg -Weverything -Z -o gfx/pokemon/blissey/back.2bpp gfx/pokemon/blissey/back.png
tools/pokemon_animation_graphics -o gfx/pokemon/raikou/front.animated.2bpp gfx/pokemon/raikou/front.2bpp gfx/pokemon/raikou/front.dimensions
rgbgfx -c dmg -Weverything -Z -o gfx/pokemon/raikou/back.2bpp gfx/pokemon/raikou/back.png
tools/pokemon_animation_graphics -o gfx/pokemon/entei/front.animated.2bpp gfx/pokemon/entei/front.2bpp gfx/pokemon/entei/front.dimensions
rgbgfx -c dmg -Weverything -Z -o gfx/pokemon/entei/back.2bpp gfx/pokemon/entei/back.png
tools/pokemon_animation_graphics -o gfx/pokemon/suicune/front.animated.2bpp gfx/pokemon/suicune/front.2bpp gfx/pokemon/suicune/front.dimensions
rgbgfx -c dmg -Weverything -Z -o gfx/pokemon/suicune/back.2bpp gfx/pokemon/suicune/back.png
tools/pokemon_animation_graphics -o gfx/pokemon/larvitar/front.animated.2bpp gfx/pokemon/larvitar/front.2bpp gfx/pokemon/larvitar/front.dimensions
rgbgfx -c dmg -Weverything -Z -o gfx/pokemon/larvitar/back.2bpp gfx/pokemon/larvitar/back.png
tools/pokemon_animation_graphics -o gfx/pokemon/pupitar/front.animated.2bpp gfx/pokemon/pupitar/front.2bpp gfx/pokemon/pupitar/front.dimensions
rgbgfx -c dmg -Weverything -Z -o gfx/pokemon/pupitar/back.2bpp gfx/pokemon/pupitar/back.png
tools/pokemon_animation_graphics -o gfx/pokemon/tyranitar/front.animated.2bpp gfx/pokemon/tyranitar/front.2bpp gfx/pokemon/tyranitar/front.dimensions
rgbgfx -c dmg -Weverything -Z -o gfx/pokemon/tyranitar/back.2bpp gfx/pokemon/tyranitar/back.png
tools/pokemon_animation_graphics -o gfx/pokemon/lugia/front.animated.2bpp gfx/pokemon/lugia/front.2bpp gfx/pokemon/lugia/front.dimensions
rgbgfx -c dmg -Weverything -Z -o gfx/pokemon/lugia/back.2bpp gfx/pokemon/lugia/back.png
tools/pokemon_animation_graphics -o gfx/pokemon/ho_oh/front.animated.2bpp gfx/pokemon/ho_oh/front.2bpp gfx/pokemon/ho_oh/front.dimensions
rgbgfx -c dmg -Weverything -Z -o gfx/pokemon/ho_oh/back.2bpp gfx/pokemon/ho_oh/back.png
tools/pokemon_animation_graphics -o gfx/pokemon/spearow/front.animated.2bpp gfx/pokemon/spearow/front.2bpp gfx/pokemon/spearow/front.dimensions
rgbgfx -c dmg -Weverything -Z -o gfx/pokemon/spearow/back.2bpp gfx/pokemon/spearow/back.png
tools/pokemon_animation_graphics -o gfx/pokemon/fearow/front.animated.2bpp gfx/pokemon/fearow/front.2bpp gfx/pokemon/fearow/front.dimensions
rgbgfx -c dmg -Weverything -Z -o gfx/pokemon/fearow/back.2bpp gfx/pokemon/fearow/back.png
tools/pokemon_animation_graphics -o gfx/pokemon/goldeen/front.animated.2bpp gfx/pokemon/goldeen/front.2bpp gfx/pokemon/goldeen/front.dimensions
rgbgfx -c dmg -Weverything -Z -o gfx/pokemon/goldeen/back.2bpp gfx/pokemon/goldeen/back.png
tools/pokemon_animation_graphics -o gfx/pokemon/seaking/front.animated.2bpp gfx/pokemon/seaking/front.2bpp gfx/pokemon/seaking/front.dimensions
rgbgfx -c dmg -Weverything -Z -o gfx/pokemon/seaking/back.2bpp gfx/pokemon/seaking/back.png
tools/pokemon_animation_graphics -o gfx/pokemon/igglybuff/front.animated.2bpp gfx/pokemon/igglybuff/front.2bpp gfx/pokemon/igglybuff/front.dimensions
rgbgfx -c dmg -Weverything -Z -o gfx/pokemon/igglybuff/back.2bpp gfx/pokemon/igglybuff/back.png
tools/pokemon_animation_graphics -o gfx/pokemon/hoppip/front.animated.2bpp gfx/pokemon/hoppip/front.2bpp gfx/pokemon/hoppip/front.dimensions
rgbgfx -c dmg -Weverything -Z -o gfx/pokemon/hoppip/back.2bpp gfx/pokemon/hoppip/back.png
tools/pokemon_animation_graphics -o gfx/pokemon/skiploom/front.animated.2bpp gfx/pokemon/skiploom/front.2bpp gfx/pokemon/skiploom/front.dimensions
rgbgfx -c dmg -Weverything -Z -o gfx/pokemon/skiploom/back.2bpp gfx/pokemon/skiploom/back.png
tools/pokemon_animation_graphics -o gfx/pokemon/jumpluff/front.animated.2bpp gfx/pokemon/jumpluff/front.2bpp gfx/pokemon/jumpluff/front.dimensions
rgbgfx -c dmg -Weverything -Z -o gfx/pokemon/jumpluff/back.2bpp gfx/pokemon/jumpluff/back.png
tools/pokemon_animation_graphics -o gfx/pokemon/aipom/front.animated.2bpp gfx/pokemon/aipom/front.2bpp gfx/pokemon/aipom/front.dimensions
rgbgfx -c dmg -Weverything -Z -o gfx/pokemon/aipom/back.2bpp gfx/pokemon/aipom/back.png
tools/pokemon_animation_graphics -o gfx/pokemon/stantler/front.animated.2bpp gfx/pokemon/stantler/front.2bpp gfx/pokemon/stantler/front.dimensions
rgbgfx -c dmg -Weverything -Z -o gfx/pokemon/stantler/back.2bpp gfx/pokemon/stantler/back.png
tools/pokemon_animation_graphics -o gfx/pokemon/smoochum/front.animated.2bpp gfx/pokemon/smoochum/front.2bpp gfx/pokemon/smoochum/front.dimensions
rgbgfx -c dmg -Weverything -Z -o gfx/pokemon/smoochum/back.2bpp gfx/pokemon/smoochum/back.png
tools/pokemon_animation_graphics -o gfx/pokemon/celebi/front.animated.2bpp gfx/pokemon/celebi/front.2bpp gfx/pokemon/celebi/front.dimensions
rgbgfx -c dmg -Weverything -Z -o gfx/pokemon/celebi/back.2bpp gfx/pokemon/celebi/back.png
tools/pokemon_animation_graphics -o gfx/pokemon/azurill/front.animated.2bpp gfx/pokemon/azurill/front.2bpp gfx/pokemon/azurill/front.dimensions
rgbgfx -c dmg -Weverything -Z -o gfx/pokemon/azurill/back.2bpp gfx/pokemon/azurill/back.png
tools/pokemon_animation_graphics -o gfx/pokemon/wynaut/front.animated.2bpp gfx/pokemon/wynaut/front.2bpp gfx/pokemon/wynaut/front.dimensions
rgbgfx -c dmg -Weverything -Z -o gfx/pokemon/wynaut/back.2bpp gfx/pokemon/wynaut/back.png
tools/pokemon_animation_graphics -o gfx/pokemon/ambipom/front.animated.2bpp gfx/pokemon/ambipom/front.2bpp gfx/pokemon/ambipom/front.dimensions
rgbgfx -c dmg -Weverything -Z -o gfx/pokemon/ambipom/back.2bpp gfx/pokemon/ambipom/back.png
tools/pokemon_animation_graphics -o gfx/pokemon/bonsly/front.animated.2bpp gfx/pokemon/bonsly/front.2bpp gfx/pokemon/bonsly/front.dimensions
rgbgfx -c dmg -Weverything -Z -o gfx/pokemon/bonsly/back.2bpp gfx/pokemon/bonsly/back.png
tools/pokemon_animation_graphics -o gfx/pokemon/happiny/front.animated.2bpp gfx/pokemon/happiny/front.2bpp gfx/pokemon/happiny/front.dimensions
rgbgfx -c dmg -Weverything -Z -o gfx/pokemon/happiny/back.2bpp gfx/pokemon/happiny/back.png
tools/pokemon_animation_graphics -o gfx/pokemon/mantyke/front.animated.2bpp gfx/pokemon/mantyke/front.2bpp gfx/pokemon/mantyke/front.dimensions
rgbgfx -c dmg -Weverything -Z -o gfx/pokemon/mantyke/back.2bpp gfx/pokemon/mantyke/back.png
tools/pokemon_animation_graphics -o gfx/pokemon/lickilicky/front.animated.2bpp gfx/pokemon/lickilicky/front.2bpp gfx/pokemon/lickilicky/front.dimensions
rgbgfx -c dmg -Weverything -Z -o gfx/pokemon/lickilicky/back.2bpp gfx/pokemon/lickilicky/back.png
tools/pokemon_animation_graphics -o gfx/pokemon/leafeon/front.animated.2bpp gfx/pokemon/leafeon/front.2bpp gfx/pokemon/leafeon/front.dimensions
rgbgfx -c dmg -Weverything -Z -o gfx/pokemon/leafeon/back.2bpp gfx/pokemon/leafeon/back.png
tools/pokemon_animation_graphics -o gfx/pokemon/glaceon/front.animated.2bpp gfx/pokemon/glaceon/front.2bpp gfx/pokemon/glaceon/front.dimensions
rgbgfx -c dmg -Weverything -Z -o gfx/pokemon/glaceon/back.2bpp gfx/pokemon/glaceon/back.png
tools/pokemon_animation_graphics -o gfx/pokemon/sylveon/front.animated.2bpp gfx/pokemon/sylveon/front.2bpp gfx/pokemon/sylveon/front.dimensions
rgbgfx -c dmg -Weverything -Z -o gfx/pokemon/sylveon/back.2bpp gfx/pokemon/sylveon/back.png
tools/pokemon_animation_graphics -o gfx/pokemon/wyrdeer/front.animated.2bpp gfx/pokemon/wyrdeer/front.2bpp gfx/pokemon/wyrdeer/front.dimensions
rgbgfx -c dmg -Weverything -Z -o gfx/pokemon/wyrdeer/back.2bpp gfx/pokemon/wyrdeer/back.png
tools/pokemon_animation_graphics -o gfx/pokemon/kleavor/front.animated.2bpp gfx/pokemon/kleavor/front.2bpp gfx/pokemon/kleavor/front.dimensions
rgbgfx -c dmg -Weverything -Z -o gfx/pokemon/kleavor/back.2bpp gfx/pokemon/kleavor/back.png
tools/pokemon_animation_graphics -o gfx/pokemon/ursaluna_plain/front.animated.2bpp gfx/pokemon/ursaluna_plain/front.2bpp gfx/pokemon/ursaluna_plain/front.dimensions
rgbgfx -c dmg -Weverything -Z -o gfx/pokemon/ursaluna_plain/back.2bpp gfx/pokemon/ursaluna_plain/back.png
tools/pokemon_animation_graphics -o gfx/pokemon/ursaluna_bloodmoon/front.animated.2bpp gfx/pokemon/ursaluna_bloodmoon/front.2bpp gfx/pokemon/ursaluna_bloodmoon/front.dimensions
rgbgfx -c dmg -Weverything -Z -o gfx/pokemon/ursaluna_bloodmoon/back.2bpp gfx/pokemon/ursaluna_bloodmoon/back.png
tools/pokemon_animation_graphics -o gfx/pokemon/egg/front.animated.2bpp gfx/pokemon/egg/front.2bpp gfx/pokemon/egg/front.dimensions
tools/pokemon_animation_graphics -o gfx/pokemon/unown_a/front.animated.2bpp gfx/pokemon/unown_a/front.2bpp gfx/pokemon/unown_a/front.dimensions
rgbgfx -c dmg -Weverything -Z -o gfx/pokemon/unown_a/back.2bpp gfx/pokemon/unown_a/back.png
tools/pokemon_animation_graphics -o gfx/pokemon/unown_b/front.animated.2bpp gfx/pokemon/unown_b/front.2bpp gfx/pokemon/unown_b/front.dimensions
rgbgfx -c dmg -Weverything -Z -o gfx/pokemon/unown_b/back.2bpp gfx/pokemon/unown_b/back.png
tools/pokemon_animation_graphics -o gfx/pokemon/unown_c/front.animated.2bpp gfx/pokemon/unown_c/front.2bpp gfx/pokemon/unown_c/front.dimensions
rgbgfx -c dmg -Weverything -Z -o gfx/pokemon/unown_c/back.2bpp gfx/pokemon/unown_c/back.png
tools/pokemon_animation_graphics -o gfx/pokemon/unown_d/front.animated.2bpp gfx/pokemon/unown_d/front.2bpp gfx/pokemon/unown_d/front.dimensions
rgbgfx -c dmg -Weverything -Z -o gfx/pokemon/unown_d/back.2bpp gfx/pokemon/unown_d/back.png
tools/pokemon_animation_graphics -o gfx/pokemon/unown_e/front.animated.2bpp gfx/pokemon/unown_e/front.2bpp gfx/pokemon/unown_e/front.dimensions
rgbgfx -c dmg -Weverything -Z -o gfx/pokemon/unown_e/back.2bpp gfx/pokemon/unown_e/back.png
tools/pokemon_animation_graphics -o gfx/pokemon/unown_f/front.animated.2bpp gfx/pokemon/unown_f/front.2bpp gfx/pokemon/unown_f/front.dimensions
rgbgfx -c dmg -Weverything -Z -o gfx/pokemon/unown_f/back.2bpp gfx/pokemon/unown_f/back.png
tools/pokemon_animation_graphics -o gfx/pokemon/unown_g/front.animated.2bpp gfx/pokemon/unown_g/front.2bpp gfx/pokemon/unown_g/front.dimensions
rgbgfx -c dmg -Weverything -Z -o gfx/pokemon/unown_g/back.2bpp gfx/pokemon/unown_g/back.png
tools/pokemon_animation_graphics -o gfx/pokemon/unown_h/front.animated.2bpp gfx/pokemon/unown_h/front.2bpp gfx/pokemon/unown_h/front.dimensions
rgbgfx -c dmg -Weverything -Z -o gfx/pokemon/unown_h/back.2bpp gfx/pokemon/unown_h/back.png
tools/pokemon_animation_graphics -o gfx/pokemon/unown_i/front.animated.2bpp gfx/pokemon/unown_i/front.2bpp gfx/pokemon/unown_i/front.dimensions
rgbgfx -c dmg -Weverything -Z -o gfx/pokemon/unown_i/back.2bpp gfx/pokemon/unown_i/back.png
tools/pokemon_animation_graphics -o gfx/pokemon/unown_j/front.animated.2bpp gfx/pokemon/unown_j/front.2bpp gfx/pokemon/unown_j/front.dimensions
rgbgfx -c dmg -Weverything -Z -o gfx/pokemon/unown_j/back.2bpp gfx/pokemon/unown_j/back.png
tools/pokemon_animation_graphics -o gfx/pokemon/unown_k/front.animated.2bpp gfx/pokemon/unown_k/front.2bpp gfx/pokemon/unown_k/front.dimensions
rgbgfx -c dmg -Weverything -Z -o gfx/pokemon/unown_k/back.2bpp gfx/pokemon/unown_k/back.png
tools/pokemon_animation_graphics -o gfx/pokemon/unown_l/front.animated.2bpp gfx/pokemon/unown_l/front.2bpp gfx/pokemon/unown_l/front.dimensions
rgbgfx -c dmg -Weverything -Z -o gfx/pokemon/unown_l/back.2bpp gfx/pokemon/unown_l/back.png
tools/pokemon_animation_graphics -o gfx/pokemon/unown_m/front.animated.2bpp gfx/pokemon/unown_m/front.2bpp gfx/pokemon/unown_m/front.dimensions
rgbgfx -c dmg -Weverything -Z -o gfx/pokemon/unown_m/back.2bpp gfx/pokemon/unown_m/back.png
tools/pokemon_animation_graphics -o gfx/pokemon/unown_n/front.animated.2bpp gfx/pokemon/unown_n/front.2bpp gfx/pokemon/unown_n/front.dimensions
rgbgfx -c dmg -Weverything -Z -o gfx/pokemon/unown_n/back.2bpp gfx/pokemon/unown_n/back.png
tools/pokemon_animation_graphics -o gfx/pokemon/unown_o/front.animated.2bpp gfx/pokemon/unown_o/front.2bpp gfx/pokemon/unown_o/front.dimensions
rgbgfx -c dmg -Weverything -Z -o gfx/pokemon/unown_o/back.2bpp gfx/pokemon/unown_o/back.png
tools/pokemon_animation_graphics -o gfx/pokemon/unown_p/front.animated.2bpp gfx/pokemon/unown_p/front.2bpp gfx/pokemon/unown_p/front.dimensions
rgbgfx -c dmg -Weverything -Z -o gfx/pokemon/unown_p/back.2bpp gfx/pokemon/unown_p/back.png
tools/pokemon_animation_graphics -o gfx/pokemon/unown_q/front.animated.2bpp gfx/pokemon/unown_q/front.2bpp gfx/pokemon/unown_q/front.dimensions
rgbgfx -c dmg -Weverything -Z -o gfx/pokemon/unown_q/back.2bpp gfx/pokemon/unown_q/back.png
tools/pokemon_animation_graphics -o gfx/pokemon/unown_r/front.animated.2bpp gfx/pokemon/unown_r/front.2bpp gfx/pokemon/unown_r/front.dimensions
rgbgfx -c dmg -Weverything -Z -o gfx/pokemon/unown_r/back.2bpp gfx/pokemon/unown_r/back.png
tools/pokemon_animation_graphics -o gfx/pokemon/unown_s/front.animated.2bpp gfx/pokemon/unown_s/front.2bpp gfx/pokemon/unown_s/front.dimensions
rgbgfx -c dmg -Weverything -Z -o gfx/pokemon/unown_s/back.2bpp gfx/pokemon/unown_s/back.png
tools/pokemon_animation_graphics -o gfx/pokemon/unown_t/front.animated.2bpp gfx/pokemon/unown_t/front.2bpp gfx/pokemon/unown_t/front.dimensions
rgbgfx -c dmg -Weverything -Z -o gfx/pokemon/unown_t/back.2bpp gfx/pokemon/unown_t/back.png
tools/pokemon_animation_graphics -o gfx/pokemon/unown_u/front.animated.2bpp gfx/pokemon/unown_u/front.2bpp gfx/pokemon/unown_u/front.dimensions
rgbgfx -c dmg -Weverything -Z -o gfx/pokemon/unown_u/back.2bpp gfx/pokemon/unown_u/back.png
tools/pokemon_animation_graphics -o gfx/pokemon/unown_v/front.animated.2bpp gfx/pokemon/unown_v/front.2bpp gfx/pokemon/unown_v/front.dimensions
rgbgfx -c dmg -Weverything -Z -o gfx/pokemon/unown_v/back.2bpp gfx/pokemon/unown_v/back.png
tools/pokemon_animation_graphics -o gfx/pokemon/unown_w/front.animated.2bpp gfx/pokemon/unown_w/front.2bpp gfx/pokemon/unown_w/front.dimensions
rgbgfx -c dmg -Weverything -Z -o gfx/pokemon/unown_w/back.2bpp gfx/pokemon/unown_w/back.png
tools/pokemon_animation_graphics -o gfx/pokemon/unown_x/front.animated.2bpp gfx/pokemon/unown_x/front.2bpp gfx/pokemon/unown_x/front.dimensions
rgbgfx -c dmg -Weverything -Z -o gfx/pokemon/unown_x/back.2bpp gfx/pokemon/unown_x/back.png
tools/pokemon_animation_graphics -o gfx/pokemon/unown_y/front.animated.2bpp gfx/pokemon/unown_y/front.2bpp gfx/pokemon/unown_y/front.dimensions
rgbgfx -c dmg -Weverything -Z -o gfx/pokemon/unown_y/back.2bpp gfx/pokemon/unown_y/back.png
tools/pokemon_animation_graphics -o gfx/pokemon/unown_z/front.animated.2bpp gfx/pokemon/unown_z/front.2bpp gfx/pokemon/unown_z/front.dimensions
rgbgfx -c dmg -Weverything -Z -o gfx/pokemon/unown_z/back.2bpp gfx/pokemon/unown_z/back.png
tools/pokemon_animation_graphics -o gfx/pokemon/unown_exclamation/front.animated.2bpp gfx/pokemon/unown_exclamation/front.2bpp gfx/pokemon/unown_exclamation/front.dimensions
rgbgfx -c dmg -Weverything -Z -o gfx/pokemon/unown_exclamation/back.2bpp gfx/pokemon/unown_exclamation/back.png
tools/pokemon_animation_graphics -o gfx/pokemon/unown_question/front.animated.2bpp gfx/pokemon/unown_question/front.2bpp gfx/pokemon/unown_question/front.dimensions
rgbgfx -c dmg -Weverything -Z -o gfx/pokemon/unown_question/back.2bpp gfx/pokemon/unown_question/back.png
tools/pokemon_animation_graphics -o gfx/pokemon/pikachu_plain/front.animated.2bpp gfx/pokemon/pikachu_plain/front.2bpp gfx/pokemon/pikachu_plain/front.dimensions
tools/pokemon_animation_graphics -o gfx/pokemon/pikachu_surf/front.animated.2bpp gfx/pokemon/pikachu_surf/front.2bpp gfx/pokemon/pikachu_surf/front.dimensions
tools/pokemon_animation_graphics -o gfx/pokemon/pikachu_pika/front.animated.2bpp gfx/pokemon/pikachu_pika/front.2bpp gfx/pokemon/pikachu_pika/front.dimensions
tools/pokemon_animation_graphics -o gfx/pokemon/pikachu_spark/front.animated.2bpp gfx/pokemon/pikachu_spark/front.2bpp gfx/pokemon/pikachu_spark/front.dimensions
rgbgfx -c dmg -Weverything -Z -o gfx/pokemon/pikachu_plain/back.2bpp gfx/pokemon/pikachu_plain/back.png
tools/pokemon_animation_graphics -o gfx/pokemon/pikachu_fly/front.animated.2bpp gfx/pokemon/pikachu_fly/front.2bpp gfx/pokemon/pikachu_fly/front.dimensions
rgbgfx -c dmg -Weverything -Z -o gfx/pokemon/pikachu_fly/back.2bpp gfx/pokemon/pikachu_fly/back.png
tools/pokemon_animation_graphics -o gfx/pokemon/pikachu_chuchu/front.animated.2bpp gfx/pokemon/pikachu_chuchu/front.2bpp gfx/pokemon/pikachu_chuchu/front.dimensions
rgbgfx -c dmg -Weverything -Z -o gfx/pokemon/pikachu_chuchu/back.2bpp gfx/pokemon/pikachu_chuchu/back.png
tools/pokemon_animation_graphics -o gfx/pokemon/pichu_plain/front.animated.2bpp gfx/pokemon/pichu_plain/front.2bpp gfx/pokemon/pichu_plain/front.dimensions
rgbgfx -c dmg -Weverything -Z -o gfx/pokemon/pichu_plain/back.2bpp gfx/pokemon/pichu_plain/back.png
tools/pokemon_animation_graphics -o gfx/pokemon/pichu_spiky/front.animated.2bpp gfx/pokemon/pichu_spiky/front.2bpp gfx/pokemon/pichu_spiky/front.dimensions
rgbgfx -c dmg -Weverything -Z -o gfx/pokemon/pichu_spiky/back.2bpp gfx/pokemon/pichu_spiky/back.png
tools/pokemon_animation_graphics -o gfx/pokemon/arbok_johto/front.animated.2bpp gfx/pokemon/arbok_johto/front.2bpp gfx/pokemon/arbok_johto/front.dimensions
tools/pokemon_animation_graphics -o gfx/pokemon/arbok_kanto/front.animated.2bpp gfx/pokemon/arbok_kanto/front.2bpp gfx/pokemon/arbok_kanto/front.dimensions
tools/pokemon_animation_graphics -o gfx/pokemon/arbok_orange/front.animated.2bpp gfx/pokemon/arbok_orange/front.2bpp gfx/pokemon/arbok_orange/front.dimensions
tools/pokemon_animation_graphics -o gfx/pokemon/arbok_koga/front.animated.2bpp gfx/pokemon/arbok_koga/front.2bpp gfx/pokemon/arbok_koga/front.dimensions
tools/pokemon_animation_graphics -o gfx/pokemon/arbok_agatha/front.animated.2bpp gfx/pokemon/arbok_agatha/front.2bpp gfx/pokemon/arbok_agatha/front.dimensions
tools/pokemon_animation_graphics -o gfx/pokemon/arbok_ariana/front.animated.2bpp gfx/pokemon/arbok_ariana/front.2bpp gfx/pokemon/arbok_ariana/front.dimensions
rgbgfx -c dmg -Weverything -Z -o gfx/pokemon/arbok/back.2bpp gfx/pokemon/arbok/back.png
tools/pokemon_animation_graphics -o gfx/pokemon/magikarp_plain/front.animated.2bpp gfx/pokemon/magikarp_plain/front.2bpp gfx/pokemon/magikarp_plain/front.dimensions
rgbgfx -c dmg -Weverything -Z -o gfx/pokemon/magikarp_plain/back.2bpp gfx/pokemon/magikarp_plain/back.png
tools/pokemon_animation_graphics -o gfx/pokemon/magikarp_skelly/front.animated.2bpp gfx/pokemon/magikarp_skelly/front.2bpp gfx/pokemon/magikarp_skelly/front.dimensions
rgbgfx -c dmg -Weverything -Z -o gfx/pokemon/magikarp_skelly/back.2bpp gfx/pokemon/magikarp_skelly/back.png
tools/pokemon_animation_graphics -o gfx/pokemon/magikarp_calico1/front.animated.2bpp gfx/pokemon/magikarp_calico1/front.2bpp gfx/pokemon/magikarp_calico1/front.dimensions
rgbgfx -c dmg -Weverything -Z -o gfx/pokemon/magikarp_calico1/back.2bpp gfx/pokemon/magikarp_calico1/back.png
tools/pokemon_animation_graphics -o gfx/pokemon/magikarp_calico2/front.animated.2bpp gfx/pokemon/magikarp_calico2/front.2bpp gfx/pokemon/magikarp_calico2/front.dimensions
rgbgfx -c dmg -Weverything -Z -o gfx/pokemon/magikarp_calico2/back.2bpp gfx/pokemon/magikarp_calico2/back.png
tools/pokemon_animation_graphics -o gfx/pokemon/magikarp_calico3/front.animated.2bpp gfx/pokemon/magikarp_calico3/front.2bpp gfx/pokemon/magikarp_calico3/front.dimensions
rgbgfx -c dmg -Weverything -Z -o gfx/pokemon/magikarp_calico3/back.2bpp gfx/pokemon/magikarp_calico3/back.png
tools/pokemon_animation_graphics -o gfx/pokemon/magikarp_twotone/front.animated.2bpp gfx/pokemon/magikarp_twotone/front.2bpp gfx/pokemon/magikarp_twotone/front.dimensions
rgbgfx -c dmg -Weverything -Z -o gfx/pokemon/magikarp_twotone/back.2bpp gfx/pokemon/magikarp_twotone/back.png
tools/pokemon_animation_graphics -o gfx/pokemon/magikarp_orca/front.animated.2bpp gfx/pokemon/magikarp_orca/front.2bpp gfx/pokemon/magikarp_orca/front.dimensions
rgbgfx -c dmg -Weverything -Z -o gfx/pokemon/magikarp_orca/back.2bpp gfx/pokemon/magikarp_orca/back.png
tools/pokemon_animation_graphics -o gfx/pokemon/magikarp_dapples/front.animated.2bpp gfx/pokemon/magikarp_dapples/front.2bpp gfx/pokemon/magikarp_dapples/front.dimensions
rgbgfx -c dmg -Weverything -Z -o gfx/pokemon/magikarp_dapples/back.2bpp gfx/pokemon/magikarp_dapples/back.png
tools/pokemon_animation_graphics -o gfx/pokemon/magikarp_tiger/front.animated.2bpp gfx/pokemon/magikarp_tiger/front.2bpp gfx/pokemon/magikarp_tiger/front.dimensions
rgbgfx -c dmg -Weverything -Z -o gfx/pokemon/magikarp_tiger/back.2bpp gfx/pokemon/magikarp_tiger/back.png
tools/pokemon_animation_graphics -o gfx/pokemon/magikarp_zebra/front.animated.2bpp gfx/pokemon/magikarp_zebra/front.2bpp gfx/pokemon/magikarp_zebra/front.dimensions
rgbgfx -c dmg -Weverything -Z -o gfx/pokemon/magikarp_zebra/back.2bpp gfx/pokemon/magikarp_zebra/back.png
tools/pokemon_animation_graphics -o gfx/pokemon/magikarp_stripe/front.animated.2bpp gfx/pokemon/magikarp_stripe/front.2bpp gfx/pokemon/magikarp_stripe/front.dimensions
rgbgfx -c dmg -Weverything -Z -o gfx/pokemon/magikarp_stripe/back.2bpp gfx/pokemon/magikarp_stripe/back.png
tools/pokemon_animation_graphics -o gfx/pokemon/magikarp_bubbles/front.animated.2bpp gfx/pokemon/magikarp_bubbles/front.2bpp gfx/pokemon/magikarp_bubbles/front.dimensions
rgbgfx -c dmg -Weverything -Z -o gfx/pokemon/magikarp_bubbles/back.2bpp gfx/pokemon/magikarp_bubbles/back.png
tools/pokemon_animation_graphics -o gfx/pokemon/magikarp_diamonds/front.animated.2bpp gfx/pokemon/magikarp_diamonds/front.2bpp gfx/pokemon/magikarp_diamonds/front.dimensions
rgbgfx -c dmg -Weverything -Z -o gfx/pokemon/magikarp_diamonds/back.2bpp gfx/pokemon/magikarp_diamonds/back.png
tools/pokemon_animation_graphics -o gfx/pokemon/magikarp_patches/front.animated.2bpp gfx/pokemon/magikarp_patches/front.2bpp gfx/pokemon/magikarp_patches/front.dimensions
rgbgfx -c dmg -Weverything -Z -o gfx/pokemon/magikarp_patches/back.2bpp gfx/pokemon/magikarp_patches/back.png
tools/pokemon_animation_graphics -o gfx/pokemon/magikarp_forehead1/front.animated.2bpp gfx/pokemon/magikarp_forehead1/front.2bpp gfx/pokemon/magikarp_forehead1/front.dimensions
rgbgfx -c dmg -Weverything -Z -o gfx/pokemon/magikarp_forehead1/back.2bpp gfx/pokemon/magikarp_forehead1/back.png
tools/pokemon_animation_graphics -o gfx/pokemon/magikarp_mask1/front.animated.2bpp gfx/pokemon/magikarp_mask1/front.2bpp gfx/pokemon/magikarp_mask1/front.dimensions
rgbgfx -c dmg -Weverything -Z -o gfx/pokemon/magikarp_mask1/back.2bpp gfx/pokemon/magikarp_mask1/back.png
tools/pokemon_animation_graphics -o gfx/pokemon/magikarp_forehead2/front.animated.2bpp gfx/pokemon/magikarp_forehead2/front.2bpp gfx/pokemon/magikarp_forehead2/front.dimensions
rgbgfx -c dmg -Weverything -Z -o gfx/pokemon/magikarp_forehead2/back.2bpp gfx/pokemon/magikarp_forehead2/back.png
tools/pokemon_animation_graphics -o gfx/pokemon/magikarp_mask2/front.animated.2bpp gfx/pokemon/magikarp_mask2/front.2bpp gfx/pokemon/magikarp_mask2/front.dimensions
rgbgfx -c dmg -Weverything -Z -o gfx/pokemon/magikarp_mask2/back.2bpp gfx/pokemon/magikarp_mask2/back.png
tools/pokemon_animation_graphics -o gfx/pokemon/magikarp_saucy/front.animated.2bpp gfx/pokemon/magikarp_saucy/front.2bpp gfx/pokemon/magikarp_saucy/front.dimensions
rgbgfx -c dmg -Weverything -Z -o gfx/pokemon/magikarp_saucy/back.2bpp gfx/pokemon/magikarp_saucy/back.png
tools/pokemon_animation_graphics -o gfx/pokemon/magikarp_raindrop/front.animated.2bpp gfx/pokemon/magikarp_raindrop/front.2bpp gfx/pokemon/magikarp_raindrop/front.dimensions
rgbgfx -c dmg -Weverything -Z -o gfx/pokemon/magikarp_raindrop/back.2bpp gfx/pokemon/magikarp_raindrop/back.png
tools/pokemon_animation_graphics -o gfx/pokemon/mewtwo_plain/front.animated.2bpp gfx/pokemon/mewtwo_plain/front.2bpp gfx/pokemon/mewtwo_plain/front.dimensions
rgbgfx -c dmg -Weverything -Z -o gfx/pokemon/mewtwo_plain/back.2bpp gfx/pokemon/mewtwo_plain/back.png
tools/pokemon_animation_graphics -o gfx/pokemon/mewtwo_armored/front.animated.2bpp gfx/pokemon/mewtwo_armored/front.2bpp gfx/pokemon/mewtwo_armored/front.dimensions
rgbgfx -c dmg -Weverything -Z -o gfx/pokemon/mewtwo_armored/back.2bpp gfx/pokemon/mewtwo_armored/back.png
tools/pokemon_animation_graphics -o gfx/pokemon/gyarados_plain/front.animated.2bpp gfx/pokemon/gyarados_plain/front.2bpp gfx/pokemon/gyarados_plain/front.dimensions
tools/pokemon_animation_graphics -o gfx/pokemon/gyarados_red/front.animated.2bpp gfx/pokemon/gyarados_red/front.2bpp gfx/pokemon/gyarados_red/front.dimensions
rgbgfx -c dmg -Weverything -Z -o gfx/pokemon/gyarados/back.2bpp gfx/pokemon/gyarados/back.png
tools/pokemon_animation_graphics -o gfx/pokemon/rattata_plain/front.animated.2bpp gfx/pokemon/rattata_plain/front.2bpp gfx/pokemon/rattata_plain/front.dimensions
rgbgfx -c dmg -Weverything -Z -o gfx/pokemon/rattata_plain/back.2bpp gfx/pokemon/rattata_plain/back.png
tools/pokemon_animation_graphics -o gfx/pokemon/raticate_plain/front.animated.2bpp gfx/pokemon/raticate_plain/front.2bpp gfx/pokemon/raticate_plain/front.dimensions
rgbgfx -c dmg -Weverything -Z -o gfx/pokemon/raticate_plain/back.2bpp gfx/pokemon/raticate_plain/back.png
tools/pokemon_animation_graphics -o gfx/pokemon/rattata_alolan/front.animated.2bpp gfx/pokemon/rattata_alolan/front.2bpp gfx/pokemon/rattata_alolan/front.dimensions
rgbgfx -c dmg -Weverything -Z -o gfx/pokemon/rattata_alolan/back.2bpp gfx/pokemon/rattata_alolan/back.png
tools/pokemon_animation_graphics -o gfx/pokemon/raticate_alolan/front.animated.2bpp gfx/pokemon/raticate_alolan/front.2bpp gfx/pokemon/raticate_alolan/front.dimensions
rgbgfx -c dmg -Weverything -Z -o gfx/pokemon/raticate_alolan/back.2bpp gfx/pokemon/raticate_alolan/back.png
tools/pokemon_animation_graphics -o gfx/pokemon/sandshrew_plain/front.animated.2bpp gfx/pokemon/sandshrew_plain/front.2bpp gfx/pokemon/sandshrew_plain/front.dimensions
rgbgfx -c dmg -Weverything -Z -o gfx/pokemon/sandshrew_plain/back.2bpp gfx/pokemon/sandshrew_plain/back.png
tools/pokemon_animation_graphics -o gfx/pokemon/sandslash_plain/front.animated.2bpp gfx/pokemon/sandslash_plain/front.2bpp gfx/pokemon/sandslash_plain/front.dimensions
rgbgfx -c dmg -Weverything -Z -o gfx/pokemon/sandslash_plain/back.2bpp gfx/pokemon/sandslash_plain/back.png
tools/pokemon_animation_graphics -o gfx/pokemon/sandshrew_alolan/front.animated.2bpp gfx/pokemon/sandshrew_alolan/front.2bpp gfx/pokemon/sandshrew_alolan/front.dimensions
rgbgfx -c dmg -Weverything -Z -o gfx/pokemon/sandshrew_alolan/back.2bpp gfx/pokemon/sandshrew_alolan/back.png
tools/pokemon_animation_graphics -o gfx/pokemon/sandslash_alolan/front.animated.2bpp gfx/pokemon/sandslash_alolan/front.2bpp gfx/pokemon/sandslash_alolan/front.dimensions
rgbgfx -c dmg -Weverything -Z -o gfx/pokemon/sandslash_alolan/back.2bpp gfx/pokemon/sandslash_alolan/back.png
tools/pokemon_animation_graphics -o gfx/pokemon/vulpix_plain/front.animated.2bpp gfx/pokemon/vulpix_plain/front.2bpp gfx/pokemon/vulpix_plain/front.dimensions
rgbgfx -c dmg -Weverything -Z -o gfx/pokemon/vulpix_plain/back.2bpp gfx/pokemon/vulpix_plain/back.png
tools/pokemon_animation_graphics -o gfx/pokemon/ninetales_plain/front.animated.2bpp gfx/pokemon/ninetales_plain/front.2bpp gfx/pokemon/ninetales_plain/front.dimensions
rgbgfx -c dmg -Weverything -Z -o gfx/pokemon/ninetales_plain/back.2bpp gfx/pokemon/ninetales_plain/back.png
tools/pokemon_animation_graphics -o gfx/pokemon/vulpix_alolan/front.animated.2bpp gfx/pokemon/vulpix_alolan/front.2bpp gfx/pokemon/vulpix_alolan/front.dimensions
rgbgfx -c dmg -Weverything -Z -o gfx/pokemon/vulpix_alolan/back.2bpp gfx/pokemon/vulpix_alolan/back.png
tools/pokemon_animation_graphics -o gfx/pokemon/ninetales_alolan/front.animated.2bpp gfx/pokemon/ninetales_alolan/front.2bpp gfx/pokemon/ninetales_alolan/front.dimensions
rgbgfx -c dmg -Weverything -Z -o gfx/pokemon/ninetales_alolan/back.2bpp gfx/pokemon/ninetales_alolan/back.png
tools/pokemon_animation_graphics -o gfx/pokemon/diglett_plain/front.animated.2bpp gfx/pokemon/diglett_plain/front.2bpp gfx/pokemon/diglett_plain/front.dimensions
rgbgfx -c dmg -Weverything -Z -o gfx/pokemon/diglett_plain/back.2bpp gfx/pokemon/diglett_plain/back.png
tools/pokemon_animation_graphics -o gfx/pokemon/dugtrio_plain/front.animated.2bpp gfx/pokemon/dugtrio_plain/front.2bpp gfx/pokemon/dugtrio_plain/front.dimensions
rgbgfx -c dmg -Weverything -Z -o gfx/pokemon/dugtrio_plain/back.2bpp gfx/pokemon/dugtrio_plain/back.png
tools/pokemon_animation_graphics -o gfx/pokemon/diglett_alolan/front.animated.2bpp gfx/pokemon/diglett_alolan/front.2bpp gfx/pokemon/diglett_alolan/front.dimensions
rgbgfx -c dmg -Weverything -Z -o gfx/pokemon/diglett_alolan/back.2bpp gfx/pokemon/diglett_alolan/back.png
tools/pokemon_animation_graphics -o gfx/pokemon/dugtrio_alolan/front.animated.2bpp gfx/pokemon/dugtrio_alolan/front.2bpp gfx/pokemon/dugtrio_alolan/front.dimensions
rgbgfx -c dmg -Weverything -Z -o gfx/pokemon/dugtrio_alolan/back.2bpp gfx/pokemon/dugtrio_alolan/back.png
tools/pokemon_animation_graphics -o gfx/pokemon/meowth_plain/front.animated.2bpp gfx/pokemon/meowth_plain/front.2bpp gfx/pokemon/meowth_plain/front.dimensions
rgbgfx -c dmg -Weverything -Z -o gfx/pokemon/meowth_plain/back.2bpp gfx/pokemon/meowth_plain/back.png
tools/pokemon_animation_graphics -o gfx/pokemon/persian_plain/front.animated.2bpp gfx/pokemon/persian_plain/front.2bpp gfx/pokemon/persian_plain/front.dimensions
rgbgfx -c dmg -Weverything -Z -o gfx/pokemon/persian_plain/back.2bpp gfx/pokemon/persian_plain/back.png
tools/pokemon_animation_graphics -o gfx/pokemon/meowth_alolan/front.animated.2bpp gfx/pokemon/meowth_alolan/front.2bpp gfx/pokemon/meowth_alolan/front.dimensions
rgbgfx -c dmg -Weverything -Z -o gfx/pokemon/meowth_alolan/back.2bpp gfx/pokemon/meowth_alolan/back.png
tools/pokemon_animation_graphics -o gfx/pokemon/persian_alolan/front.animated.2bpp gfx/pokemon/persian_alolan/front.2bpp gfx/pokemon/persian_alolan/front.dimensions
rgbgfx -c dmg -Weverything -Z -o gfx/pokemon/persian_alolan/back.2bpp gfx/pokemon/persian_alolan/back.png
tools/pokemon_animation_graphics -o gfx/pokemon/meowth_galarian/front.animated.2bpp gfx/pokemon/meowth_galarian/front.2bpp gfx/pokemon/meowth_galarian/front.dimensions
rgbgfx -c dmg -Weverything -Z -o gfx/pokemon/meowth_galarian/back.2bpp gfx/pokemon/meowth_galarian/back.png
tools/pokemon_animation_graphics -o gfx/pokemon/perrserker/front.animated.2bpp gfx/pokemon/perrserker/front.2bpp gfx/pokemon/perrserker/front.dimensions
rgbgfx -c dmg -Weverything -Z -o gfx/pokemon/perrserker/back.2bpp gfx/pokemon/perrserker/back.png
tools/pokemon_animation_graphics -o gfx/pokemon/geodude_plain/front.animated.2bpp gfx/pokemon/geodude_plain/front.2bpp gfx/pokemon/geodude_plain/front.dimensions
rgbgfx -c dmg -Weverything -Z -o gfx/pokemon/geodude_plain/back.2bpp gfx/pokemon/geodude_plain/back.png
tools/pokemon_animation_graphics -o gfx/pokemon/graveler_plain/front.animated.2bpp gfx/pokemon/graveler_plain/front.2bpp gfx/pokemon/graveler_plain/front.dimensions
rgbgfx -c dmg -Weverything -Z -o gfx/pokemon/graveler_plain/back.2bpp gfx/pokemon/graveler_plain/back.png
tools/pokemon_animation_graphics -o gfx/pokemon/golem_plain/front.animated.2bpp gfx/pokemon/golem_plain/front.2bpp gfx/pokemon/golem_plain/front.dimensions
rgbgfx -c dmg -Weverything -Z -o gfx/pokemon/golem_plain/back.2bpp gfx/pokemon/golem_plain/back.png
tools/pokemon_animation_graphics -o gfx/pokemon/geodude_alolan/front.animated.2bpp gfx/pokemon/geodude_alolan/front.2bpp gfx/pokemon/geodude_alolan/front.dimensions
rgbgfx -c dmg -Weverything -Z -o gfx/pokemon/geodude_alolan/back.2bpp gfx/pokemon/geodude_alolan/back.png
tools/pokemon_animation_graphics -o gfx/pokemon/graveler_alolan/front.animated.2bpp gfx/pokemon/graveler_alolan/front.2bpp gfx/pokemon/graveler_alolan/front.dimensions
rgbgfx -c dmg -Weverything -Z -o gfx/pokemon/graveler_alolan/back.2bpp gfx/pokemon/graveler_alolan/back.png
tools/pokemon_animation_graphics -o gfx/pokemon/golem_alolan/front.animated.2bpp gfx/pokemon/golem_alolan/front.2bpp gfx/pokemon/golem_alolan/front.dimensions
rgbgfx -c dmg -Weverything -Z -o gfx/pokemon/golem_alolan/back.2bpp gfx/pokemon/golem_alolan/back.png
tools/pokemon_animation_graphics -o gfx/pokemon/grimer_plain/front.animated.2bpp gfx/pokemon/grimer_plain/front.2bpp gfx/pokemon/grimer_plain/front.dimensions
rgbgfx -c dmg -Weverything -Z -o gfx/pokemon/grimer_plain/back.2bpp gfx/pokemon/grimer_plain/back.png
tools/pokemon_animation_graphics -o gfx/pokemon/muk_plain/front.animated.2bpp gfx/pokemon/muk_plain/front.2bpp gfx/pokemon/muk_plain/front.dimensions
rgbgfx -c dmg -Weverything -Z -o gfx/pokemon/muk_plain/back.2bpp gfx/pokemon/muk_plain/back.png
tools/pokemon_animation_graphics -o gfx/pokemon/grimer_alolan/front.animated.2bpp gfx/pokemon/grimer_alolan/front.2bpp gfx/pokemon/grimer_alolan/front.dimensions
rgbgfx -c dmg -Weverything -Z -o gfx/pokemon/grimer_alolan/back.2bpp gfx/pokemon/grimer_alolan/back.png
tools/pokemon_animation_graphics -o gfx/pokemon/muk_alolan/front.animated.2bpp gfx/pokemon/muk_alolan/front.2bpp gfx/pokemon/muk_alolan/front.dimensions
rgbgfx -c dmg -Weverything -Z -o gfx/pokemon/muk_alolan/back.2bpp gfx/pokemon/muk_alolan/back.png
tools/pokemon_animation_graphics -o gfx/pokemon/raichu_plain/front.animated.2bpp gfx/pokemon/raichu_plain/front.2bpp gfx/pokemon/raichu_plain/front.dimensions
rgbgfx -c dmg -Weverything -Z -o gfx/pokemon/raichu_plain/back.2bpp gfx/pokemon/raichu_plain/back.png
tools/pokemon_animation_graphics -o gfx/pokemon/raichu_alolan/front.animated.2bpp gfx/pokemon/raichu_alolan/front.2bpp gfx/pokemon/raichu_alolan/front.dimensions
rgbgfx -c dmg -Weverything -Z -o gfx/pokemon/raichu_alolan/back.2bpp gfx/pokemon/raichu_alolan/back.png
tools/pokemon_animation_graphics -o gfx/pokemon/exeggutor_plain/front.animated.2bpp gfx/pokemon/exeggutor_plain/front.2bpp gfx/pokemon/exeggutor_plain/front.dimensions
rgbgfx -c dmg -Weverything -Z -o gfx/pokemon/exeggutor_plain/back.2bpp gfx/pokemon/exeggutor_plain/back.png
tools/pokemon_animation_graphics -o gfx/pokemon/exeggutor_alolan/front.animated.2bpp gfx/pokemon/exeggutor_alolan/front.2bpp gfx/pokemon/exeggutor_alolan/front.dimensions
rgbgfx -c dmg -Weverything -Z -o gfx/pokemon/exeggutor_alolan/back.2bpp gfx/pokemon/exeggutor_alolan/back.png
tools/pokemon_animation_graphics -o gfx/pokemon/marowak_plain/front.animated.2bpp gfx/pokemon/marowak_plain/front.2bpp gfx/pokemon/marowak_plain/front.dimensions
rgbgfx -c dmg -Weverything -Z -o gfx/pokemon/marowak_plain/back.2bpp gfx/pokemon/marowak_plain/back.png
tools/pokemon_animation_graphics -o gfx/pokemon/marowak_alolan/front.animated.2bpp gfx/pokemon/marowak_alolan/front.2bpp gfx/pokemon/marowak_alolan/front.dimensions
rgbgfx -c dmg -Weverything -Z -o gfx/pokemon/marowak_alolan/back.2bpp gfx/pokemon/marowak_alolan/back.png
tools/pokemon_animation_graphics -o gfx/pokemon/ponyta_plain/front.animated.2bpp gfx/pokemon/ponyta_plain/front.2bpp gfx/pokemon/ponyta_plain/front.dimensions
rgbgfx -c dmg -Weverything -Z -o gfx/pokemon/ponyta_plain/back.2bpp gfx/pokemon/ponyta_plain/back.png
tools/pokemon_animation_graphics -o gfx/pokemon/rapidash_plain/front.animated.2bpp gfx/pokemon/rapidash_plain/front.2bpp gfx/pokemon/rapidash_plain/front.dimensions
rgbgfx -c dmg -Weverything -Z -o gfx/pokemon/rapidash_plain/back.2bpp gfx/pokemon/rapidash_plain/back.png
tools/pokemon_animation_graphics -o gfx/pokemon/ponyta_galarian/front.animated.2bpp gfx/pokemon/ponyta_galarian/front.2bpp gfx/pokemon/ponyta_galarian/front.dimensions
rgbgfx -c dmg -Weverything -Z -o gfx/pokemon/ponyta_galarian/back.2bpp gfx/pokemon/ponyta_galarian/back.png
tools/pokemon_animation_graphics -o gfx/pokemon/rapidash_galarian/front.animated.2bpp gfx/pokemon/rapidash_galarian/front.2bpp gfx/pokemon/rapidash_galarian/front.dimensions
rgbgfx -c dmg -Weverything -Z -o gfx/pokemon/rapidash_galarian/back.2bpp gfx/pokemon/rapidash_galarian/back.png
tools/pokemon_animation_graphics -o gfx/pokemon/slowpoke_plain/front.animated.2bpp gfx/pokemon/slowpoke_plain/front.2bpp gfx/pokemon/slowpoke_plain/front.dimensions
rgbgfx -c dmg -Weverything -Z -o gfx/pokemon/slowpoke_plain/back.2bpp gfx/pokemon/slowpoke_plain/back.png
tools/pokemon_animation_graphics -o gfx/pokemon/slowbro_plain/front.animated.2bpp gfx/pokemon/slowbro_plain/front.2bpp gfx/pokemon/slowbro_plain/front.dimensions
rgbgfx -c dmg -Weverything -Z -o gfx/pokemon/slowbro_plain/back.2bpp gfx/pokemon/slowbro_plain/back.png
tools/pokemon_animation_graphics -o gfx/pokemon/slowking_plain/front.animated.2bpp gfx/pokemon/slowking_plain/front.2bpp gfx/pokemon/slowking_plain/front.dimensions
rgbgfx -c dmg -Weverything -Z -o gfx/pokemon/slowking_plain/back.2bpp gfx/pokemon/slowking_plain/back.png
tools/pokemon_animation_graphics -o gfx/pokemon/slowpoke_galarian/front.animated.2bpp gfx/pokemon/slowpoke_galarian/front.2bpp gfx/pokemon/slowpoke_galarian/front.dimensions
rgbgfx -c dmg -Weverything -Z -o gfx/pokemon/slowpoke_galarian/back.2bpp gfx/pokemon/slowpoke_galarian/back.png
tools/pokemon_animation_graphics -o gfx/pokemon/slowbro_galarian/front.animated.2bpp gfx/pokemon/slowbro_galarian/front.2bpp gfx/pokemon/slowbro_galarian/front.dimensions
rgbgfx -c dmg -Weverything -Z -o gfx/pokemon/slowbro_galarian/back.2bpp gfx/pokemon/slowbro_galarian/back.png
tools/pokemon_animation_graphics -o gfx/pokemon/slowking_galarian/front.animated.2bpp gfx/pokemon/slowking_galarian/front.2bpp gfx/pokemon/slowking_galarian/front.dimensions
rgbgfx -c dmg -Weverything -Z -o gfx/pokemon/slowking_galarian/back.2bpp gfx/pokemon/slowking_galarian/back.png
tools/pokemon_animation_graphics -o gfx/pokemon/farfetch_d_plain/front.animated.2bpp gfx/pokemon/farfetch_d_plain/front.2bpp gfx/pokemon/farfetch_d_plain/front.dimensions
rgbgfx -c dmg -Weverything -Z -o gfx/pokemon/farfetch_d_plain/back.2bpp gfx/pokemon/farfetch_d_plain/back.png
tools/pokemon_animation_graphics -o gfx/pokemon/farfetch_d_galarian/front.animated.2bpp gfx/pokemon/farfetch_d_galarian/front.2bpp gfx/pokemon/farfetch_d_galarian/front.dimensions
rgbgfx -c dmg -Weverything -Z -o gfx/pokemon/farfetch_d_galarian/back.2bpp gfx/pokemon/farfetch_d_galarian/back.png
tools/pokemon_animation_graphics -o gfx/pokemon/sirfetch_d/front.animated.2bpp gfx/pokemon/sirfetch_d/front.2bpp gfx/pokemon/sirfetch_d/front.dimensions
rgbgfx -c dmg -Weverything -Z -o gfx/pokemon/sirfetch_d/back.2bpp gfx/pokemon/sirfetch_d/back.png
tools/pokemon_animation_graphics -o gfx/pokemon/weezing_plain/front.animated.2bpp gfx/pokemon/weezing_plain/front.2bpp gfx/pokemon/weezing_plain/front.dimensions
rgbgfx -c dmg -Weverything -Z -o gfx/pokemon/weezing_plain/back.2bpp gfx/pokemon/weezing_plain/back.png
tools/pokemon_animation_graphics -o gfx/pokemon/weezing_galarian/front.animated.2bpp gfx/pokemon/weezing_galarian/front.2bpp gfx/pokemon/weezing_galarian/front.dimensions
rgbgfx -c dmg -Weverything -Z -o gfx/pokemon/weezing_galarian/back.2bpp gfx/pokemon/weezing_galarian/back.png
tools/pokemon_animation_graphics -o gfx/pokemon/mr__mime_plain/front.animated.2bpp gfx/pokemon/mr__mime_plain/front.2bpp gfx/pokemon/mr__mime_plain/front.dimensions
rgbgfx -c dmg -Weverything -Z -o gfx/pokemon/mr__mime_plain/back.2bpp gfx/pokemon/mr__mime_plain/back.png
tools/pokemon_animation_graphics -o gfx/pokemon/mr__mime_galarian/front.animated.2bpp gfx/pokemon/mr__mime_galarian/front.2bpp gfx/pokemon/mr__mime_galarian/front.dimensions
rgbgfx -c dmg -Weverything -Z -o gfx/pokemon/mr__mime_galarian/back.2bpp gfx/pokemon/mr__mime_galarian/back.png
tools/pokemon_animation_graphics -o gfx/pokemon/mime_jr_/front.animated.2bpp gfx/pokemon/mime_jr_/front.2bpp gfx/pokemon/mime_jr_/front.dimensions
rgbgfx -c dmg -Weverything -Z -o gfx/pokemon/mime_jr_/back.2bpp gfx/pokemon/mime_jr_/back.png
tools/pokemon_animation_graphics -o gfx/pokemon/mr__rime/front.animated.2bpp gfx/pokemon/mr__rime/front.2bpp gfx/pokemon/mr__rime/front.dimensions
rgbgfx -c dmg -Weverything -Z -o gfx/pokemon/mr__rime/back.2bpp gfx/pokemon/mr__rime/back.png
tools/pokemon_animation_graphics -o gfx/pokemon/articuno_plain/front.animated.2bpp gfx/pokemon/articuno_plain/front.2bpp gfx/pokemon/articuno_plain/front.dimensions
rgbgfx -c dmg -Weverything -Z -o gfx/pokemon/articuno_plain/back.2bpp gfx/pokemon/articuno_plain/back.png
tools/pokemon_animation_graphics -o gfx/pokemon/zapdos_plain/front.animated.2bpp gfx/pokemon/zapdos_plain/front.2bpp gfx/pokemon/zapdos_plain/front.dimensions
rgbgfx -c dmg -Weverything -Z -o gfx/pokemon/zapdos_plain/back.2bpp gfx/pokemon/zapdos_plain/back.png
tools/pokemon_animation_graphics -o gfx/pokemon/moltres_plain/front.animated.2bpp gfx/pokemon/moltres_plain/front.2bpp gfx/pokemon/moltres_plain/front.dimensions
rgbgfx -c dmg -Weverything -Z -o gfx/pokemon/moltres_plain/back.2bpp gfx/pokemon/moltres_plain/back.png
tools/pokemon_animation_graphics -o gfx/pokemon/articuno_galarian/front.animated.2bpp gfx/pokemon/articuno_galarian/front.2bpp gfx/pokemon/articuno_galarian/front.dimensions
rgbgfx -c dmg -Weverything -Z -o gfx/pokemon/articuno_galarian/back.2bpp gfx/pokemon/articuno_galarian/back.png
tools/pokemon_animation_graphics -o gfx/pokemon/zapdos_galarian/front.animated.2bpp gfx/pokemon/zapdos_galarian/front.2bpp gfx/pokemon/zapdos_galarian/front.dimensions
rgbgfx -c dmg -Weverything -Z -o gfx/pokemon/zapdos_galarian/back.2bpp gfx/pokemon/zapdos_galarian/back.png
tools/pokemon_animation_graphics -o gfx/pokemon/moltres_galarian/front.animated.2bpp gfx/pokemon/moltres_galarian/front.2bpp gfx/pokemon/moltres_galarian/front.dimensions
rgbgfx -c dmg -Weverything -Z -o gfx/pokemon/moltres_galarian/back.2bpp gfx/pokemon/moltres_galarian/back.png
tools/pokemon_animation_graphics -o gfx/pokemon/corsola_plain/front.animated.2bpp gfx/pokemon/corsola_plain/front.2bpp gfx/pokemon/corsola_plain/front.dimensions
rgbgfx -c dmg -Weverything -Z -o gfx/pokemon/corsola_plain/back.2bpp gfx/pokemon/corsola_plain/back.png
tools/pokemon_animation_graphics -o gfx/pokemon/corsola_galarian/front.animated.2bpp gfx/pokemon/corsola_galarian/front.2bpp gfx/pokemon/corsola_galarian/front.dimensions
rgbgfx -c dmg -Weverything -Z -o gfx/pokemon/corsola_galarian/back.2bpp gfx/pokemon/corsola_galarian/back.png
tools/pokemon_animation_graphics -o gfx/pokemon/cursola/front.animated.2bpp gfx/pokemon/cursola/front.2bpp gfx/pokemon/cursola/front.dimensions
rgbgfx -c dmg -Weverything -Z -o gfx/pokemon/cursola/back.2bpp gfx/pokemon/cursola/back.png
tools/pokemon_animation_graphics -o gfx/pokemon/growlithe_plain/front.animated.2bpp gfx/pokemon/growlithe_plain/front.2bpp gfx/pokemon/growlithe_plain/front.dimensions
rgbgfx -c dmg -Weverything -Z -o gfx/pokemon/growlithe_plain/back.2bpp gfx/pokemon/growlithe_plain/back.png
tools/pokemon_animation_graphics -o gfx/pokemon/arcanine_plain/front.animated.2bpp gfx/pokemon/arcanine_plain/front.2bpp gfx/pokemon/arcanine_plain/front.dimensions
rgbgfx -c dmg -Weverything -Z -o gfx/pokemon/arcanine_plain/back.2bpp gfx/pokemon/arcanine_plain/back.png
tools/pokemon_animation_graphics -o gfx/pokemon/growlithe_hisuian/front.animated.2bpp gfx/pokemon/growlithe_hisuian/front.2bpp gfx/pokemon/growlithe_hisuian/front.dimensions
rgbgfx -c dmg -Weverything -Z -o gfx/pokemon/growlithe_hisuian/back.2bpp gfx/pokemon/growlithe_hisuian/back.png
tools/pokemon_animation_graphics -o gfx/pokemon/arcanine_hisuian/front.animated.2bpp gfx/pokemon/arcanine_hisuian/front.2bpp gfx/pokemon/arcanine_hisuian/front.dimensions
rgbgfx -c dmg -Weverything -Z -o gfx/pokemon/arcanine_hisuian/back.2bpp gfx/pokemon/arcanine_hisuian/back.png
tools/pokemon_animation_graphics -o gfx/pokemon/voltorb_plain/front.animated.2bpp gfx/pokemon/voltorb_plain/front.2bpp gfx/pokemon/voltorb_plain/front.dimensions
rgbgfx -c dmg -Weverything -Z -o gfx/pokemon/voltorb_plain/back.2bpp gfx/pokemon/voltorb_plain/back.png
tools/pokemon_animation_graphics -o gfx/pokemon/electrode_plain/front.animated.2bpp gfx/pokemon/electrode_plain/front.2bpp gfx/pokemon/electrode_plain/front.dimensions
rgbgfx -c dmg -Weverything -Z -o gfx/pokemon/electrode_plain/back.2bpp gfx/pokemon/electrode_plain/back.png
tools/pokemon_animation_graphics -o gfx/pokemon/voltorb_hisuian/front.animated.2bpp gfx/pokemon/voltorb_hisuian/front.2bpp gfx/pokemon/voltorb_hisuian/front.dimensions
rgbgfx -c dmg -Weverything -Z -o gfx/pokemon/voltorb_hisuian/back.2bpp gfx/pokemon/voltorb_hisuian/back.png
tools/pokemon_animation_graphics -o gfx/pokemon/electrode_hisuian/front.animated.2bpp gfx/pokemon/electrode_hisuian/front.2bpp gfx/pokemon/electrode_hisuian/front.dimensions
rgbgfx -c dmg -Weverything -Z -o gfx/pokemon/electrode_hisuian/back.2bpp gfx/pokemon/electrode_hisuian/back.png
tools/pokemon_animation_graphics -o gfx/pokemon/qwilfish_plain/front.animated.2bpp gfx/pokemon/qwilfish_plain/front.2bpp gfx/pokemon/qwilfish_plain/front.dimensions
rgbgfx -c dmg -Weverything -Z -o gfx/pokemon/qwilfish_plain/back.2bpp gfx/pokemon/qwilfish_plain/back.png
tools/pokemon_animation_graphics -o gfx/pokemon/qwilfish_hisuian/front.animated.2bpp gfx/pokemon/qwilfish_hisuian/front.2bpp gfx/pokemon/qwilfish_hisuian/front.dimensions
rgbgfx -c dmg -Weverything -Z -o gfx/pokemon/qwilfish_hisuian/back.2bpp gfx/pokemon/qwilfish_hisuian/back.png
tools/pokemon_animation_graphics -o gfx/pokemon/overqwil/front.animated.2bpp gfx/pokemon/overqwil/front.2bpp gfx/pokemon/overqwil/front.dimensions
rgbgfx -c dmg -Weverything -Z -o gfx/pokemon/overqwil/back.2bpp gfx/pokemon/overqwil/back.png
tools/pokemon_animation_graphics -o gfx/pokemon/dudunsparce_two_segment/front.animated.2bpp gfx/pokemon/dudunsparce_two_segment/front.2bpp gfx/pokemon/dudunsparce_two_segment/front.dimensions
tools/pokemon_animation_graphics -o gfx/pokemon/dudunsparce_three_segment/front.animated.2bpp gfx/pokemon/dudunsparce_three_segment/front.2bpp gfx/pokemon/dudunsparce_three_segment/front.dimensions
rgbgfx -c dmg -Weverything -Z -o gfx/pokemon/dudunsparce_two_segment/back.2bpp gfx/pokemon/dudunsparce_two_segment/back.png
rgbgfx -c dmg -Weverything -Z -o gfx/pokemon/dudunsparce_three_segment/back.2bpp gfx/pokemon/dudunsparce_three_segment/back.png
tools/pokemon_animation_graphics -o gfx/pokemon/farigiraf/front.animated.2bpp gfx/pokemon/farigiraf/front.2bpp gfx/pokemon/farigiraf/front.dimensions
rgbgfx -c dmg -Weverything -Z -o gfx/pokemon/farigiraf/back.2bpp gfx/pokemon/farigiraf/back.png
tools/pokemon_animation_graphics -o gfx/pokemon/clodsire/front.animated.2bpp gfx/pokemon/clodsire/front.2bpp gfx/pokemon/clodsire/front.dimensions
rgbgfx -c dmg -Weverything -Z -o gfx/pokemon/clodsire/back.2bpp gfx/pokemon/clodsire/back.png
tools/pokemon_animation_graphics -o gfx/pokemon/annihilape/front.animated.2bpp gfx/pokemon/annihilape/front.2bpp gfx/pokemon/annihilape/front.dimensions
rgbgfx -c dmg -Weverything -Z -o gfx/pokemon/annihilape/back.2bpp gfx/pokemon/annihilape/back.png
tools/pokemon_animation_graphics -o gfx/pokemon/sneasel_plain/front.animated.2bpp gfx/pokemon/sneasel_plain/front.2bpp gfx/pokemon/sneasel_plain/front.dimensions
rgbgfx -c dmg -Weverything -Z -o gfx/pokemon/sneasel_plain/back.2bpp gfx/pokemon/sneasel_plain/back.png
tools/pokemon_animation_graphics -o gfx/pokemon/weavile/front.animated.2bpp gfx/pokemon/weavile/front.2bpp gfx/pokemon/weavile/front.dimensions
rgbgfx -c dmg -Weverything -Z -o gfx/pokemon/weavile/back.2bpp gfx/pokemon/weavile/back.png
tools/pokemon_animation_graphics -o gfx/pokemon/sneasel_hisuian/front.animated.2bpp gfx/pokemon/sneasel_hisuian/front.2bpp gfx/pokemon/sneasel_hisuian/front.dimensions
rgbgfx -c dmg -Weverything -Z -o gfx/pokemon/sneasel_hisuian/back.2bpp gfx/pokemon/sneasel_hisuian/back.png
tools/pokemon_animation_graphics -o gfx/pokemon/sneasler/front.animated.2bpp gfx/pokemon/sneasler/front.2bpp gfx/pokemon/sneasler/front.dimensions
rgbgfx -c dmg -Weverything -Z -o gfx/pokemon/sneasler/back.2bpp gfx/pokemon/sneasler/back.png
tools/pokemon_animation_graphics -o gfx/pokemon/wooper_plain/front.animated.2bpp gfx/pokemon/wooper_plain/front.2bpp gfx/pokemon/wooper_plain/front.dimensions
rgbgfx -c dmg -Weverything -Z -o gfx/pokemon/wooper_plain/back.2bpp gfx/pokemon/wooper_plain/back.png
tools/pokemon_animation_graphics -o gfx/pokemon/wooper_paldean/front.animated.2bpp gfx/pokemon/wooper_paldean/front.2bpp gfx/pokemon/wooper_paldean/front.dimensions
rgbgfx -c dmg -Weverything -Z -o gfx/pokemon/wooper_paldean/back.2bpp gfx/pokemon/wooper_paldean/back.png
tools/pokemon_animation_graphics -o gfx/pokemon/tauros_plain/front.animated.2bpp gfx/pokemon/tauros_plain/front.2bpp gfx/pokemon/tauros_plain/front.dimensions
rgbgfx -c dmg -Weverything -Z -o gfx/pokemon/tauros_plain/back.2bpp gfx/pokemon/tauros_plain/back.png
tools/pokemon_animation_graphics -o gfx/pokemon/tauros_paldean/front.animated.2bpp gfx/pokemon/tauros_paldean/front.2bpp gfx/pokemon/tauros_paldean/front.dimensions
rgbgfx -c dmg -Weverything -Z -o gfx/pokemon/tauros_paldean/back.2bpp gfx/pokemon/tauros_paldean/back.png
tools/pokemon_animation_graphics -o gfx/pokemon/tauros_paldean_fire/front.animated.2bpp gfx/pokemon/tauros_paldean_fire/front.2bpp gfx/pokemon/tauros_paldean_fire/front.dimensions
rgbgfx -c dmg -Weverything -Z -o gfx/pokemon/tauros_paldean_fire/back.2bpp gfx/pokemon/tauros_paldean_fire/back.png
tools/pokemon_animation_graphics -o gfx/pokemon/tauros_paldean_water/front.animated.2bpp gfx/pokemon/tauros_paldean_water/front.2bpp gfx/pokemon/tauros_paldean_water/front.dimensions
rgbgfx -c dmg -Weverything -Z -o gfx/pokemon/tauros_paldean_water/back.2bpp gfx/pokemon/tauros_paldean_water/back.png
rgbgfx -c dmg -Weverything -o gfx/sprites/chris.2bpp gfx/sprites/chris.png
rgbgfx -c dmg -Weverything -o gfx/sprites/chris_bike.2bpp gfx/sprites/chris_bike.png
rgbgfx -c dmg -Weverything -o gfx/sprites/chris_surf.2bpp gfx/sprites/chris_surf.png
rgbgfx -c dmg -Weverything -o gfx/sprites/chris_run.2bpp gfx/sprites/chris_run.png
rgbgfx -c dmg -Weverything -o gfx/sprites/kris.2bpp gfx/sprites/kris.png
rgbgfx -c dmg -Weverything -o gfx/sprites/kris_bike.2bpp gfx/sprites/kris_bike.png
rgbgfx -c dmg -Weverything -o gfx/sprites/kris_surf.2bpp gfx/sprites/kris_surf.png
rgbgfx -c dmg -Weverything -o gfx/sprites/kris_run.2bpp gfx/sprites/kris_run.png
rgbgfx -c dmg -Weverything -o gfx/sprites/mom.2bpp gfx/sprites/mom.png
rgbgfx -c dmg -Weverything -o gfx/sprites/dad.2bpp gfx/sprites/dad.png
rgbgfx -c dmg -Weverything -o gfx/sprites/lyra.2bpp gfx/sprites/lyra.png
rgbgfx -c dmg -Weverything -o gfx/sprites/rival.2bpp gfx/sprites/rival.png
rgbgfx -c dmg -Weverything -o gfx/sprites/falkner.2bpp gfx/sprites/falkner.png
rgbgfx -c dmg -Weverything -o gfx/sprites/whitney.2bpp gfx/sprites/whitney.png
rgbgfx -c dmg -Weverything -o gfx/sprites/bugsy.2bpp gfx/sprites/bugsy.png
rgbgfx -c dmg -Weverything -o gfx/sprites/morty.2bpp gfx/sprites/morty.png
rgbgfx -c dmg -Weverything -o gfx/sprites/chuck.2bpp gfx/sprites/chuck.png
rgbgfx -c dmg -Weverything -o gfx/sprites/jasmine.2bpp gfx/sprites/jasmine.png
rgbgfx -c dmg -Weverything -o gfx/sprites/pryce.2bpp gfx/sprites/pryce.png
rgbgfx -c dmg -Weverything -o gfx/sprites/clair.2bpp gfx/sprites/clair.png
rgbgfx -c dmg -Weverything -o gfx/sprites/will.2bpp gfx/sprites/will.png
rgbgfx -c dmg -Weverything -o gfx/sprites/koga.2bpp gfx/sprites/koga.png
rgbgfx -c dmg -Weverything -o gfx/sprites/bruno.2bpp gfx/sprites/bruno.png
rgbgfx -c dmg -Weverything -o gfx/sprites/karen.2bpp gfx/sprites/karen.png
rgbgfx -c dmg -Weverything -o gfx/sprites/lance.2bpp gfx/sprites/lance.png
rgbgfx -c dmg -Weverything -o gfx/sprites/brock.2bpp gfx/sprites/brock.png
rgbgfx -c dmg -Weverything -o gfx/sprites/misty.2bpp gfx/sprites/misty.png
rgbgfx -c dmg -Weverything -o gfx/sprites/surge.2bpp gfx/sprites/surge.png
rgbgfx -c dmg -Weverything -o gfx/sprites/erika.2bpp gfx/sprites/erika.png
rgbgfx -c dmg -Weverything -o gfx/sprites/janine.2bpp gfx/sprites/janine.png
rgbgfx -c dmg -Weverything -o gfx/sprites/sabrina.2bpp gfx/sprites/sabrina.png
rgbgfx -c dmg -Weverything -o gfx/sprites/blaine.2bpp gfx/sprites/blaine.png
rgbgfx -c dmg -Weverything -o gfx/sprites/blue.2bpp gfx/sprites/blue.png
rgbgfx -c dmg -Weverything -o gfx/sprites/red.2bpp gfx/sprites/red.png
rgbgfx -c dmg -Weverything -o gfx/sprites/leaf.2bpp gfx/sprites/leaf.png
rgbgfx -c dmg -Weverything -o gfx/sprites/yellow.2bpp gfx/sprites/yellow.png
rgbgfx -c dmg -Weverything -o gfx/sprites/oak.2bpp gfx/sprites/oak.png
rgbgfx -c dmg -Weverything -o gfx/sprites/elm.2bpp gfx/sprites/elm.png
rgbgfx -c dmg -Weverything -o gfx/sprites/ivy.2bpp gfx/sprites/ivy.png
rgbgfx -c dmg -Weverything -o gfx/sprites/westwood.2bpp gfx/sprites/westwood.png
rgbgfx -c dmg -Weverything -o gfx/sprites/willow.2bpp gfx/sprites/willow.png
rgbgfx -c dmg -Weverything -o gfx/sprites/andy.2bpp gfx/sprites/andy.png
rgbgfx -c dmg -Weverything -o gfx/sprites/bill.2bpp gfx/sprites/bill.png
rgbgfx -c dmg -Weverything -o gfx/sprites/eusine.2bpp gfx/sprites/eusine.png
rgbgfx -c dmg -Weverything -o gfx/sprites/kurt.2bpp gfx/sprites/kurt.png
rgbgfx -c dmg -Weverything -o gfx/sprites/reds_mom.2bpp gfx/sprites/reds_mom.png
rgbgfx -c dmg -Weverything -o gfx/sprites/daisy.2bpp gfx/sprites/daisy.png
rgbgfx -c dmg -Weverything -o gfx/sprites/lorelei.2bpp gfx/sprites/lorelei.png
rgbgfx -c dmg -Weverything -o gfx/sprites/agatha.2bpp gfx/sprites/agatha.png
rgbgfx -c dmg -Weverything -o gfx/sprites/palmer.2bpp gfx/sprites/palmer.png
rgbgfx -c dmg -Weverything -o gfx/sprites/walker.2bpp gfx/sprites/walker.png
rgbgfx -c dmg -Weverything -o gfx/sprites/imakuni.2bpp gfx/sprites/imakuni.png
rgbgfx -c dmg -Weverything -o gfx/sprites/lawrence.2bpp gfx/sprites/lawrence.png
rgbgfx -c dmg -Weverything -o gfx/sprites/james.2bpp gfx/sprites/james.png
rgbgfx -c dmg -Weverything -o gfx/sprites/jessie.2bpp gfx/sprites/jessie.png
rgbgfx -c dmg -Weverything -o gfx/sprites/proton.2bpp gfx/sprites/proton.png
rgbgfx -c dmg -Weverything -o gfx/sprites/petrel.2bpp gfx/sprites/petrel.png
rgbgfx -c dmg -Weverything -o gfx/sprites/archer.2bpp gfx/sprites/archer.png
rgbgfx -c dmg -Weverything -o gfx/sprites/ariana.2bpp gfx/sprites/ariana.png
rgbgfx -c dmg -Weverything -o gfx/sprites/giovanni.2bpp gfx/sprites/giovanni.png
rgbgfx -c dmg -Weverything -o gfx/sprites/cheryl.2bpp gfx/sprites/cheryl.png
rgbgfx -c dmg -Weverything -o gfx/sprites/riley.2bpp gfx/sprites/riley.png
rgbgfx -c dmg -Weverything -o gfx/sprites/buck.2bpp gfx/sprites/buck.png
rgbgfx -c dmg -Weverything -o gfx/sprites/marley.2bpp gfx/sprites/marley.png
rgbgfx -c dmg -Weverything -o gfx/sprites/mira.2bpp gfx/sprites/mira.png
rgbgfx -c dmg -Weverything -o gfx/sprites/anabel.2bpp gfx/sprites/anabel.png
rgbgfx -c dmg -Weverything -o gfx/sprites/flannery.2bpp gfx/sprites/flannery.png
rgbgfx -c dmg -Weverything -o gfx/sprites/maylene.2bpp gfx/sprites/maylene.png
rgbgfx -c dmg -Weverything -o gfx/sprites/marlon.2bpp gfx/sprites/marlon.png
rgbgfx -c dmg -Weverything -o gfx/sprites/valerie.2bpp gfx/sprites/valerie.png
rgbgfx -c dmg -Weverything -o gfx/sprites/kukui.2bpp gfx/sprites/kukui.png
rgbgfx -c dmg -Weverything -o gfx/sprites/caitlin.2bpp gfx/sprites/caitlin.png
rgbgfx -c dmg -Weverything -o gfx/sprites/darach.2bpp gfx/sprites/darach.png
rgbgfx -c dmg -Weverything -o gfx/sprites/steven.2bpp gfx/sprites/steven.png
rgbgfx -c dmg -Weverything -o gfx/sprites/cynthia.2bpp gfx/sprites/cynthia.png
rgbgfx -c dmg -Weverything -o gfx/sprites/candela.2bpp gfx/sprites/candela.png
rgbgfx -c dmg -Weverything -o gfx/sprites/blanche.2bpp gfx/sprites/blanche.png
rgbgfx -c dmg -Weverything -o gfx/sprites/spark.2bpp gfx/sprites/spark.png
rgbgfx -c dmg -Weverything -o gfx/sprites/mary.2bpp gfx/sprites/mary.png
rgbgfx -c dmg -Weverything -o gfx/sprites/buena.2bpp gfx/sprites/buena.png
rgbgfx -c dmg -Weverything -o gfx/sprites/captain.2bpp gfx/sprites/captain.png
rgbgfx -c dmg -Weverything -o gfx/sprites/matsumoto.2bpp gfx/sprites/matsumoto.png
rgbgfx -c dmg -Weverything -o gfx/sprites/ace_trainer_f.2bpp gfx/sprites/ace_trainer_f.png
rgbgfx -c dmg -Weverything -o gfx/sprites/ace_trainer_m.2bpp gfx/sprites/ace_trainer_m.png
rgbgfx -c dmg -Weverything -o gfx/sprites/aroma_lady.2bpp gfx/sprites/aroma_lady.png
rgbgfx -c dmg -Weverything -o gfx/sprites/artist.2bpp gfx/sprites/artist.png
rgbgfx -c dmg -Weverything -o gfx/sprites/baker.2bpp gfx/sprites/baker.png
rgbgfx -c dmg -Weverything -o gfx/sprites/battle_girl.2bpp gfx/sprites/battle_girl.png
rgbgfx -c dmg -Weverything -o gfx/sprites/beauty.2bpp gfx/sprites/beauty.png
rgbgfx -c dmg -Weverything -o gfx/sprites/biker.2bpp gfx/sprites/biker.png
rgbgfx -c dmg -Weverything -o gfx/sprites/bird_keeper.2bpp gfx/sprites/bird_keeper.png
rgbgfx -c dmg -Weverything -o gfx/sprites/black_belt.2bpp gfx/sprites/black_belt.png
rgbgfx -c dmg -Weverything -o gfx/sprites/boarder.2bpp gfx/sprites/boarder.png
rgbgfx -c dmg -Weverything -o gfx/sprites/breeder.2bpp gfx/sprites/breeder.png
rgbgfx -c dmg -Weverything -o gfx/sprites/bug_catcher.2bpp gfx/sprites/bug_catcher.png
rgbgfx -c dmg -Weverything -o gfx/sprites/bug_maniac.2bpp gfx/sprites/bug_maniac.png
rgbgfx -c dmg -Weverything -o gfx/sprites/burglar.2bpp gfx/sprites/burglar.png
rgbgfx -c dmg -Weverything -o gfx/sprites/camper.2bpp gfx/sprites/camper.png
rgbgfx -c dmg -Weverything -o gfx/sprites/child.2bpp gfx/sprites/child.png
rgbgfx -c dmg -Weverything -o gfx/sprites/cool_dude.2bpp gfx/sprites/cool_dude.png
rgbgfx -c dmg -Weverything -o gfx/sprites/cosplayer.2bpp gfx/sprites/cosplayer.png
rgbgfx -c dmg -Weverything -o gfx/sprites/cowgirl.2bpp gfx/sprites/cowgirl.png
rgbgfx -c dmg -Weverything -o gfx/sprites/cute_girl.2bpp gfx/sprites/cute_girl.png
rgbgfx -c dmg -Weverything -o gfx/sprites/dragon_tamer.2bpp gfx/sprites/dragon_tamer.png
rgbgfx -c dmg -Weverything -o gfx/sprites/elder.2bpp gfx/sprites/elder.png
rgbgfx -c dmg -Weverything -o gfx/sprites/engineer.2bpp gfx/sprites/engineer.png
rgbgfx -c dmg -Weverything -o gfx/sprites/fat_guy.2bpp gfx/sprites/fat_guy.png
rgbgfx -c dmg -Weverything -o gfx/sprites/firebreather.2bpp gfx/sprites/firebreather.png
rgbgfx -c dmg -Weverything -o gfx/sprites/fisher.2bpp gfx/sprites/fisher.png
rgbgfx -c dmg -Weverything -o gfx/sprites/gentleman.2bpp gfx/sprites/gentleman.png
rgbgfx -c dmg -Weverything -o gfx/sprites/gramps.2bpp gfx/sprites/gramps.png
rgbgfx -c dmg -Weverything -o gfx/sprites/granny.2bpp gfx/sprites/granny.png
rgbgfx -c dmg -Weverything -o gfx/sprites/hex_maniac.2bpp gfx/sprites/hex_maniac.png
rgbgfx -c dmg -Weverything -o gfx/sprites/hiker.2bpp gfx/sprites/hiker.png
rgbgfx -c dmg -Weverything -o gfx/sprites/juggler.2bpp gfx/sprites/juggler.png
rgbgfx -c dmg -Weverything -o gfx/sprites/kimono_girl.2bpp gfx/sprites/kimono_girl.png
rgbgfx -c dmg -Weverything -o gfx/sprites/lady.2bpp gfx/sprites/lady.png
rgbgfx -c dmg -Weverything -o gfx/sprites/lass.2bpp gfx/sprites/lass.png
rgbgfx -c dmg -Weverything -o gfx/sprites/matron.2bpp gfx/sprites/matron.png
rgbgfx -c dmg -Weverything -o gfx/sprites/nurse.2bpp gfx/sprites/nurse.png
rgbgfx -c dmg -Weverything -o gfx/sprites/officer.2bpp gfx/sprites/officer.png
rgbgfx -c dmg -Weverything -o gfx/sprites/officer_f.2bpp gfx/sprites/officer_f.png
rgbgfx -c dmg -Weverything -o gfx/sprites/pharmacist.2bpp gfx/sprites/pharmacist.png
rgbgfx -c dmg -Weverything -o gfx/sprites/pi.2bpp gfx/sprites/pi.png
rgbgfx -c dmg -Weverything -o gfx/sprites/picnicker.2bpp gfx/sprites/picnicker.png
rgbgfx -c dmg -Weverything -o gfx/sprites/pokefan_m.2bpp gfx/sprites/pokefan_m.png
rgbgfx -c dmg -Weverything -o gfx/sprites/pokefan_f.2bpp gfx/sprites/pokefan_f.png
rgbgfx -c dmg -Weverything -o gfx/sprites/pokemaniac.2bpp gfx/sprites/pokemaniac.png
rgbgfx -c dmg -Weverything -o gfx/sprites/psychic.2bpp gfx/sprites/psychic.png
rgbgfx -c dmg -Weverything -o gfx/sprites/rich_boy.2bpp gfx/sprites/rich_boy.png
rgbgfx -c dmg -Weverything -o gfx/sprites/rocker.2bpp gfx/sprites/rocker.png
rgbgfx -c dmg -Weverything -o gfx/sprites/rocket.2bpp gfx/sprites/rocket.png
rgbgfx -c dmg -Weverything -o gfx/sprites/rocket_girl.2bpp gfx/sprites/rocket_girl.png
rgbgfx -c dmg -Weverything -o gfx/sprites/roughneck.2bpp gfx/sprites/roughneck.png
rgbgfx -c dmg -Weverything -o gfx/sprites/sage.2bpp gfx/sprites/sage.png
rgbgfx -c dmg -Weverything -o gfx/sprites/sailor.2bpp gfx/sprites/sailor.png
rgbgfx -c dmg -Weverything -o gfx/sprites/schoolboy.2bpp gfx/sprites/schoolboy.png
rgbgfx -c dmg -Weverything -o gfx/sprites/schoolgirl.2bpp gfx/sprites/schoolgirl.png
rgbgfx -c dmg -Weverything -o gfx/sprites/scientist.2bpp gfx/sprites/scientist.png
rgbgfx -c dmg -Weverything -o gfx/sprites/scientist_f.2bpp gfx/sprites/scientist_f.png
rgbgfx -c dmg -Weverything -o gfx/sprites/sightseer_m.2bpp gfx/sprites/sightseer_m.png
rgbgfx -c dmg -Weverything -o gfx/sprites/skier.2bpp gfx/sprites/skier.png
rgbgfx -c dmg -Weverything -o gfx/sprites/super_nerd.2bpp gfx/sprites/super_nerd.png
rgbgfx -c dmg -Weverything -o gfx/sprites/swimmer_f.2bpp gfx/sprites/swimmer_f.png
rgbgfx -c dmg -Weverything -o gfx/sprites/swimmer_m.2bpp gfx/sprites/swimmer_m.png
rgbgfx -c dmg -Weverything -o gfx/sprites/tamer.2bpp gfx/sprites/tamer.png
rgbgfx -c dmg -Weverything -o gfx/sprites/teacher.2bpp gfx/sprites/teacher.png
rgbgfx -c dmg -Weverything -o gfx/sprites/twin.2bpp gfx/sprites/twin.png
rgbgfx -c dmg -Weverything -o gfx/sprites/veteran_m.2bpp gfx/sprites/veteran_m.png
rgbgfx -c dmg -Weverything -o gfx/sprites/veteran_f.2bpp gfx/sprites/veteran_f.png
rgbgfx -c dmg -Weverything -o gfx/sprites/waitress.2bpp gfx/sprites/waitress.png
rgbgfx -c dmg -Weverything -o gfx/sprites/youngster.2bpp gfx/sprites/youngster.png
rgbgfx -c dmg -Weverything -o gfx/sprites/bowing_nurse.2bpp gfx/sprites/bowing_nurse.png
rgbgfx -c dmg -Weverything -o gfx/sprites/clerk.2bpp gfx/sprites/clerk.png
rgbgfx -c dmg -Weverything -o gfx/sprites/receptionist.2bpp gfx/sprites/receptionist.png
rgbgfx -c dmg -Weverything -o gfx/sprites/link_receptionist.2bpp gfx/sprites/link_receptionist.png
rgbgfx -c dmg -Weverything -o gfx/sprites/gym_guy.2bpp gfx/sprites/gym_guy.png
rgbgfx -c dmg -Weverything -o gfx/sprites/fishing_guru.2bpp gfx/sprites/fishing_guru.png
rgbgfx -c dmg -Weverything -o gfx/sprites/gameboy_kid.2bpp gfx/sprites/gameboy_kid.png
rgbgfx -c dmg -Weverything -o gfx/sprites/gamer_girl.2bpp gfx/sprites/gamer_girl.png
rgbgfx -c dmg -Weverything -o gfx/sprites/silph_employee.2bpp gfx/sprites/silph_employee.png
rgbgfx -c dmg -Weverything -o gfx/sprites/safari_officer.2bpp gfx/sprites/safari_officer.png
rgbgfx -c dmg -Weverything -o gfx/sprites/swimming_officer.2bpp gfx/sprites/swimming_officer.png
rgbgfx -c dmg -Weverything -o gfx/sprites/swimming_officer_f.2bpp gfx/sprites/swimming_officer_f.png
rgbgfx -c dmg -Weverything -o gfx/sprites/clefairy.2bpp gfx/sprites/clefairy.png
rgbgfx -c dmg -Weverything -o gfx/sprites/farfetch_d.2bpp gfx/sprites/farfetch_d.png
rgbgfx -c dmg -Weverything -o gfx/sprites/lapras.2bpp gfx/sprites/lapras.png
rgbgfx -c dmg -Weverything -o gfx/sprites/eevee.2bpp gfx/sprites/eevee.png
rgbgfx -c dmg -Weverything -o gfx/sprites/dragonite.2bpp gfx/sprites/dragonite.png
rgbgfx -c dmg -Weverything -o gfx/sprites/mew.2bpp gfx/sprites/mew.png
rgbgfx -c dmg -Weverything -o gfx/sprites/celebi.2bpp gfx/sprites/celebi.png
rgbgfx -c dmg -Weverything -o gfx/sprites/surf_pikachu.2bpp gfx/sprites/surf_pikachu.png
rgbgfx -c dmg -Weverything -o gfx/sprites/armored_mewtwo.2bpp gfx/sprites/armored_mewtwo.png
rgbgfx -c dmg -Weverything -o gfx/sprites/big_snorlax.2bpp gfx/sprites/big_snorlax.png
rgbgfx -c dmg -Weverything -o gfx/sprites/big_lapras.2bpp gfx/sprites/big_lapras.png
rgbgfx -c dmg -Weverything -o gfx/sprites/big_onix.2bpp gfx/sprites/big_onix.png
rgbgfx -c dmg -Weverything -o gfx/sprites/big_gyarados.2bpp gfx/sprites/big_gyarados.png
rgbgfx -c dmg -Weverything -o gfx/sprites/slowpoketail.2bpp gfx/sprites/slowpoketail.png
rgbgfx -c dmg -Weverything -o gfx/sprites/pidgeotto_side.2bpp gfx/sprites/pidgeotto_side.png
rgbgfx -c dmg -Weverything -o gfx/sprites/rattata_back.2bpp gfx/sprites/rattata_back.png
rgbgfx -c dmg -Weverything -o gfx/sprites/weird_tree.2bpp gfx/sprites/weird_tree.png
rgbgfx -c dmg -Weverything -o gfx/sprites/ball_cut_tree.2bpp gfx/sprites/ball_cut_tree.png
rgbgfx -c dmg -Weverything -o gfx/sprites/boulder_rock.2bpp gfx/sprites/boulder_rock.png
rgbgfx -c dmg -Weverything -o gfx/sprites/book_paper_pokedex.2bpp gfx/sprites/book_paper_pokedex.png
rgbgfx -c dmg -Weverything -o gfx/sprites/snes.2bpp gfx/sprites/snes.png
rgbgfx -c dmg -Weverything -o gfx/sprites/n64.2bpp gfx/sprites/n64.png
rgbgfx -c dmg -Weverything -o gfx/sprites/gamecube.2bpp gfx/sprites/gamecube.png
rgbgfx -c dmg -Weverything -o gfx/sprites/wii.2bpp gfx/sprites/wii.png
rgbgfx -c dmg -Weverything -o gfx/sprites/silver_trophy.2bpp gfx/sprites/silver_trophy.png
rgbgfx -c dmg -Weverything -o gfx/sprites/gold_trophy.2bpp gfx/sprites/gold_trophy.png
rgbgfx -c dmg -Weverything -o gfx/sprites/electric_fence_left.2bpp gfx/sprites/electric_fence_left.png
rgbgfx -c dmg -Weverything -o gfx/sprites/electric_fence_right.2bpp gfx/sprites/electric_fence_right.png
rgbgfx -c dmg -Weverything -o gfx/sprites/sailboat.2bpp gfx/sprites/sailboat.png
rgbgfx -c dmg -Weverything -o gfx/sprites/ice_boulder_fossils.2bpp gfx/sprites/ice_boulder_fossils.png
rgbgfx -c dmg -Weverything -o gfx/sprites/beach_guy.2bpp gfx/sprites/beach_guy.png
rgbgfx -c dmg -Weverything -o gfx/sprites/beach_girl.2bpp gfx/sprites/beach_girl.png
rgbgfx -c dmg -Weverything -o gfx/sprites/piers.2bpp gfx/sprites/piers.png
rgbgfx -c dmg -Weverything -o gfx/sprites/larry.2bpp gfx/sprites/larry.png
rgbgfx -c dmg -Weverything -o gfx/sprites/alolan_exeggutor.2bpp gfx/sprites/alolan_exeggutor.png
rgbgfx -c dmg -Weverything -o gfx/sprites/crys.2bpp gfx/sprites/crys.png
rgbgfx -c dmg -Weverything -o gfx/sprites/crys_bike.2bpp gfx/sprites/crys_bike.png
rgbgfx -c dmg -Weverything -o gfx/sprites/crys_surf.2bpp gfx/sprites/crys_surf.png
rgbgfx -c dmg -Weverything -o gfx/sprites/crys_run.2bpp gfx/sprites/crys_run.png
rgbgfx -c dmg -Weverything -o gfx/sprites/thorton.2bpp gfx/sprites/thorton.png
rgbgfx -c dmg -Weverything -o gfx/sprites/blank_fruit.2bpp gfx/sprites/blank_fruit.png
rgbgfx -c dmg -Weverything -o gfx/sprites/big_ho_oh.2bpp gfx/sprites/big_ho_oh.png
rgbgfx -c dmg -Weverything -o gfx/sprites/big_lugia.2bpp gfx/sprites/big_lugia.png
rgbgfx -c dmg -Weverything -o gfx/sprites/beta.2bpp gfx/sprites/beta.png
rgbgfx -c dmg -Weverything -o gfx/sprites/beta_bike.2bpp gfx/sprites/beta_bike.png
rgbgfx -c dmg -Weverything -o gfx/sprites/beta_surf.2bpp gfx/sprites/beta_surf.png
rgbgfx -c dmg -Weverything -o gfx/sprites/beta_run.2bpp gfx/sprites/beta_run.png
rgbgfx -c dmg -Weverything -o gfx/sprites/floating_ball.2bpp gfx/sprites/floating_ball.png
rgbgfx -c dmg -Weverything -o gfx/sprites/spinarak_cart.2bpp gfx/sprites/spinarak_cart.png
rgbgfx -c dmg -Weverything -o gfx/sprites/pearl.2bpp gfx/sprites/pearl.png
rgbgfx -c dmg -Weverything -o gfx/sprites/pagoda.2bpp gfx/sprites/pagoda.png
rgbgfx -c dmg -Weverything -o gfx/sprites/campfire.2bpp gfx/sprites/campfire.png
rgbgfx -c dmg -Weverything -Z -o gfx/trainers/cal.2bpp gfx/trainers/cal.png
rgbgfx -c dmg -Weverything -Z -o gfx/trainers/carrie.2bpp gfx/trainers/carrie.png
rgbgfx -c dmg -Weverything -Z -o gfx/trainers/jacky.2bpp gfx/trainers/jacky.png
rgbgfx -c dmg -Weverything -Z -o gfx/trainers/euna.2bpp gfx/trainers/euna.png
rgbgfx -c dmg -Weverything -Z -o gfx/trainers/falkner.2bpp gfx/trainers/falkner.png
rgbgfx -c dmg -Weverything -Z -o gfx/trainers/bugsy.2bpp gfx/trainers/bugsy.png
rgbgfx -c dmg -Weverything -Z -o gfx/trainers/whitney.2bpp gfx/trainers/whitney.png
rgbgfx -c dmg -Weverything -Z -o gfx/trainers/morty.2bpp gfx/trainers/morty.png
rgbgfx -c dmg -Weverything -Z -o gfx/trainers/chuck.2bpp gfx/trainers/chuck.png
rgbgfx -c dmg -Weverything -Z -o gfx/trainers/jasmine.2bpp gfx/trainers/jasmine.png
rgbgfx -c dmg -Weverything -Z -o gfx/trainers/pryce.2bpp gfx/trainers/pryce.png
rgbgfx -c dmg -Weverything -Z -o gfx/trainers/clair.2bpp gfx/trainers/clair.png
rgbgfx -c dmg -Weverything -Z -o gfx/trainers/will.2bpp gfx/trainers/will.png
rgbgfx -c dmg -Weverything -Z -o gfx/trainers/koga.2bpp gfx/trainers/koga.png
rgbgfx -c dmg -Weverything -Z -o gfx/trainers/bruno.2bpp gfx/trainers/bruno.png
rgbgfx -c dmg -Weverything -Z -o gfx/trainers/karen.2bpp gfx/trainers/karen.png
rgbgfx -c dmg -Weverything -Z -o gfx/trainers/champion.2bpp gfx/trainers/champion.png
rgbgfx -c dmg -Weverything -Z -o gfx/trainers/brock.2bpp gfx/trainers/brock.png
rgbgfx -c dmg -Weverything -Z -o gfx/trainers/misty.2bpp gfx/trainers/misty.png
rgbgfx -c dmg -Weverything -Z -o gfx/trainers/lt_surge.2bpp gfx/trainers/lt_surge.png
rgbgfx -c dmg -Weverything -Z -o gfx/trainers/erika.2bpp gfx/trainers/erika.png
rgbgfx -c dmg -Weverything -Z -o gfx/trainers/janine.2bpp gfx/trainers/janine.png
rgbgfx -c dmg -Weverything -Z -o gfx/trainers/sabrina.2bpp gfx/trainers/sabrina.png
rgbgfx -c dmg -Weverything -Z -o gfx/trainers/blaine.2bpp gfx/trainers/blaine.png
rgbgfx -c dmg -Weverything -Z -o gfx/trainers/blue.2bpp gfx/trainers/blue.png
rgbgfx -c dmg -Weverything -Z -o gfx/trainers/red.2bpp gfx/trainers/red.png
rgbgfx -c dmg -Weverything -Z -o gfx/trainers/leaf.2bpp gfx/trainers/leaf.png
rgbgfx -c dmg -Weverything -Z -o gfx/trainers/rival1.2bpp gfx/trainers/rival1.png
rgbgfx -c dmg -Weverything -Z -o gfx/trainers/rival2.2bpp gfx/trainers/rival2.png
rgbgfx -c dmg -Weverything -Z -o gfx/trainers/lyra1.2bpp gfx/trainers/lyra1.png
rgbgfx -c dmg -Weverything -Z -o gfx/trainers/lyra2.2bpp gfx/trainers/lyra2.png
rgbgfx -c dmg -Weverything -Z -o gfx/trainers/youngster.2bpp gfx/trainers/youngster.png
rgbgfx -c dmg -Weverything -Z -o gfx/trainers/bug_catcher.2bpp gfx/trainers/bug_catcher.png
rgbgfx -c dmg -Weverything -Z -o gfx/trainers/camper.2bpp gfx/trainers/camper.png
rgbgfx -c dmg -Weverything -Z -o gfx/trainers/picnicker.2bpp gfx/trainers/picnicker.png
rgbgfx -c dmg -Weverything -Z -o gfx/trainers/twins.2bpp gfx/trainers/twins.png
rgbgfx -c dmg -Weverything -Z -o gfx/trainers/fisher.2bpp gfx/trainers/fisher.png
rgbgfx -c dmg -Weverything -Z -o gfx/trainers/bird_keeper.2bpp gfx/trainers/bird_keeper.png
rgbgfx -c dmg -Weverything -Z -o gfx/trainers/hiker.2bpp gfx/trainers/hiker.png
rgbgfx -c dmg -Weverything -Z -o gfx/trainers/grunt_m.2bpp gfx/trainers/grunt_m.png
rgbgfx -c dmg -Weverything -Z -o gfx/trainers/grunt_f.2bpp gfx/trainers/grunt_f.png
rgbgfx -c dmg -Weverything -Z -o gfx/trainers/pokefan_m.2bpp gfx/trainers/pokefan_m.png
rgbgfx -c dmg -Weverything -Z -o gfx/trainers/pokefan_f.2bpp gfx/trainers/pokefan_f.png
rgbgfx -c dmg -Weverything -Z -o gfx/trainers/officer_m.2bpp gfx/trainers/officer_m.png
rgbgfx -c dmg -Weverything -Z -o gfx/trainers/officer_f.2bpp gfx/trainers/officer_f.png
rgbgfx -c dmg -Weverything -Z -o gfx/trainers/nurse.2bpp gfx/trainers/nurse.png
rgbgfx -c dmg -Weverything -Z -o gfx/trainers/pokemaniac.2bpp gfx/trainers/pokemaniac.png
rgbgfx -c dmg -Weverything -Z -o gfx/trainers/cosplayer.2bpp gfx/trainers/cosplayer.png
rgbgfx -c dmg -Weverything -Z -o gfx/trainers/super_nerd.2bpp gfx/trainers/super_nerd.png
rgbgfx -c dmg -Weverything -Z -o gfx/trainers/lass.2bpp gfx/trainers/lass.png
rgbgfx -c dmg -Weverything -Z -o gfx/trainers/beauty.2bpp gfx/trainers/beauty.png
rgbgfx -c dmg -Weverything -Z -o gfx/trainers/bug_maniac.2bpp gfx/trainers/bug_maniac.png
rgbgfx -c dmg -Weverything -Z -o gfx/trainers/ruin_maniac.2bpp gfx/trainers/ruin_maniac.png
rgbgfx -c dmg -Weverything -Z -o gfx/trainers/firebreather.2bpp gfx/trainers/firebreather.png
rgbgfx -c dmg -Weverything -Z -o gfx/trainers/juggler.2bpp gfx/trainers/juggler.png
rgbgfx -c dmg -Weverything -Z -o gfx/trainers/schoolboy.2bpp gfx/trainers/schoolboy.png
rgbgfx -c dmg -Weverything -Z -o gfx/trainers/schoolgirl.2bpp gfx/trainers/schoolgirl.png
rgbgfx -c dmg -Weverything -Z -o gfx/trainers/psychic_t.2bpp gfx/trainers/psychic_t.png
rgbgfx -c dmg -Weverything -Z -o gfx/trainers/hex_maniac.2bpp gfx/trainers/hex_maniac.png
rgbgfx -c dmg -Weverything -Z -o gfx/trainers/sage.2bpp gfx/trainers/sage.png
rgbgfx -c dmg -Weverything -Z -o gfx/trainers/medium.2bpp gfx/trainers/medium.png
rgbgfx -c dmg -Weverything -Z -o gfx/trainers/kimono_girl.2bpp gfx/trainers/kimono_girl.png
rgbgfx -c dmg -Weverything -Z -o gfx/trainers/elder.2bpp gfx/trainers/elder.png
rgbgfx -c dmg -Weverything -Z -o gfx/trainers/sr_and_jr.2bpp gfx/trainers/sr_and_jr.png
rgbgfx -c dmg -Weverything -Z -o gfx/trainers/couple.2bpp gfx/trainers/couple.png
rgbgfx -c dmg -Weverything -Z -o gfx/trainers/gentleman.2bpp gfx/trainers/gentleman.png
rgbgfx -c dmg -Weverything -Z -o gfx/trainers/rich_boy.2bpp gfx/trainers/rich_boy.png
rgbgfx -c dmg -Weverything -Z -o gfx/trainers/lady.2bpp gfx/trainers/lady.png
rgbgfx -c dmg -Weverything -Z -o gfx/trainers/breeder.2bpp gfx/trainers/breeder.png
rgbgfx -c dmg -Weverything -Z -o gfx/trainers/baker.2bpp gfx/trainers/baker.png
rgbgfx -c dmg -Weverything -Z -o gfx/trainers/cowgirl.2bpp gfx/trainers/cowgirl.png
rgbgfx -c dmg -Weverything -Z -o gfx/trainers/sailor.2bpp gfx/trainers/sailor.png
rgbgfx -c dmg -Weverything -Z -o gfx/trainers/swimmer_m.2bpp gfx/trainers/swimmer_m.png
rgbgfx -c dmg -Weverything -Z -o gfx/trainers/swimmer_f.2bpp gfx/trainers/swimmer_f.png
rgbgfx -c dmg -Weverything -Z -o gfx/trainers/burglar.2bpp gfx/trainers/burglar.png
rgbgfx -c dmg -Weverything -Z -o gfx/trainers/pi.2bpp gfx/trainers/pi.png
rgbgfx -c dmg -Weverything -Z -o gfx/trainers/scientist.2bpp gfx/trainers/scientist.png
rgbgfx -c dmg -Weverything -Z -o gfx/trainers/boarder.2bpp gfx/trainers/boarder.png
rgbgfx -c dmg -Weverything -Z -o gfx/trainers/skier.2bpp gfx/trainers/skier.png
rgbgfx -c dmg -Weverything -Z -o gfx/trainers/blackbelt_t.2bpp gfx/trainers/blackbelt_t.png
rgbgfx -c dmg -Weverything -Z -o gfx/trainers/battle_girl.2bpp gfx/trainers/battle_girl.png
rgbgfx -c dmg -Weverything -Z -o gfx/trainers/dragon_tamer.2bpp gfx/trainers/dragon_tamer.png
rgbgfx -c dmg -Weverything -Z -o gfx/trainers/engineer.2bpp gfx/trainers/engineer.png
rgbgfx -c dmg -Weverything -Z -o gfx/trainers/teacher_f.2bpp gfx/trainers/teacher_f.png
rgbgfx -c dmg -Weverything -Z -o gfx/trainers/teacher_m.2bpp gfx/trainers/teacher_m.png
rgbgfx -c dmg -Weverything -Z -o gfx/trainers/guitarist_m.2bpp gfx/trainers/guitarist_m.png
rgbgfx -c dmg -Weverything -Z -o gfx/trainers/guitarist_f.2bpp gfx/trainers/guitarist_f.png
rgbgfx -c dmg -Weverything -Z -o gfx/trainers/biker.2bpp gfx/trainers/biker.png
rgbgfx -c dmg -Weverything -Z -o gfx/trainers/roughneck.2bpp gfx/trainers/roughneck.png
rgbgfx -c dmg -Weverything -Z -o gfx/trainers/tamer.2bpp gfx/trainers/tamer.png
rgbgfx -c dmg -Weverything -Z -o gfx/trainers/artist.2bpp gfx/trainers/artist.png
rgbgfx -c dmg -Weverything -Z -o gfx/trainers/aroma_lady.2bpp gfx/trainers/aroma_lady.png
rgbgfx -c dmg -Weverything -Z -o gfx/trainers/soldier.2bpp gfx/trainers/soldier.png
rgbgfx -c dmg -Weverything -Z -o gfx/trainers/waiter.2bpp gfx/trainers/waiter.png
rgbgfx -c dmg -Weverything -Z -o gfx/trainers/waitress.2bpp gfx/trainers/waitress.png
rgbgfx -c dmg -Weverything -Z -o gfx/trainers/sightseer_m.2bpp gfx/trainers/sightseer_m.png
rgbgfx -c dmg -Weverything -Z -o gfx/trainers/sightseer_f.2bpp gfx/trainers/sightseer_f.png
rgbgfx -c dmg -Weverything -Z -o gfx/trainers/sightseers.2bpp gfx/trainers/sightseers.png
rgbgfx -c dmg -Weverything -Z -o gfx/trainers/cooltrainer_m.2bpp gfx/trainers/cooltrainer_m.png
rgbgfx -c dmg -Weverything -Z -o gfx/trainers/cooltrainer_f.2bpp gfx/trainers/cooltrainer_f.png
rgbgfx -c dmg -Weverything -Z -o gfx/trainers/ace_duo.2bpp gfx/trainers/ace_duo.png
rgbgfx -c dmg -Weverything -Z -o gfx/trainers/veteran_m.2bpp gfx/trainers/veteran_m.png
rgbgfx -c dmg -Weverything -Z -o gfx/trainers/veteran_f.2bpp gfx/trainers/veteran_f.png
rgbgfx -c dmg -Weverything -Z -o gfx/trainers/proton.2bpp gfx/trainers/proton.png
rgbgfx -c dmg -Weverything -Z -o gfx/trainers/petrel.2bpp gfx/trainers/petrel.png
rgbgfx -c dmg -Weverything -Z -o gfx/trainers/archer.2bpp gfx/trainers/archer.png
rgbgfx -c dmg -Weverything -Z -o gfx/trainers/ariana.2bpp gfx/trainers/ariana.png
rgbgfx -c dmg -Weverything -Z -o gfx/trainers/giovanni.2bpp gfx/trainers/giovanni.png
rgbgfx -c dmg -Weverything -Z -o gfx/trainers/oak.2bpp gfx/trainers/oak.png
rgbgfx -c dmg -Weverything -Z -o gfx/trainers/elm.2bpp gfx/trainers/elm.png
rgbgfx -c dmg -Weverything -Z -o gfx/trainers/ivy.2bpp gfx/trainers/ivy.png
rgbgfx -c dmg -Weverything -Z -o gfx/trainers/mysticalman.2bpp gfx/trainers/mysticalman.png
rgbgfx -c dmg -Weverything -Z -o gfx/trainers/karate_king.2bpp gfx/trainers/karate_king.png
rgbgfx -c dmg -Weverything -Z -o gfx/trainers/towertycoon.2bpp gfx/trainers/towertycoon.png
rgbgfx -c dmg -Weverything -Z -o gfx/trainers/factoryhead.2bpp gfx/trainers/factoryhead.png
rgbgfx -c dmg -Weverything -Z -o gfx/trainers/jessie_james.2bpp gfx/trainers/jessie_james.png
rgbgfx -c dmg -Weverything -Z -o gfx/trainers/lorelei.2bpp gfx/trainers/lorelei.png
rgbgfx -c dmg -Weverything -Z -o gfx/trainers/agatha.2bpp gfx/trainers/agatha.png
rgbgfx -c dmg -Weverything -Z -o gfx/trainers/steven.2bpp gfx/trainers/steven.png
rgbgfx -c dmg -Weverything -Z -o gfx/trainers/cynthia.2bpp gfx/trainers/cynthia.png
rgbgfx -c dmg -Weverything -Z -o gfx/trainers/inver.2bpp gfx/trainers/inver.png
rgbgfx -c dmg -Weverything -Z -o gfx/trainers/cheryl.2bpp gfx/trainers/cheryl.png
rgbgfx -c dmg -Weverything -Z -o gfx/trainers/riley.2bpp gfx/trainers/riley.png
rgbgfx -c dmg -Weverything -Z -o gfx/trainers/buck.2bpp gfx/trainers/buck.png
rgbgfx -c dmg -Weverything -Z -o gfx/trainers/marley.2bpp gfx/trainers/marley.png
rgbgfx -c dmg -Weverything -Z -o gfx/trainers/mira.2bpp gfx/trainers/mira.png
rgbgfx -c dmg -Weverything -Z -o gfx/trainers/anabel.2bpp gfx/trainers/anabel.png
rgbgfx -c dmg -Weverything -Z -o gfx/trainers/darach.2bpp gfx/trainers/darach.png
rgbgfx -c dmg -Weverything -Z -o gfx/trainers/caitlin.2bpp gfx/trainers/caitlin.png
rgbgfx -c dmg -Weverything -Z -o gfx/trainers/candela.2bpp gfx/trainers/candela.png
rgbgfx -c dmg -Weverything -Z -o gfx/trainers/blanche.2bpp gfx/trainers/blanche.png
rgbgfx -c dmg -Weverything -Z -o gfx/trainers/spark.2bpp gfx/trainers/spark.png
rgbgfx -c dmg -Weverything -Z -o gfx/trainers/flannery.2bpp gfx/trainers/flannery.png
rgbgfx -c dmg -Weverything -Z -o gfx/trainers/maylene.2bpp gfx/trainers/maylene.png
rgbgfx -c dmg -Weverything -Z -o gfx/trainers/marlon.2bpp gfx/trainers/marlon.png
rgbgfx -c dmg -Weverything -Z -o gfx/trainers/valerie.2bpp gfx/trainers/valerie.png
rgbgfx -c dmg -Weverything -Z -o gfx/trainers/kukui.2bpp gfx/trainers/kukui.png
rgbgfx -c dmg -Weverything -Z -o gfx/trainers/piers.2bpp gfx/trainers/piers.png
rgbgfx -c dmg -Weverything -Z -o gfx/trainers/larry.2bpp gfx/trainers/larry.png
rgbgfx -c dmg -Weverything -Z -o gfx/trainers/victor.2bpp gfx/trainers/victor.png
rgbgfx -c dmg -Weverything -Z -o gfx/trainers/bill.2bpp gfx/trainers/bill.png
rgbgfx -c dmg -Weverything -Z -o gfx/trainers/yellow.2bpp gfx/trainers/yellow.png
rgbgfx -c dmg -Weverything -Z -o gfx/trainers/walker.2bpp gfx/trainers/walker.png
rgbgfx -c dmg -Weverything -Z -o gfx/trainers/imakuni.2bpp gfx/trainers/imakuni.png
rgbgfx -c dmg -Weverything -Z -o gfx/trainers/lawrence.2bpp gfx/trainers/lawrence.png
rgbgfx -c dmg -Weverything -Z -o gfx/trainers/rei.2bpp gfx/trainers/rei.png
rgbgfx -c dmg -Weverything -Z -o gfx/trainers/firebreather_ashes.2bpp gfx/trainers/firebreather_ashes.png
rgbgfx -c dmg -Weverything -Z -o gfx/trainers/omastar_fossil.2bpp gfx/trainers/omastar_fossil.png
rgbgfx -c dmg -Weverything -Z -o gfx/trainers/kabutops_fossil.2bpp gfx/trainers/kabutops_fossil.png
rgbgfx -c dmg -Weverything -Z -o gfx/trainers/aerodactyl_fossil.2bpp gfx/trainers/aerodactyl_fossil.png
rgbgfx -c dmg -Weverything -Z -o gfx/trainers/cubone_armor.2bpp gfx/trainers/cubone_armor.png
rgbgfx -c dmg -Weverything -Z -o gfx/trainers/meteorite.2bpp gfx/trainers/meteorite.png
rgbgfx -c dmg -Weverything -Z -o gfx/trainers/silhouette.2bpp gfx/trainers/silhouette.png
rgbgfx -c dmg -Weverything -o gfx/items/no_item.2bpp gfx/items/no_item.png
rgbgfx -c dmg -Weverything -o gfx/items/poke_ball.2bpp gfx/items/poke_ball.png
rgbgfx -c dmg -Weverything -o gfx/items/great_ball.2bpp gfx/items/great_ball.png
rgbgfx -c dmg -Weverything -o gfx/items/ultra_ball.2bpp gfx/items/ultra_ball.png
rgbgfx -c dmg -Weverything -o gfx/items/master_ball.2bpp gfx/items/master_ball.png
rgbgfx -c dmg -Weverything -o gfx/items/safari_ball.2bpp gfx/items/safari_ball.png
rgbgfx -c dmg -Weverything -o gfx/items/level_ball.2bpp gfx/items/level_ball.png
rgbgfx -c dmg -Weverything -o gfx/items/lure_ball.2bpp gfx/items/lure_ball.png
rgbgfx -c dmg -Weverything -o gfx/items/moon_ball.2bpp gfx/items/moon_ball.png
rgbgfx -c dmg -Weverything -o gfx/items/friend_ball.2bpp gfx/items/friend_ball.png
rgbgfx -c dmg -Weverything -o gfx/items/fast_ball.2bpp gfx/items/fast_ball.png
rgbgfx -c dmg -Weverything -o gfx/items/heavy_ball.2bpp gfx/items/heavy_ball.png
rgbgfx -c dmg -Weverything -o gfx/items/love_ball.2bpp gfx/items/love_ball.png
rgbgfx -c dmg -Weverything -o gfx/items/abilitypatch.2bpp gfx/items/abilitypatch.png
rgbgfx -c dmg -Weverything -o gfx/items/repeat_ball.2bpp gfx/items/repeat_ball.png
rgbgfx -c dmg -Weverything -o gfx/items/timer_ball.2bpp gfx/items/timer_ball.png
rgbgfx -c dmg -Weverything -o gfx/items/nest_ball.2bpp gfx/items/nest_ball.png
rgbgfx -c dmg -Weverything -o gfx/items/net_ball.2bpp gfx/items/net_ball.png
rgbgfx -c dmg -Weverything -o gfx/items/dive_ball.2bpp gfx/items/dive_ball.png
rgbgfx -c dmg -Weverything -o gfx/items/luxury_ball.2bpp gfx/items/luxury_ball.png
rgbgfx -c dmg -Weverything -o gfx/items/heal_ball.2bpp gfx/items/heal_ball.png
rgbgfx -c dmg -Weverything -o gfx/items/quick_ball.2bpp gfx/items/quick_ball.png
rgbgfx -c dmg -Weverything -o gfx/items/dusk_ball.2bpp gfx/items/dusk_ball.png
rgbgfx -c dmg -Weverything -o gfx/items/dream_ball.2bpp gfx/items/dream_ball.png
rgbgfx -c dmg -Weverything -o gfx/items/premier_ball.2bpp gfx/items/premier_ball.png
rgbgfx -c dmg -Weverything -o gfx/items/cherish_ball.2bpp gfx/items/cherish_ball.png
rgbgfx -c dmg -Weverything -o gfx/items/potion.2bpp gfx/items/potion.png
rgbgfx -c dmg -Weverything -o gfx/items/max_potion.2bpp gfx/items/max_potion.png
rgbgfx -c dmg -Weverything -o gfx/items/antidote.2bpp gfx/items/antidote.png
rgbgfx -c dmg -Weverything -o gfx/items/full_heal.2bpp gfx/items/full_heal.png
rgbgfx -c dmg -Weverything -o gfx/items/revive.2bpp gfx/items/revive.png
rgbgfx -c dmg -Weverything -o gfx/items/max_revive.2bpp gfx/items/max_revive.png
rgbgfx -c dmg -Weverything -o gfx/items/ether.2bpp gfx/items/ether.png
rgbgfx -c dmg -Weverything -o gfx/items/hp_up.2bpp gfx/items/hp_up.png
rgbgfx -c dmg -Weverything -o gfx/items/vitamin.2bpp gfx/items/vitamin.png
rgbgfx -c dmg -Weverything -o gfx/items/rare_candy.2bpp gfx/items/rare_candy.png
rgbgfx -c dmg -Weverything -o gfx/items/pp_up.2bpp gfx/items/pp_up.png
rgbgfx -c dmg -Weverything -o gfx/items/pp_max.2bpp gfx/items/pp_max.png
rgbgfx -c dmg -Weverything -o gfx/items/fresh_water.2bpp gfx/items/fresh_water.png
rgbgfx -c dmg -Weverything -o gfx/items/soda_pop.2bpp gfx/items/soda_pop.png
rgbgfx -c dmg -Weverything -o gfx/items/lemonade.2bpp gfx/items/lemonade.png
rgbgfx -c dmg -Weverything -o gfx/items/moomoo_milk.2bpp gfx/items/moomoo_milk.png
rgbgfx -c dmg -Weverything -o gfx/items/ragecandybar.2bpp gfx/items/ragecandybar.png
rgbgfx -c dmg -Weverything -o gfx/items/pewtercrunch.2bpp gfx/items/pewtercrunch.png
rgbgfx -c dmg -Weverything -o gfx/items/sand.2bpp gfx/items/sand.png
rgbgfx -c dmg -Weverything -o gfx/items/powder.2bpp gfx/items/powder.png
rgbgfx -c dmg -Weverything -o gfx/items/energy_root.2bpp gfx/items/energy_root.png
rgbgfx -c dmg -Weverything -o gfx/items/revival_herb.2bpp gfx/items/revival_herb.png
rgbgfx -c dmg -Weverything -o gfx/items/battle_item.2bpp gfx/items/battle_item.png
rgbgfx -c dmg -Weverything -o gfx/items/repel.2bpp gfx/items/repel.png
rgbgfx -c dmg -Weverything -o gfx/items/escape_rope.2bpp gfx/items/escape_rope.png
rgbgfx -c dmg -Weverything -o gfx/items/poke_doll.2bpp gfx/items/poke_doll.png
rgbgfx -c dmg -Weverything -o gfx/items/ability_cap.2bpp gfx/items/ability_cap.png
rgbgfx -c dmg -Weverything -o gfx/items/leaf_stone.2bpp gfx/items/leaf_stone.png
rgbgfx -c dmg -Weverything -o gfx/items/fire_stone.2bpp gfx/items/fire_stone.png
rgbgfx -c dmg -Weverything -o gfx/items/water_stone.2bpp gfx/items/water_stone.png
rgbgfx -c dmg -Weverything -o gfx/items/thunderstone.2bpp gfx/items/thunderstone.png
rgbgfx -c dmg -Weverything -o gfx/items/moon_stone.2bpp gfx/items/moon_stone.png
rgbgfx -c dmg -Weverything -o gfx/items/sun_stone.2bpp gfx/items/sun_stone.png
rgbgfx -c dmg -Weverything -o gfx/items/dusk_stone.2bpp gfx/items/dusk_stone.png
rgbgfx -c dmg -Weverything -o gfx/items/oval_stone.2bpp gfx/items/oval_stone.png
rgbgfx -c dmg -Weverything -o gfx/items/shiny_stone.2bpp gfx/items/shiny_stone.png
rgbgfx -c dmg -Weverything -o gfx/items/ice_stone.2bpp gfx/items/ice_stone.png
rgbgfx -c dmg -Weverything -o gfx/items/everstone.2bpp gfx/items/everstone.png
rgbgfx -c dmg -Weverything -o gfx/items/exp_share.2bpp gfx/items/exp_share.png
rgbgfx -c dmg -Weverything -o gfx/items/cheri_berry.2bpp gfx/items/cheri_berry.png
rgbgfx -c dmg -Weverything -o gfx/items/chesto_berry.2bpp gfx/items/chesto_berry.png
rgbgfx -c dmg -Weverything -o gfx/items/pecha_berry.2bpp gfx/items/pecha_berry.png
rgbgfx -c dmg -Weverything -o gfx/items/rawst_berry.2bpp gfx/items/rawst_berry.png
rgbgfx -c dmg -Weverything -o gfx/items/aspear_berry.2bpp gfx/items/aspear_berry.png
rgbgfx -c dmg -Weverything -o gfx/items/leppa_berry.2bpp gfx/items/leppa_berry.png
rgbgfx -c dmg -Weverything -o gfx/items/oran_berry.2bpp gfx/items/oran_berry.png
rgbgfx -c dmg -Weverything -o gfx/items/persim_berry.2bpp gfx/items/persim_berry.png
rgbgfx -c dmg -Weverything -o gfx/items/lum_berry.2bpp gfx/items/lum_berry.png
rgbgfx -c dmg -Weverything -o gfx/items/sitrus_berry.2bpp gfx/items/sitrus_berry.png
rgbgfx -c dmg -Weverything -o gfx/items/figy_berry.2bpp gfx/items/figy_berry.png
rgbgfx -c dmg -Weverything -o gfx/items/pomeg_berry.2bpp gfx/items/pomeg_berry.png
rgbgfx -c dmg -Weverything -o gfx/items/kelpsy_berry.2bpp gfx/items/kelpsy_berry.png
rgbgfx -c dmg -Weverything -o gfx/items/qualot_berry.2bpp gfx/items/qualot_berry.png
rgbgfx -c dmg -Weverything -o gfx/items/hondew_berry.2bpp gfx/items/hondew_berry.png
rgbgfx -c dmg -Weverything -o gfx/items/grepa_berry.2bpp gfx/items/grepa_berry.png
rgbgfx -c dmg -Weverything -o gfx/items/tamato_berry.2bpp gfx/items/tamato_berry.png
rgbgfx -c dmg -Weverything -o gfx/items/liechi_berry.2bpp gfx/items/liechi_berry.png
rgbgfx -c dmg -Weverything -o gfx/items/ganlon_berry.2bpp gfx/items/ganlon_berry.png
rgbgfx -c dmg -Weverything -o gfx/items/salac_berry.2bpp gfx/items/salac_berry.png
rgbgfx -c dmg -Weverything -o gfx/items/petaya_berry.2bpp gfx/items/petaya_berry.png
rgbgfx -c dmg -Weverything -o gfx/items/apicot_berry.2bpp gfx/items/apicot_berry.png
rgbgfx -c dmg -Weverything -o gfx/items/lansat_berry.2bpp gfx/items/lansat_berry.png
rgbgfx -c dmg -Weverything -o gfx/items/starf_berry.2bpp gfx/items/starf_berry.png
rgbgfx -c dmg -Weverything -o gfx/items/enigma_berry.2bpp gfx/items/enigma_berry.png
rgbgfx -c dmg -Weverything -o gfx/items/custap_berry.2bpp gfx/items/custap_berry.png
rgbgfx -c dmg -Weverything -o gfx/items/jaboca_berry.2bpp gfx/items/jaboca_berry.png
rgbgfx -c dmg -Weverything -o gfx/items/rowap_berry.2bpp gfx/items/rowap_berry.png
rgbgfx -c dmg -Weverything -o gfx/items/kee_berry.2bpp gfx/items/kee_berry.png
rgbgfx -c dmg -Weverything -o gfx/items/marangaberry.2bpp gfx/items/marangaberry.png
rgbgfx -c dmg -Weverything -o gfx/items/berry_juice.2bpp gfx/items/berry_juice.png
rgbgfx -c dmg -Weverything -o gfx/items/scarf.2bpp gfx/items/scarf.png
rgbgfx -c dmg -Weverything -o gfx/items/black_belt.2bpp gfx/items/black_belt.png
rgbgfx -c dmg -Weverything -o gfx/items/sharp_beak.2bpp gfx/items/sharp_beak.png
rgbgfx -c dmg -Weverything -o gfx/items/poison_barb.2bpp gfx/items/poison_barb.png
rgbgfx -c dmg -Weverything -o gfx/items/hard_stone.2bpp gfx/items/hard_stone.png
rgbgfx -c dmg -Weverything -o gfx/items/spell_tag.2bpp gfx/items/spell_tag.png
rgbgfx -c dmg -Weverything -o gfx/items/metal_coat.2bpp gfx/items/metal_coat.png
rgbgfx -c dmg -Weverything -o gfx/items/charcoal.2bpp gfx/items/charcoal.png
rgbgfx -c dmg -Weverything -o gfx/items/mystic_water.2bpp gfx/items/mystic_water.png
rgbgfx -c dmg -Weverything -o gfx/items/miracle_seed.2bpp gfx/items/miracle_seed.png
rgbgfx -c dmg -Weverything -o gfx/items/magnet.2bpp gfx/items/magnet.png
rgbgfx -c dmg -Weverything -o gfx/items/twistedspoon.2bpp gfx/items/twistedspoon.png
rgbgfx -c dmg -Weverything -o gfx/items/nevermeltice.2bpp gfx/items/nevermeltice.png
rgbgfx -c dmg -Weverything -o gfx/items/dragon_fang.2bpp gfx/items/dragon_fang.png
rgbgfx -c dmg -Weverything -o gfx/items/blackglasses.2bpp gfx/items/blackglasses.png
rgbgfx -c dmg -Weverything -o gfx/items/fairyfeather.2bpp gfx/items/fairyfeather.png
rgbgfx -c dmg -Weverything -o gfx/items/scope_lens.2bpp gfx/items/scope_lens.png
rgbgfx -c dmg -Weverything -o gfx/items/quick_claw.2bpp gfx/items/quick_claw.png
rgbgfx -c dmg -Weverything -o gfx/items/kings_rock.2bpp gfx/items/kings_rock.png
rgbgfx -c dmg -Weverything -o gfx/items/focus_band.2bpp gfx/items/focus_band.png
rgbgfx -c dmg -Weverything -o gfx/items/leftovers.2bpp gfx/items/leftovers.png
rgbgfx -c dmg -Weverything -o gfx/items/lucky_egg.2bpp gfx/items/lucky_egg.png
rgbgfx -c dmg -Weverything -o gfx/items/amulet_coin.2bpp gfx/items/amulet_coin.png
rgbgfx -c dmg -Weverything -o gfx/items/cleanse_tag.2bpp gfx/items/cleanse_tag.png
rgbgfx -c dmg -Weverything -o gfx/items/smoke_ball.2bpp gfx/items/smoke_ball.png
rgbgfx -c dmg -Weverything -o gfx/items/berserk_gene.2bpp gfx/items/berserk_gene.png
rgbgfx -c dmg -Weverything -o gfx/items/light_ball.2bpp gfx/items/light_ball.png
rgbgfx -c dmg -Weverything -o gfx/items/leek.2bpp gfx/items/leek.png
rgbgfx -c dmg -Weverything -o gfx/items/bone.2bpp gfx/items/bone.png
rgbgfx -c dmg -Weverything -o gfx/items/lucky_punch.2bpp gfx/items/lucky_punch.png
rgbgfx -c dmg -Weverything -o gfx/items/armor_suit.2bpp gfx/items/armor_suit.png
rgbgfx -c dmg -Weverything -o gfx/items/air_balloon.2bpp gfx/items/air_balloon.png
rgbgfx -c dmg -Weverything -o gfx/items/assault_vest.2bpp gfx/items/assault_vest.png
rgbgfx -c dmg -Weverything -o gfx/items/big_root.2bpp gfx/items/big_root.png
rgbgfx -c dmg -Weverything -o gfx/items/binding_band.2bpp gfx/items/binding_band.png
rgbgfx -c dmg -Weverything -o gfx/items/destiny_knot.2bpp gfx/items/destiny_knot.png
rgbgfx -c dmg -Weverything -o gfx/items/eviolite.2bpp gfx/items/eviolite.png
rgbgfx -c dmg -Weverything -o gfx/items/expert_belt.2bpp gfx/items/expert_belt.png
rgbgfx -c dmg -Weverything -o gfx/items/focus_sash.2bpp gfx/items/focus_sash.png
rgbgfx -c dmg -Weverything -o gfx/items/grip_claw.2bpp gfx/items/grip_claw.png
rgbgfx -c dmg -Weverything -o gfx/items/life_orb.2bpp gfx/items/life_orb.png
rgbgfx -c dmg -Weverything -o gfx/items/light_clay.2bpp gfx/items/light_clay.png
rgbgfx -c dmg -Weverything -o gfx/items/metronome_i.2bpp gfx/items/metronome_i.png
rgbgfx -c dmg -Weverything -o gfx/items/muscle_band.2bpp gfx/items/muscle_band.png
rgbgfx -c dmg -Weverything -o gfx/items/protect_pads.2bpp gfx/items/protect_pads.png
rgbgfx -c dmg -Weverything -o gfx/items/rocky_helmet.2bpp gfx/items/rocky_helmet.png
rgbgfx -c dmg -Weverything -o gfx/items/safe_goggles.2bpp gfx/items/safe_goggles.png
rgbgfx -c dmg -Weverything -o gfx/items/shed_shell.2bpp gfx/items/shed_shell.png
rgbgfx -c dmg -Weverything -o gfx/items/shell_bell.2bpp gfx/items/shell_bell.png
rgbgfx -c dmg -Weverything -o gfx/items/soothe_bell.2bpp gfx/items/soothe_bell.png
rgbgfx -c dmg -Weverything -o gfx/items/policy.2bpp gfx/items/policy.png
rgbgfx -c dmg -Weverything -o gfx/items/wide_lens.2bpp gfx/items/wide_lens.png
rgbgfx -c dmg -Weverything -o gfx/items/wise_glasses.2bpp gfx/items/wise_glasses.png
rgbgfx -c dmg -Weverything -o gfx/items/zoom_lens.2bpp gfx/items/zoom_lens.png
rgbgfx -c dmg -Weverything -o gfx/items/eject_button.2bpp gfx/items/eject_button.png
rgbgfx -c dmg -Weverything -o gfx/items/lagging_tail.2bpp gfx/items/lagging_tail.png
rgbgfx -c dmg -Weverything -o gfx/items/iron_ball.2bpp gfx/items/iron_ball.png
rgbgfx -c dmg -Weverything -o gfx/items/red_card.2bpp gfx/items/red_card.png
rgbgfx -c dmg -Weverything -o gfx/items/eject_pack.2bpp gfx/items/eject_pack.png
rgbgfx -c dmg -Weverything -o gfx/items/room_service.2bpp gfx/items/room_service.png
rgbgfx -c dmg -Weverything -o gfx/items/clear_amulet.2bpp gfx/items/clear_amulet.png
rgbgfx -c dmg -Weverything -o gfx/items/mirror_herb.2bpp gfx/items/mirror_herb.png
rgbgfx -c dmg -Weverything -o gfx/items/punchinglove.2bpp gfx/items/punchinglove.png
rgbgfx -c dmg -Weverything -o gfx/items/covert_cloak.2bpp gfx/items/covert_cloak.png
rgbgfx -c dmg -Weverything -o gfx/items/loaded_dice.2bpp gfx/items/loaded_dice.png
rgbgfx -c dmg -Weverything -o gfx/items/throat_spray.2bpp gfx/items/throat_spray.png
rgbgfx -c dmg -Weverything -o gfx/items/heavy_boots.2bpp gfx/items/heavy_boots.png
rgbgfx -c dmg -Weverything -o gfx/items/herb.2bpp gfx/items/herb.png
rgbgfx -c dmg -Weverything -o gfx/items/damp_rock.2bpp gfx/items/damp_rock.png
rgbgfx -c dmg -Weverything -o gfx/items/heat_rock.2bpp gfx/items/heat_rock.png
rgbgfx -c dmg -Weverything -o gfx/items/smooth_rock.2bpp gfx/items/smooth_rock.png
rgbgfx -c dmg -Weverything -o gfx/items/icy_rock.2bpp gfx/items/icy_rock.png
rgbgfx -c dmg -Weverything -o gfx/items/choice_band.2bpp gfx/items/choice_band.png
rgbgfx -c dmg -Weverything -o gfx/items/choice_specs.2bpp gfx/items/choice_specs.png
rgbgfx -c dmg -Weverything -o gfx/items/flame_orb.2bpp gfx/items/flame_orb.png
rgbgfx -c dmg -Weverything -o gfx/items/toxic_orb.2bpp gfx/items/toxic_orb.png
rgbgfx -c dmg -Weverything -o gfx/items/black_sludge.2bpp gfx/items/black_sludge.png
rgbgfx -c dmg -Weverything -o gfx/items/macho_brace.2bpp gfx/items/macho_brace.png
rgbgfx -c dmg -Weverything -o gfx/items/power_weight.2bpp gfx/items/power_weight.png
rgbgfx -c dmg -Weverything -o gfx/items/power_bracer.2bpp gfx/items/power_bracer.png
rgbgfx -c dmg -Weverything -o gfx/items/power_belt.2bpp gfx/items/power_belt.png
rgbgfx -c dmg -Weverything -o gfx/items/power_lens.2bpp gfx/items/power_lens.png
rgbgfx -c dmg -Weverything -o gfx/items/power_band.2bpp gfx/items/power_band.png
rgbgfx -c dmg -Weverything -o gfx/items/power_anklet.2bpp gfx/items/power_anklet.png
rgbgfx -c dmg -Weverything -o gfx/items/dragon_scale.2bpp gfx/items/dragon_scale.png
rgbgfx -c dmg -Weverything -o gfx/items/upgrade.2bpp gfx/items/upgrade.png
rgbgfx -c dmg -Weverything -o gfx/items/dubious_disc.2bpp gfx/items/dubious_disc.png
rgbgfx -c dmg -Weverything -o gfx/items/protector.2bpp gfx/items/protector.png
rgbgfx -c dmg -Weverything -o gfx/items/electirizer.2bpp gfx/items/electirizer.png
rgbgfx -c dmg -Weverything -o gfx/items/magmarizer.2bpp gfx/items/magmarizer.png
rgbgfx -c dmg -Weverything -o gfx/items/razor_fang.2bpp gfx/items/razor_fang.png
rgbgfx -c dmg -Weverything -o gfx/items/razor_claw.2bpp gfx/items/razor_claw.png
rgbgfx -c dmg -Weverything -o gfx/items/odd_souvenir.2bpp gfx/items/odd_souvenir.png
rgbgfx -c dmg -Weverything -o gfx/items/linking_cord.2bpp gfx/items/linking_cord.png
rgbgfx -c dmg -Weverything -o gfx/items/nugget.2bpp gfx/items/nugget.png
rgbgfx -c dmg -Weverything -o gfx/items/big_nugget.2bpp gfx/items/big_nugget.png
rgbgfx -c dmg -Weverything -o gfx/items/tinymushroom.2bpp gfx/items/tinymushroom.png
rgbgfx -c dmg -Weverything -o gfx/items/big_mushroom.2bpp gfx/items/big_mushroom.png
rgbgfx -c dmg -Weverything -o gfx/items/balmmushroom.2bpp gfx/items/balmmushroom.png
rgbgfx -c dmg -Weverything -o gfx/items/pearl.2bpp gfx/items/pearl.png
rgbgfx -c dmg -Weverything -o gfx/items/big_pearl.2bpp gfx/items/big_pearl.png
rgbgfx -c dmg -Weverything -o gfx/items/pearl_string.2bpp gfx/items/pearl_string.png
rgbgfx -c dmg -Weverything -o gfx/items/star_piece.2bpp gfx/items/star_piece.png
rgbgfx -c dmg -Weverything -o gfx/items/brick_piece.2bpp gfx/items/brick_piece.png
rgbgfx -c dmg -Weverything -o gfx/items/leaf.2bpp gfx/items/leaf.png
rgbgfx -c dmg -Weverything -o gfx/items/slowpoketail.2bpp gfx/items/slowpoketail.png
rgbgfx -c dmg -Weverything -o gfx/items/bottle_cap.2bpp gfx/items/bottle_cap.png
rgbgfx -c dmg -Weverything -o gfx/items/helix_fossil.2bpp gfx/items/helix_fossil.png
rgbgfx -c dmg -Weverything -o gfx/items/dome_fossil.2bpp gfx/items/dome_fossil.png
rgbgfx -c dmg -Weverything -o gfx/items/old_amber.2bpp gfx/items/old_amber.png
rgbgfx -c dmg -Weverything -o gfx/items/mulch.2bpp gfx/items/mulch.png
rgbgfx -c dmg -Weverything -o gfx/items/sweet_honey.2bpp gfx/items/sweet_honey.png
rgbgfx -c dmg -Weverything -o gfx/items/mint_leaf.2bpp gfx/items/mint_leaf.png
rgbgfx -c dmg -Weverything -o gfx/items/flower_mail.2bpp gfx/items/flower_mail.png
rgbgfx -c dmg -Weverything -o gfx/items/mail.2bpp gfx/items/mail.png
rgbgfx -c dmg -Weverything -o gfx/items/portraitmail.2bpp gfx/items/portraitmail.png
rgbgfx -c dmg -Weverything -o gfx/items/lovely_mail.2bpp gfx/items/lovely_mail.png
rgbgfx -c dmg -Weverything -o gfx/items/eon_mail.2bpp gfx/items/eon_mail.png
rgbgfx -c dmg -Weverything -o gfx/items/morph_mail.2bpp gfx/items/morph_mail.png
rgbgfx -c dmg -Weverything -o gfx/items/bluesky_mail.2bpp gfx/items/bluesky_mail.png
rgbgfx -c dmg -Weverything -o gfx/items/music_mail.2bpp gfx/items/music_mail.png
rgbgfx -c dmg -Weverything -o gfx/items/mirage_mail.2bpp gfx/items/mirage_mail.png
rgbgfx -c dmg -Weverything -o gfx/items/tm_hm.2bpp gfx/items/tm_hm.png
rgbgfx -c dmg -Weverything -o gfx/items/apricorn.2bpp gfx/items/apricorn.png
rgbgfx -c dmg -Weverything -o gfx/items/wing.2bpp gfx/items/wing.png
rgbgfx -c dmg -Weverything -o gfx/items/park_ball.2bpp gfx/items/park_ball.png
rgbgfx -c dmg -Weverything -o gfx/items/bicycle.2bpp gfx/items/bicycle.png
rgbgfx -c dmg -Weverything -o gfx/items/old_rod.2bpp gfx/items/old_rod.png
rgbgfx -c dmg -Weverything -o gfx/items/good_rod.2bpp gfx/items/good_rod.png
rgbgfx -c dmg -Weverything -o gfx/items/super_rod.2bpp gfx/items/super_rod.png
rgbgfx -c dmg -Weverything -o gfx/items/coin_case.2bpp gfx/items/coin_case.png
rgbgfx -c dmg -Weverything -o gfx/items/itemfinder.2bpp gfx/items/itemfinder.png
rgbgfx -c dmg -Weverything -o gfx/items/mystery_egg.2bpp gfx/items/mystery_egg.png
rgbgfx -c dmg -Weverything -o gfx/items/squirtbottle.2bpp gfx/items/squirtbottle.png
rgbgfx -c dmg -Weverything -o gfx/items/secretpotion.2bpp gfx/items/secretpotion.png
rgbgfx -c dmg -Weverything -o gfx/items/go_goggles.2bpp gfx/items/go_goggles.png
rgbgfx -c dmg -Weverything -o gfx/items/red_scale.2bpp gfx/items/red_scale.png
rgbgfx -c dmg -Weverything -o gfx/items/card_key.2bpp gfx/items/card_key.png
rgbgfx -c dmg -Weverything -o gfx/items/basement_key.2bpp gfx/items/basement_key.png
rgbgfx -c dmg -Weverything -o gfx/items/s_s_ticket.2bpp gfx/items/s_s_ticket.png
rgbgfx -c dmg -Weverything -o gfx/items/pass.2bpp gfx/items/pass.png
rgbgfx -c dmg -Weverything -o gfx/items/machine_part.2bpp gfx/items/machine_part.png
rgbgfx -c dmg -Weverything -o gfx/items/lost_item.2bpp gfx/items/lost_item.png
rgbgfx -c dmg -Weverything -o gfx/items/rainbow_wing.2bpp gfx/items/rainbow_wing.png
rgbgfx -c dmg -Weverything -o gfx/items/silver_wing.2bpp gfx/items/silver_wing.png
rgbgfx -c dmg -Weverything -o gfx/items/clear_bell.2bpp gfx/items/clear_bell.png
rgbgfx -c dmg -Weverything -o gfx/items/gs_ball.2bpp gfx/items/gs_ball.png
rgbgfx -c dmg -Weverything -o gfx/items/blue_card.2bpp gfx/items/blue_card.png
rgbgfx -c dmg -Weverything -o gfx/items/orangeticket.2bpp gfx/items/orangeticket.png
rgbgfx -c dmg -Weverything -o gfx/items/mysticticket.2bpp gfx/items/mysticticket.png
rgbgfx -c dmg -Weverything -o gfx/items/old_sea_map.2bpp gfx/items/old_sea_map.png
rgbgfx -c dmg -Weverything -o gfx/items/shiny_charm.2bpp gfx/items/shiny_charm.png
rgbgfx -c dmg -Weverything -o gfx/items/oval_charm.2bpp gfx/items/oval_charm.png
rgbgfx -c dmg -Weverything -o gfx/items/catch_charm.2bpp gfx/items/catch_charm.png
rgbgfx -c dmg -Weverything -o gfx/items/candy_jar.2bpp gfx/items/candy_jar.png
rgbgfx -c dmg -Weverything -o gfx/items/wing_case.2bpp gfx/items/wing_case.png
rgbgfx -c dmg -Weverything -o gfx/items/silphscope2.2bpp gfx/items/silphscope2.png
rgbgfx -c dmg -Weverything -o gfx/items/apricorn_box.2bpp gfx/items/apricorn_box.png
rgbgfx -c dmg -Weverything -o gfx/items/type_chart.2bpp gfx/items/type_chart.png
rgbgfx -c dmg -Weverything -o gfx/items/gbc_sounds.2bpp gfx/items/gbc_sounds.png
rgbgfx -c dmg -Weverything -o gfx/items/lure.2bpp gfx/items/lure.png
rgbgfx -c dmg -Weverything -o gfx/items/exp_candy_xs.2bpp gfx/items/exp_candy_xs.png
rgbgfx -c dmg -Weverything -o gfx/items/exp_candy_s.2bpp gfx/items/exp_candy_s.png
rgbgfx -c dmg -Weverything -o gfx/items/exp_candy_m.2bpp gfx/items/exp_candy_m.png
rgbgfx -c dmg -Weverything -o gfx/items/exp_candy_l.2bpp gfx/items/exp_candy_l.png
rgbgfx -c dmg -Weverything -o gfx/items/exp_candy_xl.2bpp gfx/items/exp_candy_xl.png
rgbgfx -c dmg -Weverything -o gfx/items/lift_key.2bpp gfx/items/lift_key.png
rgbgfx -c dmg -Weverything -o gfx/items/pokedex.2bpp gfx/items/pokedex.png
rgbgfx -c dmg -Weverything -o gfx/items/pokegear.2bpp gfx/items/pokegear.png
rgbgfx -c dmg -Weverything -o gfx/tilesets/roofs/new_bark.2bpp gfx/tilesets/roofs/new_bark.png
rgbgfx -c dmg -Weverything -o gfx/tilesets/roofs/violet.2bpp gfx/tilesets/roofs/violet.png
rgbgfx -c dmg -Weverything -o gfx/tilesets/roofs/azalea.2bpp gfx/tilesets/roofs/azalea.png
rgbgfx -c dmg -Weverything -o gfx/tilesets/roofs/olivine.2bpp gfx/tilesets/roofs/olivine.png
rgbgfx -c dmg -Weverything -o gfx/tilesets/roofs/park.2bpp gfx/tilesets/roofs/park.png
rgbgfx -c dmg -Weverything -o gfx/tilesets/roofs/sinjoh.2bpp gfx/tilesets/roofs/sinjoh.png
rgbgfx -c dmg -Weverything -o gfx/signs/wood.2bpp gfx/signs/wood.png
rgbgfx -c dmg -Weverything -o gfx/signs/city.2bpp gfx/signs/city.png
rgbgfx -c dmg -Weverything -o gfx/signs/forest.2bpp gfx/signs/forest.png
rgbgfx -c dmg -Weverything -o gfx/signs/cave.2bpp gfx/signs/cave.png
rgbgfx -c dmg -Weverything -o gfx/signs/route.2bpp gfx/signs/route.png
rgbgfx -c dmg -Weverything -o gfx/signs/water.2bpp gfx/signs/water.png
rgbgfx -c dmg -Weverything -o gfx/signs/building.2bpp gfx/signs/building.png
rgbgfx -c dmg -Weverything -o gfx/overworld/puddle_splash.2bpp gfx/overworld/puddle_splash.png
rgbgfx -c dmg -Weverything -o gfx/overworld/cut_grass.2bpp gfx/overworld/cut_grass.png
rgbgfx -c dmg -Weverything -o gfx/overworld/cut_tree.2bpp gfx/overworld/cut_tree.png
rgbgfx -c dmg -Weverything -o gfx/overworld/heal_machine.2bpp gfx/overworld/heal_machine.png
rgbgfx -c dmg -Weverything -o gfx/overworld/fishing_rod.2bpp gfx/overworld/fishing_rod.png
rgbgfx -c dmg -Weverything -o gfx/overworld/shadow.2bpp gfx/overworld/shadow.png
rgbgfx -c dmg -Weverything -o gfx/overworld/shaking_grass.2bpp gfx/overworld/shaking_grass.png
rgbgfx -c dmg -Weverything -o gfx/overworld/boulder_dust.2bpp gfx/overworld/boulder_dust.png
rgbgfx -c dmg -Weverything -o gfx/overworld/headbutt_tree.2bpp gfx/overworld/headbutt_tree.png
rgbgfx -c dmg -Weverything -o gfx/overworld/headbutt_tree_2.2bpp gfx/overworld/headbutt_tree_2.png
rgbgfx -c dmg -Weverything -o gfx/overworld/rain_splash.2bpp gfx/overworld/rain_splash.png
rgbgfx -c dmg -Weverything -o gfx/overworld/snow.2bpp gfx/overworld/snow.png
rgbgfx -c dmg -Weverything -o gfx/overworld/sand.2bpp gfx/overworld/sand.png
rgbgfx -c dmg -Weverything -o gfx/overworld/cherry_blossom.2bpp gfx/overworld/cherry_blossom.png
rgbgfx -c dmg -Weverything -o gfx/tilesets/animations/coast_sand.2bpp gfx/tilesets/animations/coast_sand.png
rgbgfx -c dmg -Weverything -o gfx/overworld/chris_fish.2bpp gfx/overworld/chris_fish.png
rgbgfx -c dmg -Weverything -o gfx/overworld/kris_fish.2bpp gfx/overworld/kris_fish.png
rgbgfx -c dmg -Weverything -o gfx/overworld/crys_fish.2bpp gfx/overworld/crys_fish.png
rgbgfx -c dmg -Weverything -o gfx/overworld/beta_fish.2bpp gfx/overworld/beta_fish.png
rgbgfx -c dmg -Weverything -o gfx/overworld/chris_surf_fish.2bpp gfx/overworld/chris_surf_fish.png
rgbgfx -c dmg -Weverything -o gfx/overworld/kris_surf_fish.2bpp gfx/overworld/kris_surf_fish.png
rgbgfx -c dmg -Weverything -o gfx/overworld/crys_surf_fish.2bpp gfx/overworld/crys_surf_fish.png
rgbgfx -c dmg -Weverything -o gfx/overworld/beta_surf_fish.2bpp gfx/overworld/beta_surf_fish.png
tools/fine_print -c 013 -s 0 '@ 1 9 9 5 - 2 0 2 6    N i nte n d o       C re at u re s   i n c .       G A M E   F R E A K   i' gfx/splash/copyright.2bpp
rgbgfx -c dmg -Weverything -Z -o gfx/new_game/shrink1.2bpp gfx/new_game/shrink1.png
rgbgfx -c dmg -Weverything -Z -o gfx/new_game/shrink2.2bpp gfx/new_game/shrink2.png
rgbgfx -c dmg -Weverything -o gfx/credits/border.2bpp gfx/credits/border.png
rgbgfx -c dmg -Weverything -o gfx/credits/theend.2bpp gfx/credits/theend.png
rgbgfx -c dmg -Weverything -o gfx/credits/sequence1.2bpp gfx/credits/sequence1.png
rgbgfx -c dmg -Weverything -o gfx/credits/sequence2.2bpp gfx/credits/sequence2.png
rgbgfx -c dmg -Weverything -o gfx/trade/border.2bpp gfx/trade/border.png
rgbgfx -c dmg -Weverything -o gfx/trade/textbox.2bpp gfx/trade/textbox.png
rgbgfx -c dmg -Weverything -o gfx/trade/poof.2bpp gfx/trade/poof.png
rgbgfx -c dmg -Weverything -o gfx/trade/cable.2bpp gfx/trade/cable.png
rgbgfx -c dmg -Weverything -o gfx/trade/bubble.2bpp gfx/trade/bubble.png
rgbgfx -c dmg -Weverything -o gfx/trade/game_boy.2bpp gfx/trade/game_boy.png
rgbgfx -c dmg -Weverything -o gfx/trade/link_cable.2bpp gfx/trade/link_cable.png
tools/lzpcompress -- gfx/trade/background.tilemap gfx/trade/background.tilemap.lzp
tools/lzpcompress -- gfx/trade/background.attrmap gfx/trade/background.attrmap.lzp
tools/gfx --remove-duplicates --remove-xflip --remove-yflip --remove-whitespace -o gfx/trade/game_boy.2bpp gfx/trade/game_boy.2bpp
tools/gfx --remove-duplicates --remove-whitespace -o gfx/trade/link_cable.2bpp gfx/trade/link_cable.2bpp
rgbgfx -c dmg -Weverything -o gfx/evo/spotlight.2bpp gfx/evo/spotlight.png
rgbgfx -c dmg -Weverything -o gfx/evo/bubble.2bpp gfx/evo/bubble.png
rgbgfx -c dmg -Weverything -o gfx/evo/egg_hatch.2bpp gfx/evo/egg_hatch.png
rgbgfx -c dmg -Weverything -o gfx/stats/summary.2bpp gfx/stats/summary.png
rgbgfx -c dmg -Weverything -o gfx/stats/summary_sprites.2bpp gfx/stats/summary_sprites.png
tools/gfx --trim-whitespace -o gfx/evo/bubble.2bpp gfx/evo/bubble.2bpp
rgbgfx -c dmg -Weverything -o gfx/stats/balls.2bpp gfx/stats/balls.png
rgbgfx -c dmg -Weverything -o gfx/town_map/town_map.2bpp gfx/town_map/town_map.png
rgbgfx -c dmg -Weverything -o gfx/pack/pack_m0.2bpp gfx/pack/pack_m0.png
rgbgfx -c dmg -Weverything -o gfx/pack/pack_m1.2bpp gfx/pack/pack_m1.png
rgbgfx -c dmg -Weverything -o gfx/pack/pack_m2.2bpp gfx/pack/pack_m2.png
tools/gfx --trim-whitespace -o gfx/town_map/town_map.2bpp gfx/town_map/town_map.2bpp
rgbgfx -c dmg -Weverything -o gfx/pack/pack_m3.2bpp gfx/pack/pack_m3.png
rgbgfx -c dmg -Weverything -o gfx/pack/pack_m4.2bpp gfx/pack/pack_m4.png
rgbgfx -c dmg -Weverything -o gfx/pack/pack_m5.2bpp gfx/pack/pack_m5.png
rgbgfx -c dmg -Weverything -o gfx/pack/pack_f0.2bpp gfx/pack/pack_f0.png
rgbgfx -c dmg -Weverything -o gfx/pack/pack_f1.2bpp gfx/pack/pack_f1.png
rgbgfx -c dmg -Weverything -o gfx/pack/pack_f2.2bpp gfx/pack/pack_f2.png
rgbgfx -c dmg -Weverything -o gfx/pack/pack_f3.2bpp gfx/pack/pack_f3.png
rgbgfx -c dmg -Weverything -o gfx/pack/pack_f4.2bpp gfx/pack/pack_f4.png
rgbgfx -c dmg -Weverything -o gfx/pack/pack_f5.2bpp gfx/pack/pack_f5.png
rgbgfx -c dmg -Weverything -o gfx/pack/pack_x0.2bpp gfx/pack/pack_x0.png
rgbgfx -c dmg -Weverything -o gfx/pack/pack_x1.2bpp gfx/pack/pack_x1.png
rgbgfx -c dmg -Weverything -o gfx/pack/pack_x2.2bpp gfx/pack/pack_x2.png
rgbgfx -c dmg -Weverything -o gfx/pack/pack_x3.2bpp gfx/pack/pack_x3.png
rgbgfx -c dmg -Weverything -o gfx/pack/pack_x4.2bpp gfx/pack/pack_x4.png
rgbgfx -c dmg -Weverything -o gfx/pack/pack_x5.2bpp gfx/pack/pack_x5.png
rgbgfx -c dmg -Weverything -o gfx/pack/pack_b0.2bpp gfx/pack/pack_b0.png
rgbgfx -c dmg -Weverything -o gfx/pack/pack_b1.2bpp gfx/pack/pack_b1.png
rgbgfx -c dmg -Weverything -o gfx/pack/pack_b2.2bpp gfx/pack/pack_b2.png
rgbgfx -c dmg -Weverything -o gfx/pack/pack_b3.2bpp gfx/pack/pack_b3.png
rgbgfx -c dmg -Weverything -o gfx/pack/pack_b4.2bpp gfx/pack/pack_b4.png
rgbgfx -c dmg -Weverything -o gfx/pack/pack_b5.2bpp gfx/pack/pack_b5.png
rgbgfx -c dmg -Weverything -Z -o gfx/player/chris_back.2bpp gfx/player/chris_back.png
rgbgfx -c dmg -Weverything -Z -o gfx/player/kris_back.2bpp gfx/player/kris_back.png
rgbgfx -c dmg -Weverything -Z -o gfx/player/crys_back.2bpp gfx/player/crys_back.png
rgbgfx -c dmg -Weverything -Z -o gfx/player/beta_back.2bpp gfx/player/beta_back.png
rgbgfx -c dmg -Weverything -Z -o gfx/battle/lyra_back.2bpp gfx/battle/lyra_back.png
rgbgfx -c dmg -Weverything -o gfx/emotes/shock.2bpp gfx/emotes/shock.png
rgbgfx -c dmg -Weverything -o gfx/emotes/question.2bpp gfx/emotes/question.png
rgbgfx -c dmg -Weverything -o gfx/emotes/happy.2bpp gfx/emotes/happy.png
rgbgfx -c dmg -Weverything -o gfx/emotes/sad.2bpp gfx/emotes/sad.png
rgbgfx -c dmg -Weverything -o gfx/emotes/heart.2bpp gfx/emotes/heart.png
rgbgfx -c dmg -Weverything -o gfx/emotes/bolt.2bpp gfx/emotes/bolt.png
rgbgfx -c dmg -Weverything -o gfx/emotes/sleep.2bpp gfx/emotes/sleep.png
rgbgfx -c dmg -Weverything -o gfx/emotes/fish.2bpp gfx/emotes/fish.png
rgbgfx -c dmg -Weverything -Z -o gfx/battle/substitute-front.2bpp gfx/battle/substitute-front.png
rgbgfx -c dmg -Weverything -Z -o gfx/battle/substitute-back.2bpp gfx/battle/substitute-back.png
rgbgfx -c dmg -Weverything -Z -o gfx/battle/ghost.2bpp gfx/battle/ghost.png
rgbgfx -c dmg -Weverything -o gfx/battle_anims/hit.2bpp gfx/battle_anims/hit.png
rgbgfx -c dmg -Weverything -o gfx/battle_anims/cut.2bpp gfx/battle_anims/cut.png
rgbgfx -c dmg -Weverything -o gfx/battle_anims/fire.2bpp gfx/battle_anims/fire.png
rgbgfx -c dmg -Weverything -o gfx/battle_anims/water.2bpp gfx/battle_anims/water.png
tools/gfx --remove-whitespace -o gfx/battle_anims/hit.2bpp gfx/battle_anims/hit.2bpp
rgbgfx -c dmg -Weverything -o gfx/battle_anims/lightning.2bpp gfx/battle_anims/lightning.png
rgbgfx -c dmg -Weverything -o gfx/battle_anims/smoke.2bpp gfx/battle_anims/smoke.png
rgbgfx -c dmg -Weverything -o gfx/battle_anims/explosion.2bpp gfx/battle_anims/explosion.png
rgbgfx -c dmg -Weverything -o gfx/battle_anims/ice.2bpp gfx/battle_anims/ice.png
tools/gfx --remove-whitespace -o gfx/battle_anims/lightning.2bpp gfx/battle_anims/lightning.2bpp
rgbgfx -c dmg -Weverything -o gfx/battle_anims/rocks.2bpp gfx/battle_anims/rocks.png
tools/gfx --remove-whitespace -o gfx/battle_anims/explosion.2bpp gfx/battle_anims/explosion.2bpp
rgbgfx -c dmg -Weverything -o gfx/battle_anims/poison.2bpp gfx/battle_anims/poison.png
rgbgfx -c dmg -Weverything -o gfx/battle_anims/plant.2bpp gfx/battle_anims/plant.png
tools/gfx --remove-whitespace -o gfx/battle_anims/rocks.2bpp gfx/battle_anims/rocks.2bpp
rgbgfx -c dmg -Weverything -o gfx/battle_anims/bubble.2bpp gfx/battle_anims/bubble.png
rgbgfx -c dmg -Weverything -o gfx/battle_anims/noise.2bpp gfx/battle_anims/noise.png
rgbgfx -c dmg -Weverything -o gfx/battle_anims/reflect.2bpp gfx/battle_anims/reflect.png
rgbgfx -c dmg -Weverything -o gfx/battle_anims/powder.2bpp gfx/battle_anims/powder.png
tools/gfx --trim-whitespace -o gfx/battle_anims/bubble.2bpp gfx/battle_anims/bubble.2bpp
tools/gfx --remove-whitespace -o gfx/battle_anims/noise.2bpp gfx/battle_anims/noise.2bpp
rgbgfx -c dmg -Weverything -o gfx/battle_anims/beam.2bpp gfx/battle_anims/beam.png
tools/gfx --remove-whitespace -o gfx/battle_anims/reflect.2bpp gfx/battle_anims/reflect.2bpp
rgbgfx -c dmg -Weverything -o gfx/battle_anims/speed.2bpp gfx/battle_anims/speed.png
rgbgfx -c dmg -Weverything -o gfx/battle_anims/charge.2bpp gfx/battle_anims/charge.png
tools/gfx --remove-xflip --remove-yflip --remove-whitespace -o gfx/battle_anims/beam.2bpp gfx/battle_anims/beam.2bpp
rgbgfx -c dmg -Weverything -o gfx/battle_anims/wind.2bpp gfx/battle_anims/wind.png
rgbgfx -c dmg -Weverything -o gfx/battle_anims/wind_bg.2bpp gfx/battle_anims/wind_bg.png
rgbgfx -c dmg -Weverything -o gfx/battle_anims/whip.2bpp gfx/battle_anims/whip.png
tools/gfx --trim-whitespace -o gfx/battle_anims/charge.2bpp gfx/battle_anims/charge.2bpp
rgbgfx -c dmg -Weverything -o gfx/battle_anims/rope.2bpp gfx/battle_anims/rope.png
rgbgfx -c dmg -Weverything -o gfx/battle_anims/egg.2bpp gfx/battle_anims/egg.png
rgbgfx -c dmg -Weverything -o gfx/battle_anims/psychic.2bpp gfx/battle_anims/psychic.png
rgbgfx -c dmg -Weverything -o gfx/battle_anims/sand.2bpp gfx/battle_anims/sand.png
rgbgfx -c dmg -Weverything -o gfx/battle_anims/web.2bpp gfx/battle_anims/web.png
tools/gfx --remove-whitespace -o gfx/battle_anims/egg.2bpp gfx/battle_anims/egg.2bpp
rgbgfx -c dmg -Weverything -o gfx/battle_anims/haze.2bpp gfx/battle_anims/haze.png
rgbgfx -c dmg -Weverything -o gfx/battle_anims/horn.2bpp gfx/battle_anims/horn.png
rgbgfx -c dmg -Weverything -o gfx/battle_anims/flower.2bpp gfx/battle_anims/flower.png
rgbgfx -c dmg -Weverything -o gfx/battle_anims/misc.2bpp gfx/battle_anims/misc.png
rgbgfx -c dmg -Weverything -o gfx/battle_anims/skyattack.2bpp gfx/battle_anims/skyattack.png
tools/gfx --remove-whitespace -o gfx/battle_anims/horn.2bpp gfx/battle_anims/horn.2bpp
rgbgfx -c dmg -Weverything -o gfx/battle_anims/globe.2bpp gfx/battle_anims/globe.png
tools/gfx --remove-duplicates --remove-xflip -o gfx/battle_anims/misc.2bpp gfx/battle_anims/misc.2bpp
rgbgfx -c dmg -Weverything -o gfx/battle_anims/moon.2bpp gfx/battle_anims/moon.png
rgbgfx -c dmg -Weverything -o gfx/battle_anims/aurasphere.2bpp gfx/battle_anims/aurasphere.png
tools/gfx --remove-whitespace -o gfx/battle_anims/skyattack.2bpp gfx/battle_anims/skyattack.2bpp
rgbgfx -c dmg -Weverything -o gfx/battle_anims/bugbuzz.2bpp gfx/battle_anims/bugbuzz.png
rgbgfx -c dmg -Weverything -o gfx/battle_anims/midglowclear.2bpp gfx/battle_anims/midglowclear.png
rgbgfx -c dmg -Weverything -o gfx/battle_anims/tear.2bpp gfx/battle_anims/tear.png
rgbgfx -c dmg -Weverything -o gfx/battle_anims/vortex.2bpp gfx/battle_anims/vortex.png
rgbgfx -c dmg -Weverything -o gfx/battle_anims/bulkup.2bpp gfx/battle_anims/bulkup.png
rgbgfx -c dmg -Weverything -o gfx/battle_anims/rings.2bpp gfx/battle_anims/rings.png
rgbgfx -c dmg -Weverything -o gfx/battle_anims/bigrings.2bpp gfx/battle_anims/bigrings.png
rgbgfx -c dmg -Weverything -o gfx/battle_anims/gyroball.2bpp gfx/battle_anims/gyroball.png
rgbgfx -c dmg -Weverything -o gfx/battle_anims/hearts.2bpp gfx/battle_anims/hearts.png
rgbgfx -c dmg -Weverything -o gfx/battle_anims/stars.2bpp gfx/battle_anims/stars.png
rgbgfx -c dmg -Weverything -o gfx/battle_anims/shapes.2bpp gfx/battle_anims/shapes.png
rgbgfx -c dmg -Weverything -o gfx/battle_anims/status.2bpp gfx/battle_anims/status.png
rgbgfx -c dmg -Weverything -o gfx/battle_anims/objects.2bpp gfx/battle_anims/objects.png
rgbgfx -c dmg -Weverything -o gfx/battle_anims/shine.2bpp gfx/battle_anims/shine.png
rgbgfx -c dmg -Weverything -o gfx/battle_anims/angels.2bpp gfx/battle_anims/angels.png
tools/gfx --remove-whitespace -o gfx/battle_anims/status.2bpp gfx/battle_anims/status.2bpp
tools/gfx --remove-whitespace --remove-xflip -o gfx/battle_anims/objects.2bpp gfx/battle_anims/objects.2bpp
rgbgfx -c dmg -Weverything -o gfx/battle_anims/wave.2bpp gfx/battle_anims/wave.png
tools/gfx --trim-whitespace -o gfx/battle_anims/angels.2bpp gfx/battle_anims/angels.2bpp
rgbgfx -c dmg -Weverything -o gfx/battle_anims/aeroblast.2bpp gfx/battle_anims/aeroblast.png
rgbgfx -c dmg -Weverything -o gfx/battle_anims/uturn.2bpp gfx/battle_anims/uturn.png
rgbgfx -c dmg -Weverything -o gfx/battle_anims/misc2.2bpp gfx/battle_anims/misc2.png
rgbgfx -c dmg -Weverything -o gfx/battle_anims/beamaurora.2bpp gfx/battle_anims/beamaurora.png
rgbgfx -c dmg -Weverything -o gfx/battle_anims/smokepuff.2bpp gfx/battle_anims/smokepuff.png
rgbgfx -c dmg -Weverything -o gfx/battle_anims/focusblast.2bpp gfx/battle_anims/focusblast.png
rgbgfx -c dmg -Weverything -o gfx/battle_anims/energyball.2bpp gfx/battle_anims/energyball.png
rgbgfx -c dmg -Weverything -o gfx/battle_anims/trickroom.2bpp gfx/battle_anims/trickroom.png
rgbgfx -c dmg -Weverything -o gfx/battle_anims/bigglowclear.2bpp gfx/battle_anims/bigglowclear.png
rgbgfx -c dmg -Weverything -o gfx/battle_anims/objects2.2bpp gfx/battle_anims/objects2.png
rgbgfx -c dmg -Weverything -o gfx/battle_anims/bigwhip.2bpp gfx/battle_anims/bigwhip.png
rgbgfx -c dmg -Weverything -o gfx/battle_anims/swirl.2bpp gfx/battle_anims/swirl.png
rgbgfx -c dmg -Weverything -o gfx/battle_anims/triangle.2bpp gfx/battle_anims/triangle.png
rgbgfx -c dmg -Weverything -o gfx/battle_anims/mushroom.2bpp gfx/battle_anims/mushroom.png
rgbgfx -c dmg -Weverything -o gfx/battle_anims/berry.2bpp gfx/battle_anims/berry.png
rgbgfx -c dmg -Weverything -o gfx/battle_anims/stats.2bpp gfx/battle_anims/stats.png
rgbgfx -c dmg -Weverything -o gfx/battle_anims/glow.2bpp gfx/battle_anims/glow.png
rgbgfx -c dmg -Weverything -o gfx/battle_anims/aquajet.2bpp gfx/battle_anims/aquajet.png
rgbgfx -c dmg -Weverything -o gfx/battle_anims/hit2.2bpp gfx/battle_anims/hit2.png
rgbgfx -c dmg -Weverything -o gfx/battle_anims/iciclecrash.2bpp gfx/battle_anims/iciclecrash.png
rgbgfx -c dmg -Weverything -o gfx/battle_anims/voltswitch.2bpp gfx/battle_anims/voltswitch.png
rgbgfx -c dmg -Weverything -o gfx/battle_anims/psystrike.2bpp gfx/battle_anims/psystrike.png
rgbgfx -c dmg -Weverything -o gfx/battle_anims/hurricane.2bpp gfx/battle_anims/hurricane.png
rgbgfx -c dmg -Weverything -o gfx/battle_anims/waterball.2bpp gfx/battle_anims/waterball.png
rgbgfx -c dmg -Weverything -o gfx/battle_anims/beamsolar.2bpp gfx/battle_anims/beamsolar.png
rgbgfx -c dmg -Weverything -o gfx/battle_anims/glow_shadow.2bpp gfx/battle_anims/glow_shadow.png
rgbgfx -c dmg -Weverything -o gfx/battle_anims/petals.2bpp gfx/battle_anims/petals.png
rgbgfx -c dmg -Weverything -o gfx/battle_balls/background.2bpp gfx/battle_balls/background.png
rgbgfx -c dmg -Weverything -o gfx/weather/rain.2bpp gfx/weather/rain.png
rgbgfx -c dmg -Weverything -o gfx/weather/sun.2bpp gfx/weather/sun.png
rgbgfx -c dmg -Weverything -o gfx/weather/sandstorm.2bpp gfx/weather/sandstorm.png
rgbgfx -c dmg -Weverything -o gfx/weather/hail.2bpp gfx/weather/hail.png
rgbgfx -c dmg -Weverything -o gfx/battle_balls/poke_ball.2bpp gfx/battle_balls/poke_ball.png
rgbgfx -c dmg -Weverything -o gfx/battle_balls/great_ball.2bpp gfx/battle_balls/great_ball.png
rgbgfx -c dmg -Weverything -o gfx/battle_balls/ultra_ball.2bpp gfx/battle_balls/ultra_ball.png
rgbgfx -c dmg -Weverything -o gfx/battle_balls/master_ball.2bpp gfx/battle_balls/master_ball.png
rgbgfx -c dmg -Weverything -o gfx/battle_balls/safari_ball.2bpp gfx/battle_balls/safari_ball.png
rgbgfx -c dmg -Weverything -o gfx/battle_balls/level_ball.2bpp gfx/battle_balls/level_ball.png
rgbgfx -c dmg -Weverything -o gfx/battle_balls/lure_ball.2bpp gfx/battle_balls/lure_ball.png
rgbgfx -c dmg -Weverything -o gfx/battle_balls/moon_ball.2bpp gfx/battle_balls/moon_ball.png
rgbgfx -c dmg -Weverything -o gfx/battle_balls/friend_ball.2bpp gfx/battle_balls/friend_ball.png
rgbgfx -c dmg -Weverything -o gfx/battle_balls/fast_ball.2bpp gfx/battle_balls/fast_ball.png
rgbgfx -c dmg -Weverything -o gfx/battle_balls/heavy_ball.2bpp gfx/battle_balls/heavy_ball.png
rgbgfx -c dmg -Weverything -o gfx/battle_balls/love_ball.2bpp gfx/battle_balls/love_ball.png
rgbgfx -c dmg -Weverything -o gfx/battle_balls/park_ball.2bpp gfx/battle_balls/park_ball.png
rgbgfx -c dmg -Weverything -o gfx/battle_balls/repeat_ball.2bpp gfx/battle_balls/repeat_ball.png
rgbgfx -c dmg -Weverything -o gfx/battle_balls/timer_ball.2bpp gfx/battle_balls/timer_ball.png
rgbgfx -c dmg -Weverything -o gfx/battle_balls/nest_ball.2bpp gfx/battle_balls/nest_ball.png
rgbgfx -c dmg -Weverything -o gfx/battle_balls/net_ball.2bpp gfx/battle_balls/net_ball.png
rgbgfx -c dmg -Weverything -o gfx/battle_balls/dive_ball.2bpp gfx/battle_balls/dive_ball.png
rgbgfx -c dmg -Weverything -o gfx/battle_balls/luxury_ball.2bpp gfx/battle_balls/luxury_ball.png
rgbgfx -c dmg -Weverything -o gfx/battle_balls/heal_ball.2bpp gfx/battle_balls/heal_ball.png
rgbgfx -c dmg -Weverything -o gfx/battle_balls/quick_ball.2bpp gfx/battle_balls/quick_ball.png
rgbgfx -c dmg -Weverything -o gfx/battle_balls/dusk_ball.2bpp gfx/battle_balls/dusk_ball.png
rgbgfx -c dmg -Weverything -o gfx/battle_balls/dream_ball.2bpp gfx/battle_balls/dream_ball.png
rgbgfx -c dmg -Weverything -o gfx/battle_balls/premier_ball.2bpp gfx/battle_balls/premier_ball.png
rgbgfx -c dmg -Weverything -o gfx/battle_balls/cherish_ball.2bpp gfx/battle_balls/cherish_ball.png
rgbgfx -c dmg -Weverything -Z -o gfx/paintings/ho_oh_painting.2bpp gfx/paintings/ho_oh_painting.png
rgbgfx -c dmg -Weverything -Z -o gfx/paintings/lugia_painting.2bpp gfx/paintings/lugia_painting.png
rgbgfx -c dmg -Weverything -Z -o gfx/paintings/bell_tower_painting.2bpp gfx/paintings/bell_tower_painting.png
rgbgfx -c dmg -Weverything -Z -o gfx/paintings/kabuto_puzzle.2bpp gfx/paintings/kabuto_puzzle.png
rgbgfx -c dmg -Weverything -Z -o gfx/paintings/omanyte_puzzle.2bpp gfx/paintings/omanyte_puzzle.png
rgbgfx -c dmg -Weverything -Z -o gfx/paintings/aerodactyl_puzzle.2bpp gfx/paintings/aerodactyl_puzzle.png
rgbgfx -c dmg -Weverything -Z -o gfx/paintings/ho_oh_puzzle.2bpp gfx/paintings/ho_oh_puzzle.png
rgbgfx -c dmg -Weverything -o gfx/pc/cursor.2bpp gfx/pc/cursor.png
rgbgfx -c dmg -Weverything -o gfx/pc/pc.2bpp gfx/pc/pc.png
rgbgfx -c dmg -Weverything -o gfx/pc/modes.2bpp gfx/pc/modes.png
rgbgfx -c dmg -Weverything -o gfx/pc/bags.2bpp gfx/pc/bags.png
rgbgfx -c dmg -Weverything -o gfx/pokedex/pokedex0.2bpp gfx/pokedex/pokedex0.png
rgbgfx -c dmg -Weverything -o gfx/pokedex/pokedex1.2bpp gfx/pokedex/pokedex1.png
rgbgfx -c dmg -Weverything -o gfx/pokedex/area.2bpp gfx/pokedex/area.png
rgbgfx -c dmg -Weverything -o gfx/pokedex/slowpoke.2bpp gfx/pokedex/slowpoke.png
rgbgfx -c dmg -Weverything -Z -o gfx/pokedex/question_mark.2bpp gfx/pokedex/question_mark.png
rgbgfx -c dmg -Weverything -o gfx/pokedex/oam.2bpp gfx/pokedex/oam.png
cat gfx/pokedex/main.tilemap gfx/pokedex/main.attrmap > gfx/pokedex/main.bin
cat gfx/pokedex/description.tilemap gfx/pokedex/description.attrmap > gfx/pokedex/description.bin
cat gfx/pokedex/bio.tilemap gfx/pokedex/bio.attrmap > gfx/pokedex/bio.bin
tools/gfx --trim-whitespace -o gfx/pokedex/oam.2bpp gfx/pokedex/oam.2bpp
cat gfx/pokedex/stats.tilemap gfx/pokedex/stats.attrmap > gfx/pokedex/stats.bin
cat gfx/pokedex/search.tilemap gfx/pokedex/search.attrmap > gfx/pokedex/search.bin
cat gfx/pokedex/mode.tilemap gfx/pokedex/mode.attrmap > gfx/pokedex/mode.bin
cat gfx/pokedex/unown.tilemap gfx/pokedex/unown.attrmap > gfx/pokedex/unown.bin
cat gfx/pokedex/kanto.tilemap gfx/pokedex/kanto.attrmap > gfx/pokedex/kanto.bin
cat gfx/pokedex/johto.tilemap gfx/pokedex/johto.attrmap > gfx/pokedex/johto.bin
cat gfx/pokedex/orange.tilemap gfx/pokedex/orange.attrmap > gfx/pokedex/orange.bin
tools/lzpcompress -- gfx/sgb/sgb_border.4bpp gfx/sgb/sgb_border.4bpp.lzp
tools/lzpcompress -- gfx/sgb/sgb_border.bin gfx/sgb/sgb_border.bin.lzp
cat gfx/pack/pack_top.2bpp gfx/pack/pack_left.2bpp > gfx/pack/pack_top_left.2bpp
tools/lzpcompress -- gfx/naming_screen/naming_border.2bpp gfx/naming_screen/naming_border.2bpp.lzp
tools/lzpcompress -- gfx/naming_screen/mail.2bpp gfx/naming_screen/mail.2bpp.lzp
tools/lzpcompress -- gfx/trainer_card/border.2bpp gfx/trainer_card/border.2bpp.lzp
tools/lzpcompress -- gfx/trainer_card/johto_leaders.2bpp gfx/trainer_card/johto_leaders.2bpp.lzp
tools/lzpcompress -- gfx/trainer_card/kanto_leaders.2bpp gfx/trainer_card/kanto_leaders.2bpp.lzp
tools/lzpcompress -- gfx/trainer_card/johto_badges.2bpp gfx/trainer_card/johto_badges.2bpp.lzp
tools/lzpcompress -- gfx/trainer_card/kanto_badges.2bpp gfx/trainer_card/kanto_badges.2bpp.lzp
tools/lzpcompress -- gfx/footprints/circle_small.1bpp gfx/footprints/circle_small.1bpp.lzp
tools/lzpcompress -- gfx/footprints/circle_large.1bpp gfx/footprints/circle_large.1bpp.lzp
tools/lzpcompress -- gfx/footprints/umbreon_leafeon_glaceon.1bpp gfx/footprints/umbreon_leafeon_glaceon.1bpp.lzp
tools/lzpcompress -- gfx/footprints/pidgey_spearow.1bpp gfx/footprints/pidgey_spearow.1bpp.lzp
tools/lzpcompress -- gfx/footprints/corsola_cursola.1bpp gfx/footprints/corsola_cursola.1bpp.lzp
tools/lzpcompress -- gfx/footprints/blank.1bpp gfx/footprints/blank.1bpp.lzp
tools/lzpcompress -- gfx/footprints/bulbasaur.1bpp gfx/footprints/bulbasaur.1bpp.lzp
tools/lzpcompress -- gfx/footprints/ivysaur.1bpp gfx/footprints/ivysaur.1bpp.lzp
tools/lzpcompress -- gfx/footprints/venusaur.1bpp gfx/footprints/venusaur.1bpp.lzp
tools/lzpcompress -- gfx/footprints/charmander.1bpp gfx/footprints/charmander.1bpp.lzp
tools/lzpcompress -- gfx/footprints/charmeleon.1bpp gfx/footprints/charmeleon.1bpp.lzp
tools/lzpcompress -- gfx/footprints/charizard.1bpp gfx/footprints/charizard.1bpp.lzp
tools/lzpcompress -- gfx/footprints/squirtle.1bpp gfx/footprints/squirtle.1bpp.lzp
tools/lzpcompress -- gfx/footprints/wartortle.1bpp gfx/footprints/wartortle.1bpp.lzp
tools/lzpcompress -- gfx/footprints/blastoise.1bpp gfx/footprints/blastoise.1bpp.lzp
tools/lzpcompress -- gfx/footprints/butterfree.1bpp gfx/footprints/butterfree.1bpp.lzp
tools/lzpcompress -- gfx/footprints/beedrill.1bpp gfx/footprints/beedrill.1bpp.lzp
tools/lzpcompress -- gfx/footprints/pidgeotto.1bpp gfx/footprints/pidgeotto.1bpp.lzp
tools/lzpcompress -- gfx/footprints/pidgeot.1bpp gfx/footprints/pidgeot.1bpp.lzp
tools/lzpcompress -- gfx/footprints/rattata.1bpp gfx/footprints/rattata.1bpp.lzp
tools/lzpcompress -- gfx/footprints/raticate.1bpp gfx/footprints/raticate.1bpp.lzp
tools/lzpcompress -- gfx/footprints/fearow.1bpp gfx/footprints/fearow.1bpp.lzp
tools/lzpcompress -- gfx/footprints/pikachu.1bpp gfx/footprints/pikachu.1bpp.lzp
tools/lzpcompress -- gfx/footprints/raichu.1bpp gfx/footprints/raichu.1bpp.lzp
tools/lzpcompress -- gfx/footprints/sandshrew.1bpp gfx/footprints/sandshrew.1bpp.lzp
tools/lzpcompress -- gfx/footprints/sandslash.1bpp gfx/footprints/sandslash.1bpp.lzp
tools/lzpcompress -- gfx/footprints/nidoran_f.1bpp gfx/footprints/nidoran_f.1bpp.lzp
tools/lzpcompress -- gfx/footprints/nidorina.1bpp gfx/footprints/nidorina.1bpp.lzp
tools/lzpcompress -- gfx/footprints/nidoqueen.1bpp gfx/footprints/nidoqueen.1bpp.lzp
tools/lzpcompress -- gfx/footprints/nidoran_m.1bpp gfx/footprints/nidoran_m.1bpp.lzp
tools/lzpcompress -- gfx/footprints/nidorino.1bpp gfx/footprints/nidorino.1bpp.lzp
tools/lzpcompress -- gfx/footprints/nidoking.1bpp gfx/footprints/nidoking.1bpp.lzp
tools/lzpcompress -- gfx/footprints/clefairy.1bpp gfx/footprints/clefairy.1bpp.lzp
tools/lzpcompress -- gfx/footprints/clefable.1bpp gfx/footprints/clefable.1bpp.lzp
tools/lzpcompress -- gfx/footprints/vulpix.1bpp gfx/footprints/vulpix.1bpp.lzp
tools/lzpcompress -- gfx/footprints/ninetales.1bpp gfx/footprints/ninetales.1bpp.lzp
tools/lzpcompress -- gfx/footprints/jigglypuff.1bpp gfx/footprints/jigglypuff.1bpp.lzp
tools/lzpcompress -- gfx/footprints/wigglytuff.1bpp gfx/footprints/wigglytuff.1bpp.lzp
tools/lzpcompress -- gfx/footprints/golbat.1bpp gfx/footprints/golbat.1bpp.lzp
tools/lzpcompress -- gfx/footprints/oddish.1bpp gfx/footprints/oddish.1bpp.lzp
tools/lzpcompress -- gfx/footprints/gloom.1bpp gfx/footprints/gloom.1bpp.lzp
tools/lzpcompress -- gfx/footprints/vileplume.1bpp gfx/footprints/vileplume.1bpp.lzp
tools/lzpcompress -- gfx/footprints/paras.1bpp gfx/footprints/paras.1bpp.lzp
tools/lzpcompress -- gfx/footprints/parasect.1bpp gfx/footprints/parasect.1bpp.lzp
tools/lzpcompress -- gfx/footprints/venonat.1bpp gfx/footprints/venonat.1bpp.lzp
tools/lzpcompress -- gfx/footprints/meowth.1bpp gfx/footprints/meowth.1bpp.lzp
tools/lzpcompress -- gfx/footprints/persian.1bpp gfx/footprints/persian.1bpp.lzp
tools/lzpcompress -- gfx/footprints/psyduck.1bpp gfx/footprints/psyduck.1bpp.lzp
tools/lzpcompress -- gfx/footprints/golduck.1bpp gfx/footprints/golduck.1bpp.lzp
tools/lzpcompress -- gfx/footprints/mankey.1bpp gfx/footprints/mankey.1bpp.lzp
tools/lzpcompress -- gfx/footprints/primeape.1bpp gfx/footprints/primeape.1bpp.lzp
tools/lzpcompress -- gfx/footprints/growlithe.1bpp gfx/footprints/growlithe.1bpp.lzp
tools/lzpcompress -- gfx/footprints/arcanine.1bpp gfx/footprints/arcanine.1bpp.lzp
tools/lzpcompress -- gfx/footprints/poliwag.1bpp gfx/footprints/poliwag.1bpp.lzp
tools/lzpcompress -- gfx/footprints/poliwhirl.1bpp gfx/footprints/poliwhirl.1bpp.lzp
tools/lzpcompress -- gfx/footprints/poliwrath.1bpp gfx/footprints/poliwrath.1bpp.lzp
tools/lzpcompress -- gfx/footprints/abra.1bpp gfx/footprints/abra.1bpp.lzp
tools/lzpcompress -- gfx/footprints/kadabra.1bpp gfx/footprints/kadabra.1bpp.lzp
tools/lzpcompress -- gfx/footprints/alakazam.1bpp gfx/footprints/alakazam.1bpp.lzp
tools/lzpcompress -- gfx/footprints/machop.1bpp gfx/footprints/machop.1bpp.lzp
tools/lzpcompress -- gfx/footprints/machoke.1bpp gfx/footprints/machoke.1bpp.lzp
tools/lzpcompress -- gfx/footprints/machamp.1bpp gfx/footprints/machamp.1bpp.lzp
tools/lzpcompress -- gfx/footprints/bellsprout.1bpp gfx/footprints/bellsprout.1bpp.lzp
tools/lzpcompress -- gfx/footprints/graveler.1bpp gfx/footprints/graveler.1bpp.lzp
tools/lzpcompress -- gfx/footprints/golem.1bpp gfx/footprints/golem.1bpp.lzp
tools/lzpcompress -- gfx/footprints/ponyta.1bpp gfx/footprints/ponyta.1bpp.lzp
tools/lzpcompress -- gfx/footprints/rapidash.1bpp gfx/footprints/rapidash.1bpp.lzp
tools/lzpcompress -- gfx/footprints/slowpoke.1bpp gfx/footprints/slowpoke.1bpp.lzp
tools/lzpcompress -- gfx/footprints/slowbro.1bpp gfx/footprints/slowbro.1bpp.lzp
tools/lzpcompress -- gfx/footprints/magnemite.1bpp gfx/footprints/magnemite.1bpp.lzp
tools/lzpcompress -- gfx/footprints/magneton.1bpp gfx/footprints/magneton.1bpp.lzp
tools/lzpcompress -- gfx/footprints/farfetch_d.1bpp gfx/footprints/farfetch_d.1bpp.lzp
tools/lzpcompress -- gfx/footprints/doduo.1bpp gfx/footprints/doduo.1bpp.lzp
tools/lzpcompress -- gfx/footprints/dodrio.1bpp gfx/footprints/dodrio.1bpp.lzp
tools/lzpcompress -- gfx/footprints/gengar.1bpp gfx/footprints/gengar.1bpp.lzp
tools/lzpcompress -- gfx/footprints/drowzee.1bpp gfx/footprints/drowzee.1bpp.lzp
tools/lzpcompress -- gfx/footprints/hypno.1bpp gfx/footprints/hypno.1bpp.lzp
tools/lzpcompress -- gfx/footprints/krabby.1bpp gfx/footprints/krabby.1bpp.lzp
tools/lzpcompress -- gfx/footprints/kingler.1bpp gfx/footprints/kingler.1bpp.lzp
tools/lzpcompress -- gfx/footprints/exeggutor.1bpp gfx/footprints/exeggutor.1bpp.lzp
tools/lzpcompress -- gfx/footprints/cubone.1bpp gfx/footprints/cubone.1bpp.lzp
tools/lzpcompress -- gfx/footprints/marowak.1bpp gfx/footprints/marowak.1bpp.lzp
tools/lzpcompress -- gfx/footprints/hitmonlee.1bpp gfx/footprints/hitmonlee.1bpp.lzp
tools/lzpcompress -- gfx/footprints/hitmonchan.1bpp gfx/footprints/hitmonchan.1bpp.lzp
tools/lzpcompress -- gfx/footprints/lickitung.1bpp gfx/footprints/lickitung.1bpp.lzp
tools/lzpcompress -- gfx/footprints/rhyhorn.1bpp gfx/footprints/rhyhorn.1bpp.lzp
tools/lzpcompress -- gfx/footprints/rhydon.1bpp gfx/footprints/rhydon.1bpp.lzp
tools/lzpcompress -- gfx/footprints/chansey.1bpp gfx/footprints/chansey.1bpp.lzp
tools/lzpcompress -- gfx/footprints/tangela.1bpp gfx/footprints/tangela.1bpp.lzp
tools/lzpcompress -- gfx/footprints/kangaskhan.1bpp gfx/footprints/kangaskhan.1bpp.lzp
tools/lzpcompress -- gfx/footprints/mr__mime.1bpp gfx/footprints/mr__mime.1bpp.lzp
tools/lzpcompress -- gfx/footprints/scyther.1bpp gfx/footprints/scyther.1bpp.lzp
tools/lzpcompress -- gfx/footprints/electabuzz.1bpp gfx/footprints/electabuzz.1bpp.lzp
tools/lzpcompress -- gfx/footprints/magmar.1bpp gfx/footprints/magmar.1bpp.lzp
tools/lzpcompress -- gfx/footprints/pinsir.1bpp gfx/footprints/pinsir.1bpp.lzp
tools/lzpcompress -- gfx/footprints/tauros.1bpp gfx/footprints/tauros.1bpp.lzp
tools/lzpcompress -- gfx/footprints/eevee.1bpp gfx/footprints/eevee.1bpp.lzp
tools/lzpcompress -- gfx/footprints/vaporeon.1bpp gfx/footprints/vaporeon.1bpp.lzp
tools/lzpcompress -- gfx/footprints/jolteon.1bpp gfx/footprints/jolteon.1bpp.lzp
tools/lzpcompress -- gfx/footprints/flareon.1bpp gfx/footprints/flareon.1bpp.lzp
tools/lzpcompress -- gfx/footprints/porygon.1bpp gfx/footprints/porygon.1bpp.lzp
tools/lzpcompress -- gfx/footprints/omanyte.1bpp gfx/footprints/omanyte.1bpp.lzp
tools/lzpcompress -- gfx/footprints/omastar.1bpp gfx/footprints/omastar.1bpp.lzp
tools/lzpcompress -- gfx/footprints/kabutops.1bpp gfx/footprints/kabutops.1bpp.lzp
tools/lzpcompress -- gfx/footprints/aerodactyl.1bpp gfx/footprints/aerodactyl.1bpp.lzp
tools/lzpcompress -- gfx/footprints/snorlax.1bpp gfx/footprints/snorlax.1bpp.lzp
tools/lzpcompress -- gfx/footprints/articuno.1bpp gfx/footprints/articuno.1bpp.lzp
tools/lzpcompress -- gfx/footprints/zapdos.1bpp gfx/footprints/zapdos.1bpp.lzp
tools/lzpcompress -- gfx/footprints/moltres.1bpp gfx/footprints/moltres.1bpp.lzp
tools/lzpcompress -- gfx/footprints/dragonite.1bpp gfx/footprints/dragonite.1bpp.lzp
tools/lzpcompress -- gfx/footprints/mewtwo.1bpp gfx/footprints/mewtwo.1bpp.lzp
tools/lzpcompress -- gfx/footprints/mew.1bpp gfx/footprints/mew.1bpp.lzp
tools/lzpcompress -- gfx/footprints/chikorita.1bpp gfx/footprints/chikorita.1bpp.lzp
tools/lzpcompress -- gfx/footprints/bayleef.1bpp gfx/footprints/bayleef.1bpp.lzp
tools/lzpcompress -- gfx/footprints/meganium.1bpp gfx/footprints/meganium.1bpp.lzp
tools/lzpcompress -- gfx/footprints/cyndaquil.1bpp gfx/footprints/cyndaquil.1bpp.lzp
tools/lzpcompress -- gfx/footprints/quilava.1bpp gfx/footprints/quilava.1bpp.lzp
tools/lzpcompress -- gfx/footprints/typhlosion.1bpp gfx/footprints/typhlosion.1bpp.lzp
tools/lzpcompress -- gfx/footprints/totodile.1bpp gfx/footprints/totodile.1bpp.lzp
tools/lzpcompress -- gfx/footprints/croconaw.1bpp gfx/footprints/croconaw.1bpp.lzp
tools/lzpcompress -- gfx/footprints/feraligatr.1bpp gfx/footprints/feraligatr.1bpp.lzp
tools/lzpcompress -- gfx/footprints/sentret.1bpp gfx/footprints/sentret.1bpp.lzp
tools/lzpcompress -- gfx/footprints/furret.1bpp gfx/footprints/furret.1bpp.lzp
tools/lzpcompress -- gfx/footprints/hoothoot.1bpp gfx/footprints/hoothoot.1bpp.lzp
tools/lzpcompress -- gfx/footprints/noctowl.1bpp gfx/footprints/noctowl.1bpp.lzp
tools/lzpcompress -- gfx/footprints/ledyba.1bpp gfx/footprints/ledyba.1bpp.lzp
tools/lzpcompress -- gfx/footprints/ledian.1bpp gfx/footprints/ledian.1bpp.lzp
tools/lzpcompress -- gfx/footprints/ariados.1bpp gfx/footprints/ariados.1bpp.lzp
tools/lzpcompress -- gfx/footprints/pichu.1bpp gfx/footprints/pichu.1bpp.lzp
tools/lzpcompress -- gfx/footprints/cleffa.1bpp gfx/footprints/cleffa.1bpp.lzp
tools/lzpcompress -- gfx/footprints/igglybuff.1bpp gfx/footprints/igglybuff.1bpp.lzp
tools/lzpcompress -- gfx/footprints/togepi.1bpp gfx/footprints/togepi.1bpp.lzp
tools/lzpcompress -- gfx/footprints/togetic.1bpp gfx/footprints/togetic.1bpp.lzp
tools/lzpcompress -- gfx/footprints/natu.1bpp gfx/footprints/natu.1bpp.lzp
tools/lzpcompress -- gfx/footprints/xatu.1bpp gfx/footprints/xatu.1bpp.lzp
tools/lzpcompress -- gfx/footprints/mareep.1bpp gfx/footprints/mareep.1bpp.lzp
tools/lzpcompress -- gfx/footprints/flaaffy.1bpp gfx/footprints/flaaffy.1bpp.lzp
tools/lzpcompress -- gfx/footprints/ampharos.1bpp gfx/footprints/ampharos.1bpp.lzp
tools/lzpcompress -- gfx/footprints/marill.1bpp gfx/footprints/marill.1bpp.lzp
tools/lzpcompress -- gfx/footprints/azumarill.1bpp gfx/footprints/azumarill.1bpp.lzp
tools/lzpcompress -- gfx/footprints/sudowoodo.1bpp gfx/footprints/sudowoodo.1bpp.lzp
tools/lzpcompress -- gfx/footprints/politoed.1bpp gfx/footprints/politoed.1bpp.lzp
tools/lzpcompress -- gfx/footprints/hoppip.1bpp gfx/footprints/hoppip.1bpp.lzp
tools/lzpcompress -- gfx/footprints/skiploom.1bpp gfx/footprints/skiploom.1bpp.lzp
tools/lzpcompress -- gfx/footprints/jumpluff.1bpp gfx/footprints/jumpluff.1bpp.lzp
tools/lzpcompress -- gfx/footprints/aipom.1bpp gfx/footprints/aipom.1bpp.lzp
tools/lzpcompress -- gfx/footprints/sunflora.1bpp gfx/footprints/sunflora.1bpp.lzp
tools/lzpcompress -- gfx/footprints/yanma.1bpp gfx/footprints/yanma.1bpp.lzp
tools/lzpcompress -- gfx/footprints/wooper.1bpp gfx/footprints/wooper.1bpp.lzp
tools/lzpcompress -- gfx/footprints/quagsire.1bpp gfx/footprints/quagsire.1bpp.lzp
tools/lzpcompress -- gfx/footprints/espeon.1bpp gfx/footprints/espeon.1bpp.lzp
tools/lzpcompress -- gfx/footprints/murkrow.1bpp gfx/footprints/murkrow.1bpp.lzp
tools/lzpcompress -- gfx/footprints/slowking.1bpp gfx/footprints/slowking.1bpp.lzp
tools/lzpcompress -- gfx/footprints/wobbuffet.1bpp gfx/footprints/wobbuffet.1bpp.lzp
tools/lzpcompress -- gfx/footprints/girafarig.1bpp gfx/footprints/girafarig.1bpp.lzp
tools/lzpcompress -- gfx/footprints/gligar.1bpp gfx/footprints/gligar.1bpp.lzp
tools/lzpcompress -- gfx/footprints/snubbull.1bpp gfx/footprints/snubbull.1bpp.lzp
tools/lzpcompress -- gfx/footprints/granbull.1bpp gfx/footprints/granbull.1bpp.lzp
tools/lzpcompress -- gfx/footprints/scizor.1bpp gfx/footprints/scizor.1bpp.lzp
tools/lzpcompress -- gfx/footprints/shuckle.1bpp gfx/footprints/shuckle.1bpp.lzp
tools/lzpcompress -- gfx/footprints/heracross.1bpp gfx/footprints/heracross.1bpp.lzp
tools/lzpcompress -- gfx/footprints/sneasel.1bpp gfx/footprints/sneasel.1bpp.lzp
tools/lzpcompress -- gfx/footprints/teddiursa.1bpp gfx/footprints/teddiursa.1bpp.lzp
tools/lzpcompress -- gfx/footprints/ursaring.1bpp gfx/footprints/ursaring.1bpp.lzp
tools/lzpcompress -- gfx/footprints/swinub.1bpp gfx/footprints/swinub.1bpp.lzp
tools/lzpcompress -- gfx/footprints/piloswine.1bpp gfx/footprints/piloswine.1bpp.lzp
tools/lzpcompress -- gfx/footprints/octillery.1bpp gfx/footprints/octillery.1bpp.lzp
tools/lzpcompress -- gfx/footprints/delibird.1bpp gfx/footprints/delibird.1bpp.lzp
tools/lzpcompress -- gfx/footprints/skarmory.1bpp gfx/footprints/skarmory.1bpp.lzp
tools/lzpcompress -- gfx/footprints/houndour.1bpp gfx/footprints/houndour.1bpp.lzp
tools/lzpcompress -- gfx/footprints/houndoom.1bpp gfx/footprints/houndoom.1bpp.lzp
tools/lzpcompress -- gfx/footprints/phanpy.1bpp gfx/footprints/phanpy.1bpp.lzp
tools/lzpcompress -- gfx/footprints/donphan.1bpp gfx/footprints/donphan.1bpp.lzp
tools/lzpcompress -- gfx/footprints/porygon2.1bpp gfx/footprints/porygon2.1bpp.lzp
tools/lzpcompress -- gfx/footprints/stantler.1bpp gfx/footprints/stantler.1bpp.lzp
tools/lzpcompress -- gfx/footprints/smeargle.1bpp gfx/footprints/smeargle.1bpp.lzp
tools/lzpcompress -- gfx/footprints/tyrogue.1bpp gfx/footprints/tyrogue.1bpp.lzp
tools/lzpcompress -- gfx/footprints/hitmontop.1bpp gfx/footprints/hitmontop.1bpp.lzp
tools/lzpcompress -- gfx/footprints/smoochum.1bpp gfx/footprints/smoochum.1bpp.lzp
tools/lzpcompress -- gfx/footprints/elekid.1bpp gfx/footprints/elekid.1bpp.lzp
tools/lzpcompress -- gfx/footprints/magby.1bpp gfx/footprints/magby.1bpp.lzp
tools/lzpcompress -- gfx/footprints/miltank.1bpp gfx/footprints/miltank.1bpp.lzp
tools/lzpcompress -- gfx/footprints/blissey.1bpp gfx/footprints/blissey.1bpp.lzp
tools/lzpcompress -- gfx/footprints/raikou.1bpp gfx/footprints/raikou.1bpp.lzp
tools/lzpcompress -- gfx/footprints/entei.1bpp gfx/footprints/entei.1bpp.lzp
tools/lzpcompress -- gfx/footprints/suicune.1bpp gfx/footprints/suicune.1bpp.lzp
tools/lzpcompress -- gfx/footprints/larvitar.1bpp gfx/footprints/larvitar.1bpp.lzp
tools/lzpcompress -- gfx/footprints/tyranitar.1bpp gfx/footprints/tyranitar.1bpp.lzp
tools/lzpcompress -- gfx/footprints/lugia.1bpp gfx/footprints/lugia.1bpp.lzp
tools/lzpcompress -- gfx/footprints/ho_oh.1bpp gfx/footprints/ho_oh.1bpp.lzp
tools/lzpcompress -- gfx/footprints/celebi.1bpp gfx/footprints/celebi.1bpp.lzp
tools/lzpcompress -- gfx/footprints/azurill.1bpp gfx/footprints/azurill.1bpp.lzp
tools/lzpcompress -- gfx/footprints/wynaut.1bpp gfx/footprints/wynaut.1bpp.lzp
tools/lzpcompress -- gfx/footprints/ambipom.1bpp gfx/footprints/ambipom.1bpp.lzp
tools/lzpcompress -- gfx/footprints/egg.1bpp gfx/footprints/egg.1bpp.lzp
tools/lzpcompress -- gfx/footprints/honchkrow.1bpp gfx/footprints/honchkrow.1bpp.lzp
tools/lzpcompress -- gfx/footprints/bonsly.1bpp gfx/footprints/bonsly.1bpp.lzp
tools/lzpcompress -- gfx/footprints/mime_jr_.1bpp gfx/footprints/mime_jr_.1bpp.lzp
tools/lzpcompress -- gfx/footprints/happiny.1bpp gfx/footprints/happiny.1bpp.lzp
tools/lzpcompress -- gfx/footprints/munchlax.1bpp gfx/footprints/munchlax.1bpp.lzp
tools/lzpcompress -- gfx/footprints/weavile.1bpp gfx/footprints/weavile.1bpp.lzp
tools/lzpcompress -- gfx/footprints/lickilicky.1bpp gfx/footprints/lickilicky.1bpp.lzp
tools/lzpcompress -- gfx/footprints/rhyperior.1bpp gfx/footprints/rhyperior.1bpp.lzp
tools/lzpcompress -- gfx/footprints/tangrowth.1bpp gfx/footprints/tangrowth.1bpp.lzp
tools/lzpcompress -- gfx/footprints/electivire.1bpp gfx/footprints/electivire.1bpp.lzp
tools/lzpcompress -- gfx/footprints/magmortar.1bpp gfx/footprints/magmortar.1bpp.lzp
tools/lzpcompress -- gfx/footprints/togekiss.1bpp gfx/footprints/togekiss.1bpp.lzp
tools/lzpcompress -- gfx/footprints/yanmega.1bpp gfx/footprints/yanmega.1bpp.lzp
tools/lzpcompress -- gfx/footprints/gliscor.1bpp gfx/footprints/gliscor.1bpp.lzp
tools/lzpcompress -- gfx/footprints/mamoswine.1bpp gfx/footprints/mamoswine.1bpp.lzp
tools/lzpcompress -- gfx/footprints/sylveon.1bpp gfx/footprints/sylveon.1bpp.lzp
tools/lzpcompress -- gfx/footprints/perrserker.1bpp gfx/footprints/perrserker.1bpp.lzp
tools/lzpcompress -- gfx/footprints/sirfetch_d.1bpp gfx/footprints/sirfetch_d.1bpp.lzp
tools/lzpcompress -- gfx/footprints/mr__rime.1bpp gfx/footprints/mr__rime.1bpp.lzp
tools/lzpcompress -- gfx/footprints/wyrdeer.1bpp gfx/footprints/wyrdeer.1bpp.lzp
tools/lzpcompress -- gfx/footprints/kleavor.1bpp gfx/footprints/kleavor.1bpp.lzp
tools/lzpcompress -- gfx/footprints/ursaluna.1bpp gfx/footprints/ursaluna.1bpp.lzp
tools/lzpcompress -- gfx/footprints/sneasler.1bpp gfx/footprints/sneasler.1bpp.lzp
tools/lzpcompress -- gfx/footprints/farigiraf.1bpp gfx/footprints/farigiraf.1bpp.lzp
tools/lzpcompress -- gfx/footprints/clodsire.1bpp gfx/footprints/clodsire.1bpp.lzp
tools/lzpcompress -- gfx/footprints/annihilape.1bpp gfx/footprints/annihilape.1bpp.lzp
tools/lzpcompress -- gfx/overworld/celebi.2bpp gfx/overworld/celebi.2bpp.lzp
tools/lzpcompress -- gfx/stats/judge.2bpp gfx/stats/judge.2bpp.lzp
tools/lzpcompress -- gfx/stats/judge_stats.2bpp gfx/stats/judge_stats.2bpp.lzp
tools/lzpcompress -- gfx/stats/judge.bin gfx/stats/judge.bin.lzp
tools/vwf -o gfx/font/space.vwf.1bpp gfx/font/space.2bpp
tools/lzpcompress -- gfx/battle/hpexpbars.2bpp gfx/battle/hpexpbars.2bpp.lzp
tools/lzpcompress -- gfx/town_map/fast_ship.2bpp gfx/town_map/fast_ship.2bpp.lzp
tools/lzpcompress -- gfx/town_map/arrow.2bpp gfx/town_map/arrow.2bpp.lzp
tools/lzpcompress -- gfx/pokegear/pokegear_sprites.2bpp gfx/pokegear/pokegear_sprites.2bpp.lzp
tools/lzpcompress -- gfx/pokegear/pokegear.2bpp gfx/pokegear/pokegear.2bpp.lzp
tools/lzpcompress -- gfx/slots/slots_1.2bpp gfx/slots/slots_1.2bpp.lzp
tools/lzpcompress -- gfx/slots/slots_2.2bpp gfx/slots/slots_2.2bpp.lzp
tools/lzpcompress -- gfx/slots/slots_3.2bpp gfx/slots/slots_3.2bpp.lzp
tools/pokemon_animation_graphics -t gfx/pokemon/bulbasaur/front.animated.tilemap gfx/pokemon/bulbasaur/front.2bpp gfx/pokemon/bulbasaur/front.dimensions
tools/pokemon_animation_graphics -t gfx/pokemon/ivysaur/front.animated.tilemap gfx/pokemon/ivysaur/front.2bpp gfx/pokemon/ivysaur/front.dimensions
tools/pokemon_animation_graphics -t gfx/pokemon/venusaur/front.animated.tilemap gfx/pokemon/venusaur/front.2bpp gfx/pokemon/venusaur/front.dimensions
tools/pokemon_animation_graphics -t gfx/pokemon/charmander/front.animated.tilemap gfx/pokemon/charmander/front.2bpp gfx/pokemon/charmander/front.dimensions
tools/pokemon_animation_graphics -t gfx/pokemon/charmeleon/front.animated.tilemap gfx/pokemon/charmeleon/front.2bpp gfx/pokemon/charmeleon/front.dimensions
tools/pokemon_animation_graphics -t gfx/pokemon/charizard/front.animated.tilemap gfx/pokemon/charizard/front.2bpp gfx/pokemon/charizard/front.dimensions
tools/pokemon_animation_graphics -t gfx/pokemon/squirtle/front.animated.tilemap gfx/pokemon/squirtle/front.2bpp gfx/pokemon/squirtle/front.dimensions
tools/pokemon_animation_graphics -t gfx/pokemon/wartortle/front.animated.tilemap gfx/pokemon/wartortle/front.2bpp gfx/pokemon/wartortle/front.dimensions
tools/pokemon_animation_graphics -t gfx/pokemon/blastoise/front.animated.tilemap gfx/pokemon/blastoise/front.2bpp gfx/pokemon/blastoise/front.dimensions
tools/pokemon_animation_graphics -t gfx/pokemon/caterpie/front.animated.tilemap gfx/pokemon/caterpie/front.2bpp gfx/pokemon/caterpie/front.dimensions
tools/pokemon_animation_graphics -t gfx/pokemon/metapod/front.animated.tilemap gfx/pokemon/metapod/front.2bpp gfx/pokemon/metapod/front.dimensions
tools/pokemon_animation_graphics -t gfx/pokemon/butterfree/front.animated.tilemap gfx/pokemon/butterfree/front.2bpp gfx/pokemon/butterfree/front.dimensions
tools/pokemon_animation_graphics -t gfx/pokemon/weedle/front.animated.tilemap gfx/pokemon/weedle/front.2bpp gfx/pokemon/weedle/front.dimensions
tools/pokemon_animation_graphics -t gfx/pokemon/kakuna/front.animated.tilemap gfx/pokemon/kakuna/front.2bpp gfx/pokemon/kakuna/front.dimensions
tools/pokemon_animation_graphics -t gfx/pokemon/beedrill/front.animated.tilemap gfx/pokemon/beedrill/front.2bpp gfx/pokemon/beedrill/front.dimensions
tools/pokemon_animation_graphics -t gfx/pokemon/pidgey/front.animated.tilemap gfx/pokemon/pidgey/front.2bpp gfx/pokemon/pidgey/front.dimensions
tools/pokemon_animation_graphics -t gfx/pokemon/pidgeotto/front.animated.tilemap gfx/pokemon/pidgeotto/front.2bpp gfx/pokemon/pidgeotto/front.dimensions
tools/pokemon_animation_graphics -t gfx/pokemon/pidgeot/front.animated.tilemap gfx/pokemon/pidgeot/front.2bpp gfx/pokemon/pidgeot/front.dimensions
tools/pokemon_animation_graphics -t gfx/pokemon/spearow/front.animated.tilemap gfx/pokemon/spearow/front.2bpp gfx/pokemon/spearow/front.dimensions
tools/pokemon_animation_graphics -t gfx/pokemon/fearow/front.animated.tilemap gfx/pokemon/fearow/front.2bpp gfx/pokemon/fearow/front.dimensions
tools/pokemon_animation_graphics -t gfx/pokemon/ekans/front.animated.tilemap gfx/pokemon/ekans/front.2bpp gfx/pokemon/ekans/front.dimensions
tools/pokemon_animation_graphics -t gfx/pokemon/nidoran_f/front.animated.tilemap gfx/pokemon/nidoran_f/front.2bpp gfx/pokemon/nidoran_f/front.dimensions
tools/pokemon_animation_graphics -t gfx/pokemon/nidorina/front.animated.tilemap gfx/pokemon/nidorina/front.2bpp gfx/pokemon/nidorina/front.dimensions
tools/pokemon_animation_graphics -t gfx/pokemon/nidoqueen/front.animated.tilemap gfx/pokemon/nidoqueen/front.2bpp gfx/pokemon/nidoqueen/front.dimensions
tools/pokemon_animation_graphics -t gfx/pokemon/nidoran_m/front.animated.tilemap gfx/pokemon/nidoran_m/front.2bpp gfx/pokemon/nidoran_m/front.dimensions
tools/pokemon_animation_graphics -t gfx/pokemon/nidorino/front.animated.tilemap gfx/pokemon/nidorino/front.2bpp gfx/pokemon/nidorino/front.dimensions
tools/pokemon_animation_graphics -t gfx/pokemon/nidoking/front.animated.tilemap gfx/pokemon/nidoking/front.2bpp gfx/pokemon/nidoking/front.dimensions
tools/pokemon_animation_graphics -t gfx/pokemon/clefairy/front.animated.tilemap gfx/pokemon/clefairy/front.2bpp gfx/pokemon/clefairy/front.dimensions
tools/pokemon_animation_graphics -t gfx/pokemon/clefable/front.animated.tilemap gfx/pokemon/clefable/front.2bpp gfx/pokemon/clefable/front.dimensions
tools/pokemon_animation_graphics -t gfx/pokemon/jigglypuff/front.animated.tilemap gfx/pokemon/jigglypuff/front.2bpp gfx/pokemon/jigglypuff/front.dimensions
tools/pokemon_animation_graphics -t gfx/pokemon/wigglytuff/front.animated.tilemap gfx/pokemon/wigglytuff/front.2bpp gfx/pokemon/wigglytuff/front.dimensions
tools/pokemon_animation_graphics -t gfx/pokemon/zubat/front.animated.tilemap gfx/pokemon/zubat/front.2bpp gfx/pokemon/zubat/front.dimensions
tools/pokemon_animation_graphics -t gfx/pokemon/golbat/front.animated.tilemap gfx/pokemon/golbat/front.2bpp gfx/pokemon/golbat/front.dimensions
tools/pokemon_animation_graphics -t gfx/pokemon/oddish/front.animated.tilemap gfx/pokemon/oddish/front.2bpp gfx/pokemon/oddish/front.dimensions
tools/pokemon_animation_graphics -t gfx/pokemon/gloom/front.animated.tilemap gfx/pokemon/gloom/front.2bpp gfx/pokemon/gloom/front.dimensions
tools/pokemon_animation_graphics -t gfx/pokemon/vileplume/front.animated.tilemap gfx/pokemon/vileplume/front.2bpp gfx/pokemon/vileplume/front.dimensions
tools/pokemon_animation_graphics -t gfx/pokemon/paras/front.animated.tilemap gfx/pokemon/paras/front.2bpp gfx/pokemon/paras/front.dimensions
tools/pokemon_animation_graphics -t gfx/pokemon/parasect/front.animated.tilemap gfx/pokemon/parasect/front.2bpp gfx/pokemon/parasect/front.dimensions
tools/pokemon_animation_graphics -t gfx/pokemon/venonat/front.animated.tilemap gfx/pokemon/venonat/front.2bpp gfx/pokemon/venonat/front.dimensions
tools/pokemon_animation_graphics -t gfx/pokemon/venomoth/front.animated.tilemap gfx/pokemon/venomoth/front.2bpp gfx/pokemon/venomoth/front.dimensions
tools/pokemon_animation_graphics -t gfx/pokemon/psyduck/front.animated.tilemap gfx/pokemon/psyduck/front.2bpp gfx/pokemon/psyduck/front.dimensions
tools/pokemon_animation_graphics -t gfx/pokemon/golduck/front.animated.tilemap gfx/pokemon/golduck/front.2bpp gfx/pokemon/golduck/front.dimensions
tools/pokemon_animation_graphics -t gfx/pokemon/mankey/front.animated.tilemap gfx/pokemon/mankey/front.2bpp gfx/pokemon/mankey/front.dimensions
tools/pokemon_animation_graphics -t gfx/pokemon/primeape/front.animated.tilemap gfx/pokemon/primeape/front.2bpp gfx/pokemon/primeape/front.dimensions
tools/pokemon_animation_graphics -t gfx/pokemon/poliwag/front.animated.tilemap gfx/pokemon/poliwag/front.2bpp gfx/pokemon/poliwag/front.dimensions
tools/pokemon_animation_graphics -t gfx/pokemon/poliwhirl/front.animated.tilemap gfx/pokemon/poliwhirl/front.2bpp gfx/pokemon/poliwhirl/front.dimensions
tools/pokemon_animation_graphics -t gfx/pokemon/poliwrath/front.animated.tilemap gfx/pokemon/poliwrath/front.2bpp gfx/pokemon/poliwrath/front.dimensions
tools/pokemon_animation_graphics -t gfx/pokemon/abra/front.animated.tilemap gfx/pokemon/abra/front.2bpp gfx/pokemon/abra/front.dimensions
tools/pokemon_animation_graphics -t gfx/pokemon/kadabra/front.animated.tilemap gfx/pokemon/kadabra/front.2bpp gfx/pokemon/kadabra/front.dimensions
tools/pokemon_animation_graphics -t gfx/pokemon/alakazam/front.animated.tilemap gfx/pokemon/alakazam/front.2bpp gfx/pokemon/alakazam/front.dimensions
tools/pokemon_animation_graphics -t gfx/pokemon/machop/front.animated.tilemap gfx/pokemon/machop/front.2bpp gfx/pokemon/machop/front.dimensions
tools/pokemon_animation_graphics -t gfx/pokemon/machoke/front.animated.tilemap gfx/pokemon/machoke/front.2bpp gfx/pokemon/machoke/front.dimensions
tools/pokemon_animation_graphics -t gfx/pokemon/machamp/front.animated.tilemap gfx/pokemon/machamp/front.2bpp gfx/pokemon/machamp/front.dimensions
tools/pokemon_animation_graphics -t gfx/pokemon/bellsprout/front.animated.tilemap gfx/pokemon/bellsprout/front.2bpp gfx/pokemon/bellsprout/front.dimensions
tools/pokemon_animation_graphics -t gfx/pokemon/weepinbell/front.animated.tilemap gfx/pokemon/weepinbell/front.2bpp gfx/pokemon/weepinbell/front.dimensions
tools/pokemon_animation_graphics -t gfx/pokemon/victreebel/front.animated.tilemap gfx/pokemon/victreebel/front.2bpp gfx/pokemon/victreebel/front.dimensions
tools/pokemon_animation_graphics -t gfx/pokemon/tentacool/front.animated.tilemap gfx/pokemon/tentacool/front.2bpp gfx/pokemon/tentacool/front.dimensions
tools/pokemon_animation_graphics -t gfx/pokemon/tentacruel/front.animated.tilemap gfx/pokemon/tentacruel/front.2bpp gfx/pokemon/tentacruel/front.dimensions
tools/pokemon_animation_graphics -t gfx/pokemon/magnemite/front.animated.tilemap gfx/pokemon/magnemite/front.2bpp gfx/pokemon/magnemite/front.dimensions
tools/pokemon_animation_graphics -t gfx/pokemon/magneton/front.animated.tilemap gfx/pokemon/magneton/front.2bpp gfx/pokemon/magneton/front.dimensions
tools/pokemon_animation_graphics -t gfx/pokemon/doduo/front.animated.tilemap gfx/pokemon/doduo/front.2bpp gfx/pokemon/doduo/front.dimensions
tools/pokemon_animation_graphics -t gfx/pokemon/dodrio/front.animated.tilemap gfx/pokemon/dodrio/front.2bpp gfx/pokemon/dodrio/front.dimensions
tools/pokemon_animation_graphics -t gfx/pokemon/seel/front.animated.tilemap gfx/pokemon/seel/front.2bpp gfx/pokemon/seel/front.dimensions
tools/pokemon_animation_graphics -t gfx/pokemon/dewgong/front.animated.tilemap gfx/pokemon/dewgong/front.2bpp gfx/pokemon/dewgong/front.dimensions
tools/pokemon_animation_graphics -t gfx/pokemon/shellder/front.animated.tilemap gfx/pokemon/shellder/front.2bpp gfx/pokemon/shellder/front.dimensions
tools/pokemon_animation_graphics -t gfx/pokemon/cloyster/front.animated.tilemap gfx/pokemon/cloyster/front.2bpp gfx/pokemon/cloyster/front.dimensions
tools/pokemon_animation_graphics -t gfx/pokemon/gastly/front.animated.tilemap gfx/pokemon/gastly/front.2bpp gfx/pokemon/gastly/front.dimensions
tools/pokemon_animation_graphics -t gfx/pokemon/haunter/front.animated.tilemap gfx/pokemon/haunter/front.2bpp gfx/pokemon/haunter/front.dimensions
tools/pokemon_animation_graphics -t gfx/pokemon/gengar/front.animated.tilemap gfx/pokemon/gengar/front.2bpp gfx/pokemon/gengar/front.dimensions
tools/pokemon_animation_graphics -t gfx/pokemon/onix/front.animated.tilemap gfx/pokemon/onix/front.2bpp gfx/pokemon/onix/front.dimensions
tools/pokemon_animation_graphics -t gfx/pokemon/drowzee/front.animated.tilemap gfx/pokemon/drowzee/front.2bpp gfx/pokemon/drowzee/front.dimensions
tools/pokemon_animation_graphics -t gfx/pokemon/hypno/front.animated.tilemap gfx/pokemon/hypno/front.2bpp gfx/pokemon/hypno/front.dimensions
tools/pokemon_animation_graphics -t gfx/pokemon/krabby/front.animated.tilemap gfx/pokemon/krabby/front.2bpp gfx/pokemon/krabby/front.dimensions
tools/pokemon_animation_graphics -t gfx/pokemon/kingler/front.animated.tilemap gfx/pokemon/kingler/front.2bpp gfx/pokemon/kingler/front.dimensions
tools/pokemon_animation_graphics -t gfx/pokemon/exeggcute/front.animated.tilemap gfx/pokemon/exeggcute/front.2bpp gfx/pokemon/exeggcute/front.dimensions
tools/pokemon_animation_graphics -t gfx/pokemon/cubone/front.animated.tilemap gfx/pokemon/cubone/front.2bpp gfx/pokemon/cubone/front.dimensions
tools/pokemon_animation_graphics -t gfx/pokemon/hitmonlee/front.animated.tilemap gfx/pokemon/hitmonlee/front.2bpp gfx/pokemon/hitmonlee/front.dimensions
tools/pokemon_animation_graphics -t gfx/pokemon/hitmonchan/front.animated.tilemap gfx/pokemon/hitmonchan/front.2bpp gfx/pokemon/hitmonchan/front.dimensions
tools/pokemon_animation_graphics -t gfx/pokemon/lickitung/front.animated.tilemap gfx/pokemon/lickitung/front.2bpp gfx/pokemon/lickitung/front.dimensions
tools/pokemon_animation_graphics -t gfx/pokemon/koffing/front.animated.tilemap gfx/pokemon/koffing/front.2bpp gfx/pokemon/koffing/front.dimensions
tools/pokemon_animation_graphics -t gfx/pokemon/rhyhorn/front.animated.tilemap gfx/pokemon/rhyhorn/front.2bpp gfx/pokemon/rhyhorn/front.dimensions
tools/pokemon_animation_graphics -t gfx/pokemon/rhydon/front.animated.tilemap gfx/pokemon/rhydon/front.2bpp gfx/pokemon/rhydon/front.dimensions
tools/pokemon_animation_graphics -t gfx/pokemon/chansey/front.animated.tilemap gfx/pokemon/chansey/front.2bpp gfx/pokemon/chansey/front.dimensions
tools/pokemon_animation_graphics -t gfx/pokemon/tangela/front.animated.tilemap gfx/pokemon/tangela/front.2bpp gfx/pokemon/tangela/front.dimensions
tools/pokemon_animation_graphics -t gfx/pokemon/kangaskhan/front.animated.tilemap gfx/pokemon/kangaskhan/front.2bpp gfx/pokemon/kangaskhan/front.dimensions
tools/pokemon_animation_graphics -t gfx/pokemon/horsea/front.animated.tilemap gfx/pokemon/horsea/front.2bpp gfx/pokemon/horsea/front.dimensions
tools/pokemon_animation_graphics -t gfx/pokemon/seadra/front.animated.tilemap gfx/pokemon/seadra/front.2bpp gfx/pokemon/seadra/front.dimensions
tools/pokemon_animation_graphics -t gfx/pokemon/goldeen/front.animated.tilemap gfx/pokemon/goldeen/front.2bpp gfx/pokemon/goldeen/front.dimensions
tools/pokemon_animation_graphics -t gfx/pokemon/seaking/front.animated.tilemap gfx/pokemon/seaking/front.2bpp gfx/pokemon/seaking/front.dimensions
tools/pokemon_animation_graphics -t gfx/pokemon/staryu/front.animated.tilemap gfx/pokemon/staryu/front.2bpp gfx/pokemon/staryu/front.dimensions
tools/pokemon_animation_graphics -t gfx/pokemon/starmie/front.animated.tilemap gfx/pokemon/starmie/front.2bpp gfx/pokemon/starmie/front.dimensions
tools/pokemon_animation_graphics -t gfx/pokemon/scyther/front.animated.tilemap gfx/pokemon/scyther/front.2bpp gfx/pokemon/scyther/front.dimensions
tools/pokemon_animation_graphics -t gfx/pokemon/jynx/front.animated.tilemap gfx/pokemon/jynx/front.2bpp gfx/pokemon/jynx/front.dimensions
tools/pokemon_animation_graphics -t gfx/pokemon/electabuzz/front.animated.tilemap gfx/pokemon/electabuzz/front.2bpp gfx/pokemon/electabuzz/front.dimensions
tools/pokemon_animation_graphics -t gfx/pokemon/magmar/front.animated.tilemap gfx/pokemon/magmar/front.2bpp gfx/pokemon/magmar/front.dimensions
tools/pokemon_animation_graphics -t gfx/pokemon/pinsir/front.animated.tilemap gfx/pokemon/pinsir/front.2bpp gfx/pokemon/pinsir/front.dimensions
tools/pokemon_animation_graphics -t gfx/pokemon/lapras/front.animated.tilemap gfx/pokemon/lapras/front.2bpp gfx/pokemon/lapras/front.dimensions
tools/pokemon_animation_graphics -t gfx/pokemon/ditto/front.animated.tilemap gfx/pokemon/ditto/front.2bpp gfx/pokemon/ditto/front.dimensions
tools/pokemon_animation_graphics -t gfx/pokemon/eevee/front.animated.tilemap gfx/pokemon/eevee/front.2bpp gfx/pokemon/eevee/front.dimensions
tools/pokemon_animation_graphics -t gfx/pokemon/vaporeon/front.animated.tilemap gfx/pokemon/vaporeon/front.2bpp gfx/pokemon/vaporeon/front.dimensions
tools/pokemon_animation_graphics -t gfx/pokemon/jolteon/front.animated.tilemap gfx/pokemon/jolteon/front.2bpp gfx/pokemon/jolteon/front.dimensions
tools/pokemon_animation_graphics -t gfx/pokemon/flareon/front.animated.tilemap gfx/pokemon/flareon/front.2bpp gfx/pokemon/flareon/front.dimensions
tools/pokemon_animation_graphics -t gfx/pokemon/porygon/front.animated.tilemap gfx/pokemon/porygon/front.2bpp gfx/pokemon/porygon/front.dimensions
tools/pokemon_animation_graphics -t gfx/pokemon/omanyte/front.animated.tilemap gfx/pokemon/omanyte/front.2bpp gfx/pokemon/omanyte/front.dimensions
tools/pokemon_animation_graphics -t gfx/pokemon/omastar/front.animated.tilemap gfx/pokemon/omastar/front.2bpp gfx/pokemon/omastar/front.dimensions
tools/pokemon_animation_graphics -t gfx/pokemon/kabuto/front.animated.tilemap gfx/pokemon/kabuto/front.2bpp gfx/pokemon/kabuto/front.dimensions
tools/pokemon_animation_graphics -t gfx/pokemon/kabutops/front.animated.tilemap gfx/pokemon/kabutops/front.2bpp gfx/pokemon/kabutops/front.dimensions
tools/pokemon_animation_graphics -t gfx/pokemon/aerodactyl/front.animated.tilemap gfx/pokemon/aerodactyl/front.2bpp gfx/pokemon/aerodactyl/front.dimensions
tools/pokemon_animation_graphics -t gfx/pokemon/snorlax/front.animated.tilemap gfx/pokemon/snorlax/front.2bpp gfx/pokemon/snorlax/front.dimensions
tools/pokemon_animation_graphics -t gfx/pokemon/dratini/front.animated.tilemap gfx/pokemon/dratini/front.2bpp gfx/pokemon/dratini/front.dimensions
tools/pokemon_animation_graphics -t gfx/pokemon/dragonair/front.animated.tilemap gfx/pokemon/dragonair/front.2bpp gfx/pokemon/dragonair/front.dimensions
tools/pokemon_animation_graphics -t gfx/pokemon/dragonite/front.animated.tilemap gfx/pokemon/dragonite/front.2bpp gfx/pokemon/dragonite/front.dimensions
tools/pokemon_animation_graphics -t gfx/pokemon/mew/front.animated.tilemap gfx/pokemon/mew/front.2bpp gfx/pokemon/mew/front.dimensions
tools/pokemon_animation_graphics -t gfx/pokemon/chikorita/front.animated.tilemap gfx/pokemon/chikorita/front.2bpp gfx/pokemon/chikorita/front.dimensions
tools/pokemon_animation_graphics -t gfx/pokemon/bayleef/front.animated.tilemap gfx/pokemon/bayleef/front.2bpp gfx/pokemon/bayleef/front.dimensions
tools/pokemon_animation_graphics -t gfx/pokemon/meganium/front.animated.tilemap gfx/pokemon/meganium/front.2bpp gfx/pokemon/meganium/front.dimensions
tools/pokemon_animation_graphics -t gfx/pokemon/cyndaquil/front.animated.tilemap gfx/pokemon/cyndaquil/front.2bpp gfx/pokemon/cyndaquil/front.dimensions
tools/pokemon_animation_graphics -t gfx/pokemon/quilava/front.animated.tilemap gfx/pokemon/quilava/front.2bpp gfx/pokemon/quilava/front.dimensions
tools/pokemon_animation_graphics -t gfx/pokemon/totodile/front.animated.tilemap gfx/pokemon/totodile/front.2bpp gfx/pokemon/totodile/front.dimensions
tools/pokemon_animation_graphics -t gfx/pokemon/croconaw/front.animated.tilemap gfx/pokemon/croconaw/front.2bpp gfx/pokemon/croconaw/front.dimensions
tools/pokemon_animation_graphics -t gfx/pokemon/feraligatr/front.animated.tilemap gfx/pokemon/feraligatr/front.2bpp gfx/pokemon/feraligatr/front.dimensions
tools/pokemon_animation_graphics -t gfx/pokemon/sentret/front.animated.tilemap gfx/pokemon/sentret/front.2bpp gfx/pokemon/sentret/front.dimensions
tools/pokemon_animation_graphics -t gfx/pokemon/furret/front.animated.tilemap gfx/pokemon/furret/front.2bpp gfx/pokemon/furret/front.dimensions
tools/pokemon_animation_graphics -t gfx/pokemon/hoothoot/front.animated.tilemap gfx/pokemon/hoothoot/front.2bpp gfx/pokemon/hoothoot/front.dimensions
tools/pokemon_animation_graphics -t gfx/pokemon/noctowl/front.animated.tilemap gfx/pokemon/noctowl/front.2bpp gfx/pokemon/noctowl/front.dimensions
tools/pokemon_animation_graphics -t gfx/pokemon/ledyba/front.animated.tilemap gfx/pokemon/ledyba/front.2bpp gfx/pokemon/ledyba/front.dimensions
tools/pokemon_animation_graphics -t gfx/pokemon/ledian/front.animated.tilemap gfx/pokemon/ledian/front.2bpp gfx/pokemon/ledian/front.dimensions
tools/pokemon_animation_graphics -t gfx/pokemon/spinarak/front.animated.tilemap gfx/pokemon/spinarak/front.2bpp gfx/pokemon/spinarak/front.dimensions
tools/pokemon_animation_graphics -t gfx/pokemon/ariados/front.animated.tilemap gfx/pokemon/ariados/front.2bpp gfx/pokemon/ariados/front.dimensions
tools/pokemon_animation_graphics -t gfx/pokemon/crobat/front.animated.tilemap gfx/pokemon/crobat/front.2bpp gfx/pokemon/crobat/front.dimensions
tools/pokemon_animation_graphics -t gfx/pokemon/chinchou/front.animated.tilemap gfx/pokemon/chinchou/front.2bpp gfx/pokemon/chinchou/front.dimensions
tools/pokemon_animation_graphics -t gfx/pokemon/lanturn/front.animated.tilemap gfx/pokemon/lanturn/front.2bpp gfx/pokemon/lanturn/front.dimensions
tools/pokemon_animation_graphics -t gfx/pokemon/cleffa/front.animated.tilemap gfx/pokemon/cleffa/front.2bpp gfx/pokemon/cleffa/front.dimensions
tools/pokemon_animation_graphics -t gfx/pokemon/igglybuff/front.animated.tilemap gfx/pokemon/igglybuff/front.2bpp gfx/pokemon/igglybuff/front.dimensions
tools/pokemon_animation_graphics -t gfx/pokemon/togepi/front.animated.tilemap gfx/pokemon/togepi/front.2bpp gfx/pokemon/togepi/front.dimensions
tools/pokemon_animation_graphics -t gfx/pokemon/togetic/front.animated.tilemap gfx/pokemon/togetic/front.2bpp gfx/pokemon/togetic/front.dimensions
tools/pokemon_animation_graphics -t gfx/pokemon/natu/front.animated.tilemap gfx/pokemon/natu/front.2bpp gfx/pokemon/natu/front.dimensions
tools/pokemon_animation_graphics -t gfx/pokemon/xatu/front.animated.tilemap gfx/pokemon/xatu/front.2bpp gfx/pokemon/xatu/front.dimensions
tools/pokemon_animation_graphics -t gfx/pokemon/mareep/front.animated.tilemap gfx/pokemon/mareep/front.2bpp gfx/pokemon/mareep/front.dimensions
tools/pokemon_animation_graphics -t gfx/pokemon/flaaffy/front.animated.tilemap gfx/pokemon/flaaffy/front.2bpp gfx/pokemon/flaaffy/front.dimensions
tools/pokemon_animation_graphics -t gfx/pokemon/ampharos/front.animated.tilemap gfx/pokemon/ampharos/front.2bpp gfx/pokemon/ampharos/front.dimensions
tools/pokemon_animation_graphics -t gfx/pokemon/bellossom/front.animated.tilemap gfx/pokemon/bellossom/front.2bpp gfx/pokemon/bellossom/front.dimensions
tools/pokemon_animation_graphics -t gfx/pokemon/sudowoodo/front.animated.tilemap gfx/pokemon/sudowoodo/front.2bpp gfx/pokemon/sudowoodo/front.dimensions
tools/pokemon_animation_graphics -t gfx/pokemon/marill/front.animated.tilemap gfx/pokemon/marill/front.2bpp gfx/pokemon/marill/front.dimensions
tools/pokemon_animation_graphics -t gfx/pokemon/azumarill/front.animated.tilemap gfx/pokemon/azumarill/front.2bpp gfx/pokemon/azumarill/front.dimensions
tools/pokemon_animation_graphics -t gfx/pokemon/politoed/front.animated.tilemap gfx/pokemon/politoed/front.2bpp gfx/pokemon/politoed/front.dimensions
tools/pokemon_animation_graphics -t gfx/pokemon/hoppip/front.animated.tilemap gfx/pokemon/hoppip/front.2bpp gfx/pokemon/hoppip/front.dimensions
tools/pokemon_animation_graphics -t gfx/pokemon/skiploom/front.animated.tilemap gfx/pokemon/skiploom/front.2bpp gfx/pokemon/skiploom/front.dimensions
tools/pokemon_animation_graphics -t gfx/pokemon/jumpluff/front.animated.tilemap gfx/pokemon/jumpluff/front.2bpp gfx/pokemon/jumpluff/front.dimensions
tools/pokemon_animation_graphics -t gfx/pokemon/aipom/front.animated.tilemap gfx/pokemon/aipom/front.2bpp gfx/pokemon/aipom/front.dimensions
tools/pokemon_animation_graphics -t gfx/pokemon/sunkern/front.animated.tilemap gfx/pokemon/sunkern/front.2bpp gfx/pokemon/sunkern/front.dimensions
tools/pokemon_animation_graphics -t gfx/pokemon/sunflora/front.animated.tilemap gfx/pokemon/sunflora/front.2bpp gfx/pokemon/sunflora/front.dimensions
tools/pokemon_animation_graphics -t gfx/pokemon/yanma/front.animated.tilemap gfx/pokemon/yanma/front.2bpp gfx/pokemon/yanma/front.dimensions
tools/pokemon_animation_graphics -t gfx/pokemon/quagsire/front.animated.tilemap gfx/pokemon/quagsire/front.2bpp gfx/pokemon/quagsire/front.dimensions
tools/pokemon_animation_graphics -t gfx/pokemon/espeon/front.animated.tilemap gfx/pokemon/espeon/front.2bpp gfx/pokemon/espeon/front.dimensions
tools/pokemon_animation_graphics -t gfx/pokemon/umbreon/front.animated.tilemap gfx/pokemon/umbreon/front.2bpp gfx/pokemon/umbreon/front.dimensions
tools/pokemon_animation_graphics -t gfx/pokemon/murkrow/front.animated.tilemap gfx/pokemon/murkrow/front.2bpp gfx/pokemon/murkrow/front.dimensions
tools/pokemon_animation_graphics -t gfx/pokemon/misdreavus/front.animated.tilemap gfx/pokemon/misdreavus/front.2bpp gfx/pokemon/misdreavus/front.dimensions
tools/pokemon_animation_graphics -t gfx/pokemon/wobbuffet/front.animated.tilemap gfx/pokemon/wobbuffet/front.2bpp gfx/pokemon/wobbuffet/front.dimensions
tools/pokemon_animation_graphics -t gfx/pokemon/girafarig/front.animated.tilemap gfx/pokemon/girafarig/front.2bpp gfx/pokemon/girafarig/front.dimensions
tools/pokemon_animation_graphics -t gfx/pokemon/pineco/front.animated.tilemap gfx/pokemon/pineco/front.2bpp gfx/pokemon/pineco/front.dimensions
tools/pokemon_animation_graphics -t gfx/pokemon/forretress/front.animated.tilemap gfx/pokemon/forretress/front.2bpp gfx/pokemon/forretress/front.dimensions
tools/pokemon_animation_graphics -t gfx/pokemon/dunsparce/front.animated.tilemap gfx/pokemon/dunsparce/front.2bpp gfx/pokemon/dunsparce/front.dimensions
tools/pokemon_animation_graphics -t gfx/pokemon/gligar/front.animated.tilemap gfx/pokemon/gligar/front.2bpp gfx/pokemon/gligar/front.dimensions
tools/pokemon_animation_graphics -t gfx/pokemon/steelix/front.animated.tilemap gfx/pokemon/steelix/front.2bpp gfx/pokemon/steelix/front.dimensions
tools/pokemon_animation_graphics -t gfx/pokemon/snubbull/front.animated.tilemap gfx/pokemon/snubbull/front.2bpp gfx/pokemon/snubbull/front.dimensions
tools/pokemon_animation_graphics -t gfx/pokemon/granbull/front.animated.tilemap gfx/pokemon/granbull/front.2bpp gfx/pokemon/granbull/front.dimensions
tools/pokemon_animation_graphics -t gfx/pokemon/scizor/front.animated.tilemap gfx/pokemon/scizor/front.2bpp gfx/pokemon/scizor/front.dimensions
tools/pokemon_animation_graphics -t gfx/pokemon/shuckle/front.animated.tilemap gfx/pokemon/shuckle/front.2bpp gfx/pokemon/shuckle/front.dimensions
tools/pokemon_animation_graphics -t gfx/pokemon/heracross/front.animated.tilemap gfx/pokemon/heracross/front.2bpp gfx/pokemon/heracross/front.dimensions
tools/pokemon_animation_graphics -t gfx/pokemon/teddiursa/front.animated.tilemap gfx/pokemon/teddiursa/front.2bpp gfx/pokemon/teddiursa/front.dimensions
tools/pokemon_animation_graphics -t gfx/pokemon/ursaring/front.animated.tilemap gfx/pokemon/ursaring/front.2bpp gfx/pokemon/ursaring/front.dimensions
tools/pokemon_animation_graphics -t gfx/pokemon/slugma/front.animated.tilemap gfx/pokemon/slugma/front.2bpp gfx/pokemon/slugma/front.dimensions
tools/pokemon_animation_graphics -t gfx/pokemon/magcargo/front.animated.tilemap gfx/pokemon/magcargo/front.2bpp gfx/pokemon/magcargo/front.dimensions
tools/pokemon_animation_graphics -t gfx/pokemon/swinub/front.animated.tilemap gfx/pokemon/swinub/front.2bpp gfx/pokemon/swinub/front.dimensions
tools/pokemon_animation_graphics -t gfx/pokemon/piloswine/front.animated.tilemap gfx/pokemon/piloswine/front.2bpp gfx/pokemon/piloswine/front.dimensions
tools/pokemon_animation_graphics -t gfx/pokemon/remoraid/front.animated.tilemap gfx/pokemon/remoraid/front.2bpp gfx/pokemon/remoraid/front.dimensions
tools/pokemon_animation_graphics -t gfx/pokemon/octillery/front.animated.tilemap gfx/pokemon/octillery/front.2bpp gfx/pokemon/octillery/front.dimensions
tools/pokemon_animation_graphics -t gfx/pokemon/delibird/front.animated.tilemap gfx/pokemon/delibird/front.2bpp gfx/pokemon/delibird/front.dimensions
tools/pokemon_animation_graphics -t gfx/pokemon/mantine/front.animated.tilemap gfx/pokemon/mantine/front.2bpp gfx/pokemon/mantine/front.dimensions
tools/pokemon_animation_graphics -t gfx/pokemon/skarmory/front.animated.tilemap gfx/pokemon/skarmory/front.2bpp gfx/pokemon/skarmory/front.dimensions
tools/pokemon_animation_graphics -t gfx/pokemon/houndour/front.animated.tilemap gfx/pokemon/houndour/front.2bpp gfx/pokemon/houndour/front.dimensions
tools/pokemon_animation_graphics -t gfx/pokemon/houndoom/front.animated.tilemap gfx/pokemon/houndoom/front.2bpp gfx/pokemon/houndoom/front.dimensions
tools/pokemon_animation_graphics -t gfx/pokemon/kingdra/front.animated.tilemap gfx/pokemon/kingdra/front.2bpp gfx/pokemon/kingdra/front.dimensions
tools/pokemon_animation_graphics -t gfx/pokemon/phanpy/front.animated.tilemap gfx/pokemon/phanpy/front.2bpp gfx/pokemon/phanpy/front.dimensions
tools/pokemon_animation_graphics -t gfx/pokemon/donphan/front.animated.tilemap gfx/pokemon/donphan/front.2bpp gfx/pokemon/donphan/front.dimensions
tools/pokemon_animation_graphics -t gfx/pokemon/porygon2/front.animated.tilemap gfx/pokemon/porygon2/front.2bpp gfx/pokemon/porygon2/front.dimensions
tools/pokemon_animation_graphics -t gfx/pokemon/stantler/front.animated.tilemap gfx/pokemon/stantler/front.2bpp gfx/pokemon/stantler/front.dimensions
tools/pokemon_animation_graphics -t gfx/pokemon/smeargle/front.animated.tilemap gfx/pokemon/smeargle/front.2bpp gfx/pokemon/smeargle/front.dimensions
tools/pokemon_animation_graphics -t gfx/pokemon/tyrogue/front.animated.tilemap gfx/pokemon/tyrogue/front.2bpp gfx/pokemon/tyrogue/front.dimensions
tools/pokemon_animation_graphics -t gfx/pokemon/hitmontop/front.animated.tilemap gfx/pokemon/hitmontop/front.2bpp gfx/pokemon/hitmontop/front.dimensions
tools/pokemon_animation_graphics -t gfx/pokemon/smoochum/front.animated.tilemap gfx/pokemon/smoochum/front.2bpp gfx/pokemon/smoochum/front.dimensions
tools/pokemon_animation_graphics -t gfx/pokemon/elekid/front.animated.tilemap gfx/pokemon/elekid/front.2bpp gfx/pokemon/elekid/front.dimensions
tools/pokemon_animation_graphics -t gfx/pokemon/magby/front.animated.tilemap gfx/pokemon/magby/front.2bpp gfx/pokemon/magby/front.dimensions
tools/pokemon_animation_graphics -t gfx/pokemon/miltank/front.animated.tilemap gfx/pokemon/miltank/front.2bpp gfx/pokemon/miltank/front.dimensions
tools/pokemon_animation_graphics -t gfx/pokemon/blissey/front.animated.tilemap gfx/pokemon/blissey/front.2bpp gfx/pokemon/blissey/front.dimensions
tools/pokemon_animation_graphics -t gfx/pokemon/raikou/front.animated.tilemap gfx/pokemon/raikou/front.2bpp gfx/pokemon/raikou/front.dimensions
tools/pokemon_animation_graphics -t gfx/pokemon/entei/front.animated.tilemap gfx/pokemon/entei/front.2bpp gfx/pokemon/entei/front.dimensions
tools/pokemon_animation_graphics -t gfx/pokemon/suicune/front.animated.tilemap gfx/pokemon/suicune/front.2bpp gfx/pokemon/suicune/front.dimensions
tools/pokemon_animation_graphics -t gfx/pokemon/larvitar/front.animated.tilemap gfx/pokemon/larvitar/front.2bpp gfx/pokemon/larvitar/front.dimensions
tools/pokemon_animation_graphics -t gfx/pokemon/pupitar/front.animated.tilemap gfx/pokemon/pupitar/front.2bpp gfx/pokemon/pupitar/front.dimensions
tools/pokemon_animation_graphics -t gfx/pokemon/tyranitar/front.animated.tilemap gfx/pokemon/tyranitar/front.2bpp gfx/pokemon/tyranitar/front.dimensions
tools/pokemon_animation_graphics -t gfx/pokemon/lugia/front.animated.tilemap gfx/pokemon/lugia/front.2bpp gfx/pokemon/lugia/front.dimensions
tools/pokemon_animation_graphics -t gfx/pokemon/ho_oh/front.animated.tilemap gfx/pokemon/ho_oh/front.2bpp gfx/pokemon/ho_oh/front.dimensions
tools/pokemon_animation_graphics -t gfx/pokemon/celebi/front.animated.tilemap gfx/pokemon/celebi/front.2bpp gfx/pokemon/celebi/front.dimensions
tools/pokemon_animation_graphics -t gfx/pokemon/azurill/front.animated.tilemap gfx/pokemon/azurill/front.2bpp gfx/pokemon/azurill/front.dimensions
tools/pokemon_animation_graphics -t gfx/pokemon/wynaut/front.animated.tilemap gfx/pokemon/wynaut/front.2bpp gfx/pokemon/wynaut/front.dimensions
tools/pokemon_animation_graphics -t gfx/pokemon/ambipom/front.animated.tilemap gfx/pokemon/ambipom/front.2bpp gfx/pokemon/ambipom/front.dimensions
tools/pokemon_animation_graphics -t gfx/pokemon/mismagius/front.animated.tilemap gfx/pokemon/mismagius/front.2bpp gfx/pokemon/mismagius/front.dimensions
tools/pokemon_animation_graphics -t gfx/pokemon/honchkrow/front.animated.tilemap gfx/pokemon/honchkrow/front.2bpp gfx/pokemon/honchkrow/front.dimensions
tools/pokemon_animation_graphics -t gfx/pokemon/bonsly/front.animated.tilemap gfx/pokemon/bonsly/front.2bpp gfx/pokemon/bonsly/front.dimensions
tools/pokemon_animation_graphics -t gfx/pokemon/mime_jr_/front.animated.tilemap gfx/pokemon/mime_jr_/front.2bpp gfx/pokemon/mime_jr_/front.dimensions
tools/pokemon_animation_graphics -t gfx/pokemon/happiny/front.animated.tilemap gfx/pokemon/happiny/front.2bpp gfx/pokemon/happiny/front.dimensions
tools/pokemon_animation_graphics -t gfx/pokemon/munchlax/front.animated.tilemap gfx/pokemon/munchlax/front.2bpp gfx/pokemon/munchlax/front.dimensions
tools/pokemon_animation_graphics -t gfx/pokemon/mantyke/front.animated.tilemap gfx/pokemon/mantyke/front.2bpp gfx/pokemon/mantyke/front.dimensions
tools/pokemon_animation_graphics -t gfx/pokemon/weavile/front.animated.tilemap gfx/pokemon/weavile/front.2bpp gfx/pokemon/weavile/front.dimensions
tools/pokemon_animation_graphics -t gfx/pokemon/magnezone/front.animated.tilemap gfx/pokemon/magnezone/front.2bpp gfx/pokemon/magnezone/front.dimensions
tools/pokemon_animation_graphics -t gfx/pokemon/lickilicky/front.animated.tilemap gfx/pokemon/lickilicky/front.2bpp gfx/pokemon/lickilicky/front.dimensions
tools/pokemon_animation_graphics -t gfx/pokemon/rhyperior/front.animated.tilemap gfx/pokemon/rhyperior/front.2bpp gfx/pokemon/rhyperior/front.dimensions
tools/pokemon_animation_graphics -t gfx/pokemon/tangrowth/front.animated.tilemap gfx/pokemon/tangrowth/front.2bpp gfx/pokemon/tangrowth/front.dimensions
tools/pokemon_animation_graphics -t gfx/pokemon/electivire/front.animated.tilemap gfx/pokemon/electivire/front.2bpp gfx/pokemon/electivire/front.dimensions
tools/pokemon_animation_graphics -t gfx/pokemon/magmortar/front.animated.tilemap gfx/pokemon/magmortar/front.2bpp gfx/pokemon/magmortar/front.dimensions
tools/pokemon_animation_graphics -t gfx/pokemon/togekiss/front.animated.tilemap gfx/pokemon/togekiss/front.2bpp gfx/pokemon/togekiss/front.dimensions
tools/pokemon_animation_graphics -t gfx/pokemon/yanmega/front.animated.tilemap gfx/pokemon/yanmega/front.2bpp gfx/pokemon/yanmega/front.dimensions
tools/pokemon_animation_graphics -t gfx/pokemon/leafeon/front.animated.tilemap gfx/pokemon/leafeon/front.2bpp gfx/pokemon/leafeon/front.dimensions
tools/pokemon_animation_graphics -t gfx/pokemon/glaceon/front.animated.tilemap gfx/pokemon/glaceon/front.2bpp gfx/pokemon/glaceon/front.dimensions
tools/pokemon_animation_graphics -t gfx/pokemon/gliscor/front.animated.tilemap gfx/pokemon/gliscor/front.2bpp gfx/pokemon/gliscor/front.dimensions
tools/pokemon_animation_graphics -t gfx/pokemon/mamoswine/front.animated.tilemap gfx/pokemon/mamoswine/front.2bpp gfx/pokemon/mamoswine/front.dimensions
tools/pokemon_animation_graphics -t gfx/pokemon/porygon_z/front.animated.tilemap gfx/pokemon/porygon_z/front.2bpp gfx/pokemon/porygon_z/front.dimensions
tools/pokemon_animation_graphics -t gfx/pokemon/sylveon/front.animated.tilemap gfx/pokemon/sylveon/front.2bpp gfx/pokemon/sylveon/front.dimensions
tools/pokemon_animation_graphics -t gfx/pokemon/perrserker/front.animated.tilemap gfx/pokemon/perrserker/front.2bpp gfx/pokemon/perrserker/front.dimensions
tools/pokemon_animation_graphics -t gfx/pokemon/cursola/front.animated.tilemap gfx/pokemon/cursola/front.2bpp gfx/pokemon/cursola/front.dimensions
tools/pokemon_animation_graphics -t gfx/pokemon/sirfetch_d/front.animated.tilemap gfx/pokemon/sirfetch_d/front.2bpp gfx/pokemon/sirfetch_d/front.dimensions
tools/pokemon_animation_graphics -t gfx/pokemon/mr__rime/front.animated.tilemap gfx/pokemon/mr__rime/front.2bpp gfx/pokemon/mr__rime/front.dimensions
tools/pokemon_animation_graphics -t gfx/pokemon/wyrdeer/front.animated.tilemap gfx/pokemon/wyrdeer/front.2bpp gfx/pokemon/wyrdeer/front.dimensions
tools/pokemon_animation_graphics -t gfx/pokemon/kleavor/front.animated.tilemap gfx/pokemon/kleavor/front.2bpp gfx/pokemon/kleavor/front.dimensions
tools/pokemon_animation_graphics -t gfx/pokemon/sneasler/front.animated.tilemap gfx/pokemon/sneasler/front.2bpp gfx/pokemon/sneasler/front.dimensions
tools/pokemon_animation_graphics -t gfx/pokemon/overqwil/front.animated.tilemap gfx/pokemon/overqwil/front.2bpp gfx/pokemon/overqwil/front.dimensions
tools/pokemon_animation_graphics -t gfx/pokemon/farigiraf/front.animated.tilemap gfx/pokemon/farigiraf/front.2bpp gfx/pokemon/farigiraf/front.dimensions
tools/pokemon_animation_graphics -t gfx/pokemon/clodsire/front.animated.tilemap gfx/pokemon/clodsire/front.2bpp gfx/pokemon/clodsire/front.dimensions
tools/pokemon_animation_graphics -t gfx/pokemon/annihilape/front.animated.tilemap gfx/pokemon/annihilape/front.2bpp gfx/pokemon/annihilape/front.dimensions
tools/pokemon_animation_graphics -t gfx/pokemon/egg/front.animated.tilemap gfx/pokemon/egg/front.2bpp gfx/pokemon/egg/front.dimensions
tools/pokemon_animation_graphics -t gfx/pokemon/unown_a/front.animated.tilemap gfx/pokemon/unown_a/front.2bpp gfx/pokemon/unown_a/front.dimensions
tools/pokemon_animation_graphics -t gfx/pokemon/unown_b/front.animated.tilemap gfx/pokemon/unown_b/front.2bpp gfx/pokemon/unown_b/front.dimensions
tools/pokemon_animation_graphics -t gfx/pokemon/unown_c/front.animated.tilemap gfx/pokemon/unown_c/front.2bpp gfx/pokemon/unown_c/front.dimensions
tools/pokemon_animation_graphics -t gfx/pokemon/unown_d/front.animated.tilemap gfx/pokemon/unown_d/front.2bpp gfx/pokemon/unown_d/front.dimensions
tools/pokemon_animation_graphics -t gfx/pokemon/unown_e/front.animated.tilemap gfx/pokemon/unown_e/front.2bpp gfx/pokemon/unown_e/front.dimensions
tools/pokemon_animation_graphics -t gfx/pokemon/unown_f/front.animated.tilemap gfx/pokemon/unown_f/front.2bpp gfx/pokemon/unown_f/front.dimensions
tools/pokemon_animation_graphics -t gfx/pokemon/unown_g/front.animated.tilemap gfx/pokemon/unown_g/front.2bpp gfx/pokemon/unown_g/front.dimensions
tools/pokemon_animation_graphics -t gfx/pokemon/unown_h/front.animated.tilemap gfx/pokemon/unown_h/front.2bpp gfx/pokemon/unown_h/front.dimensions
tools/pokemon_animation_graphics -t gfx/pokemon/unown_i/front.animated.tilemap gfx/pokemon/unown_i/front.2bpp gfx/pokemon/unown_i/front.dimensions
tools/pokemon_animation_graphics -t gfx/pokemon/unown_j/front.animated.tilemap gfx/pokemon/unown_j/front.2bpp gfx/pokemon/unown_j/front.dimensions
tools/pokemon_animation_graphics -t gfx/pokemon/unown_k/front.animated.tilemap gfx/pokemon/unown_k/front.2bpp gfx/pokemon/unown_k/front.dimensions
tools/pokemon_animation_graphics -t gfx/pokemon/unown_l/front.animated.tilemap gfx/pokemon/unown_l/front.2bpp gfx/pokemon/unown_l/front.dimensions
tools/pokemon_animation_graphics -t gfx/pokemon/unown_m/front.animated.tilemap gfx/pokemon/unown_m/front.2bpp gfx/pokemon/unown_m/front.dimensions
tools/pokemon_animation_graphics -t gfx/pokemon/unown_n/front.animated.tilemap gfx/pokemon/unown_n/front.2bpp gfx/pokemon/unown_n/front.dimensions
tools/pokemon_animation_graphics -t gfx/pokemon/unown_o/front.animated.tilemap gfx/pokemon/unown_o/front.2bpp gfx/pokemon/unown_o/front.dimensions
tools/pokemon_animation_graphics -t gfx/pokemon/unown_p/front.animated.tilemap gfx/pokemon/unown_p/front.2bpp gfx/pokemon/unown_p/front.dimensions
tools/pokemon_animation_graphics -t gfx/pokemon/unown_q/front.animated.tilemap gfx/pokemon/unown_q/front.2bpp gfx/pokemon/unown_q/front.dimensions
tools/pokemon_animation_graphics -t gfx/pokemon/unown_r/front.animated.tilemap gfx/pokemon/unown_r/front.2bpp gfx/pokemon/unown_r/front.dimensions
tools/pokemon_animation_graphics -t gfx/pokemon/unown_s/front.animated.tilemap gfx/pokemon/unown_s/front.2bpp gfx/pokemon/unown_s/front.dimensions
tools/pokemon_animation_graphics -t gfx/pokemon/unown_t/front.animated.tilemap gfx/pokemon/unown_t/front.2bpp gfx/pokemon/unown_t/front.dimensions
tools/pokemon_animation_graphics -t gfx/pokemon/unown_u/front.animated.tilemap gfx/pokemon/unown_u/front.2bpp gfx/pokemon/unown_u/front.dimensions
tools/pokemon_animation_graphics -t gfx/pokemon/unown_v/front.animated.tilemap gfx/pokemon/unown_v/front.2bpp gfx/pokemon/unown_v/front.dimensions
tools/pokemon_animation_graphics -t gfx/pokemon/unown_w/front.animated.tilemap gfx/pokemon/unown_w/front.2bpp gfx/pokemon/unown_w/front.dimensions
tools/pokemon_animation_graphics -t gfx/pokemon/unown_x/front.animated.tilemap gfx/pokemon/unown_x/front.2bpp gfx/pokemon/unown_x/front.dimensions
tools/pokemon_animation_graphics -t gfx/pokemon/unown_y/front.animated.tilemap gfx/pokemon/unown_y/front.2bpp gfx/pokemon/unown_y/front.dimensions
tools/pokemon_animation_graphics -t gfx/pokemon/unown_z/front.animated.tilemap gfx/pokemon/unown_z/front.2bpp gfx/pokemon/unown_z/front.dimensions
tools/pokemon_animation_graphics -t gfx/pokemon/unown_exclamation/front.animated.tilemap gfx/pokemon/unown_exclamation/front.2bpp gfx/pokemon/unown_exclamation/front.dimensions
tools/pokemon_animation_graphics -t gfx/pokemon/unown_question/front.animated.tilemap gfx/pokemon/unown_question/front.2bpp gfx/pokemon/unown_question/front.dimensions
tools/pokemon_animation_graphics -t gfx/pokemon/pichu_plain/front.animated.tilemap gfx/pokemon/pichu_plain/front.2bpp gfx/pokemon/pichu_plain/front.dimensions
tools/pokemon_animation_graphics -t gfx/pokemon/pichu_spiky/front.animated.tilemap gfx/pokemon/pichu_spiky/front.2bpp gfx/pokemon/pichu_spiky/front.dimensions
tools/pokemon_animation_graphics -t gfx/pokemon/pikachu_plain/front.animated.tilemap gfx/pokemon/pikachu_plain/front.2bpp gfx/pokemon/pikachu_plain/front.dimensions
tools/pokemon_animation_graphics -t gfx/pokemon/pikachu_fly/front.animated.tilemap gfx/pokemon/pikachu_fly/front.2bpp gfx/pokemon/pikachu_fly/front.dimensions
tools/pokemon_animation_graphics -t gfx/pokemon/pikachu_surf/front.animated.tilemap gfx/pokemon/pikachu_surf/front.2bpp gfx/pokemon/pikachu_surf/front.dimensions
tools/pokemon_animation_graphics -t gfx/pokemon/pikachu_pika/front.animated.tilemap gfx/pokemon/pikachu_pika/front.2bpp gfx/pokemon/pikachu_pika/front.dimensions
tools/pokemon_animation_graphics -t gfx/pokemon/pikachu_chuchu/front.animated.tilemap gfx/pokemon/pikachu_chuchu/front.2bpp gfx/pokemon/pikachu_chuchu/front.dimensions
tools/pokemon_animation_graphics -t gfx/pokemon/pikachu_spark/front.animated.tilemap gfx/pokemon/pikachu_spark/front.2bpp gfx/pokemon/pikachu_spark/front.dimensions
tools/pokemon_animation_graphics -t gfx/pokemon/arbok_johto/front.animated.tilemap gfx/pokemon/arbok_johto/front.2bpp gfx/pokemon/arbok_johto/front.dimensions
tools/pokemon_animation_graphics -t gfx/pokemon/arbok_kanto/front.animated.tilemap gfx/pokemon/arbok_kanto/front.2bpp gfx/pokemon/arbok_kanto/front.dimensions
tools/pokemon_animation_graphics -t gfx/pokemon/arbok_orange/front.animated.tilemap gfx/pokemon/arbok_orange/front.2bpp gfx/pokemon/arbok_orange/front.dimensions
tools/pokemon_animation_graphics -t gfx/pokemon/arbok_koga/front.animated.tilemap gfx/pokemon/arbok_koga/front.2bpp gfx/pokemon/arbok_koga/front.dimensions
tools/pokemon_animation_graphics -t gfx/pokemon/arbok_agatha/front.animated.tilemap gfx/pokemon/arbok_agatha/front.2bpp gfx/pokemon/arbok_agatha/front.dimensions
tools/pokemon_animation_graphics -t gfx/pokemon/arbok_ariana/front.animated.tilemap gfx/pokemon/arbok_ariana/front.2bpp gfx/pokemon/arbok_ariana/front.dimensions
tools/pokemon_animation_graphics -t gfx/pokemon/magikarp_plain/front.animated.tilemap gfx/pokemon/magikarp_plain/front.2bpp gfx/pokemon/magikarp_plain/front.dimensions
tools/pokemon_animation_graphics -t gfx/pokemon/magikarp_skelly/front.animated.tilemap gfx/pokemon/magikarp_skelly/front.2bpp gfx/pokemon/magikarp_skelly/front.dimensions
tools/pokemon_animation_graphics -t gfx/pokemon/magikarp_calico1/front.animated.tilemap gfx/pokemon/magikarp_calico1/front.2bpp gfx/pokemon/magikarp_calico1/front.dimensions
tools/pokemon_animation_graphics -t gfx/pokemon/magikarp_calico2/front.animated.tilemap gfx/pokemon/magikarp_calico2/front.2bpp gfx/pokemon/magikarp_calico2/front.dimensions
tools/pokemon_animation_graphics -t gfx/pokemon/magikarp_calico3/front.animated.tilemap gfx/pokemon/magikarp_calico3/front.2bpp gfx/pokemon/magikarp_calico3/front.dimensions
tools/pokemon_animation_graphics -t gfx/pokemon/magikarp_twotone/front.animated.tilemap gfx/pokemon/magikarp_twotone/front.2bpp gfx/pokemon/magikarp_twotone/front.dimensions
tools/pokemon_animation_graphics -t gfx/pokemon/magikarp_orca/front.animated.tilemap gfx/pokemon/magikarp_orca/front.2bpp gfx/pokemon/magikarp_orca/front.dimensions
tools/pokemon_animation_graphics -t gfx/pokemon/magikarp_dapples/front.animated.tilemap gfx/pokemon/magikarp_dapples/front.2bpp gfx/pokemon/magikarp_dapples/front.dimensions
tools/pokemon_animation_graphics -t gfx/pokemon/magikarp_tiger/front.animated.tilemap gfx/pokemon/magikarp_tiger/front.2bpp gfx/pokemon/magikarp_tiger/front.dimensions
tools/pokemon_animation_graphics -t gfx/pokemon/magikarp_zebra/front.animated.tilemap gfx/pokemon/magikarp_zebra/front.2bpp gfx/pokemon/magikarp_zebra/front.dimensions
tools/pokemon_animation_graphics -t gfx/pokemon/magikarp_stripe/front.animated.tilemap gfx/pokemon/magikarp_stripe/front.2bpp gfx/pokemon/magikarp_stripe/front.dimensions
tools/pokemon_animation_graphics -t gfx/pokemon/magikarp_bubbles/front.animated.tilemap gfx/pokemon/magikarp_bubbles/front.2bpp gfx/pokemon/magikarp_bubbles/front.dimensions
tools/pokemon_animation_graphics -t gfx/pokemon/magikarp_diamonds/front.animated.tilemap gfx/pokemon/magikarp_diamonds/front.2bpp gfx/pokemon/magikarp_diamonds/front.dimensions
tools/pokemon_animation_graphics -t gfx/pokemon/magikarp_patches/front.animated.tilemap gfx/pokemon/magikarp_patches/front.2bpp gfx/pokemon/magikarp_patches/front.dimensions
tools/pokemon_animation_graphics -t gfx/pokemon/magikarp_forehead1/front.animated.tilemap gfx/pokemon/magikarp_forehead1/front.2bpp gfx/pokemon/magikarp_forehead1/front.dimensions
tools/pokemon_animation_graphics -t gfx/pokemon/magikarp_mask1/front.animated.tilemap gfx/pokemon/magikarp_mask1/front.2bpp gfx/pokemon/magikarp_mask1/front.dimensions
tools/pokemon_animation_graphics -t gfx/pokemon/magikarp_forehead2/front.animated.tilemap gfx/pokemon/magikarp_forehead2/front.2bpp gfx/pokemon/magikarp_forehead2/front.dimensions
tools/pokemon_animation_graphics -t gfx/pokemon/magikarp_mask2/front.animated.tilemap gfx/pokemon/magikarp_mask2/front.2bpp gfx/pokemon/magikarp_mask2/front.dimensions
tools/pokemon_animation_graphics -t gfx/pokemon/magikarp_saucy/front.animated.tilemap gfx/pokemon/magikarp_saucy/front.2bpp gfx/pokemon/magikarp_saucy/front.dimensions
tools/pokemon_animation_graphics -t gfx/pokemon/magikarp_raindrop/front.animated.tilemap gfx/pokemon/magikarp_raindrop/front.2bpp gfx/pokemon/magikarp_raindrop/front.dimensions
tools/pokemon_animation_graphics -t gfx/pokemon/dudunsparce_two_segment/front.animated.tilemap gfx/pokemon/dudunsparce_two_segment/front.2bpp gfx/pokemon/dudunsparce_two_segment/front.dimensions
tools/pokemon_animation_graphics -t gfx/pokemon/dudunsparce_three_segment/front.animated.tilemap gfx/pokemon/dudunsparce_three_segment/front.2bpp gfx/pokemon/dudunsparce_three_segment/front.dimensions
tools/pokemon_animation_graphics -t gfx/pokemon/gyarados_plain/front.animated.tilemap gfx/pokemon/gyarados_plain/front.2bpp gfx/pokemon/gyarados_plain/front.dimensions
tools/pokemon_animation_graphics -t gfx/pokemon/gyarados_red/front.animated.tilemap gfx/pokemon/gyarados_red/front.2bpp gfx/pokemon/gyarados_red/front.dimensions
tools/pokemon_animation_graphics -t gfx/pokemon/mewtwo_plain/front.animated.tilemap gfx/pokemon/mewtwo_plain/front.2bpp gfx/pokemon/mewtwo_plain/front.dimensions
tools/pokemon_animation_graphics -t gfx/pokemon/mewtwo_armored/front.animated.tilemap gfx/pokemon/mewtwo_armored/front.2bpp gfx/pokemon/mewtwo_armored/front.dimensions
tools/pokemon_animation_graphics -t gfx/pokemon/rattata_plain/front.animated.tilemap gfx/pokemon/rattata_plain/front.2bpp gfx/pokemon/rattata_plain/front.dimensions
tools/pokemon_animation_graphics -t gfx/pokemon/rattata_alolan/front.animated.tilemap gfx/pokemon/rattata_alolan/front.2bpp gfx/pokemon/rattata_alolan/front.dimensions
tools/pokemon_animation_graphics -t gfx/pokemon/raticate_plain/front.animated.tilemap gfx/pokemon/raticate_plain/front.2bpp gfx/pokemon/raticate_plain/front.dimensions
tools/pokemon_animation_graphics -t gfx/pokemon/raticate_alolan/front.animated.tilemap gfx/pokemon/raticate_alolan/front.2bpp gfx/pokemon/raticate_alolan/front.dimensions
tools/pokemon_animation_graphics -t gfx/pokemon/raichu_plain/front.animated.tilemap gfx/pokemon/raichu_plain/front.2bpp gfx/pokemon/raichu_plain/front.dimensions
tools/pokemon_animation_graphics -t gfx/pokemon/raichu_alolan/front.animated.tilemap gfx/pokemon/raichu_alolan/front.2bpp gfx/pokemon/raichu_alolan/front.dimensions
tools/pokemon_animation_graphics -t gfx/pokemon/sandshrew_plain/front.animated.tilemap gfx/pokemon/sandshrew_plain/front.2bpp gfx/pokemon/sandshrew_plain/front.dimensions
tools/pokemon_animation_graphics -t gfx/pokemon/sandshrew_alolan/front.animated.tilemap gfx/pokemon/sandshrew_alolan/front.2bpp gfx/pokemon/sandshrew_alolan/front.dimensions
tools/pokemon_animation_graphics -t gfx/pokemon/sandslash_plain/front.animated.tilemap gfx/pokemon/sandslash_plain/front.2bpp gfx/pokemon/sandslash_plain/front.dimensions
tools/pokemon_animation_graphics -t gfx/pokemon/sandslash_alolan/front.animated.tilemap gfx/pokemon/sandslash_alolan/front.2bpp gfx/pokemon/sandslash_alolan/front.dimensions
tools/pokemon_animation_graphics -t gfx/pokemon/vulpix_plain/front.animated.tilemap gfx/pokemon/vulpix_plain/front.2bpp gfx/pokemon/vulpix_plain/front.dimensions
tools/pokemon_animation_graphics -t gfx/pokemon/vulpix_alolan/front.animated.tilemap gfx/pokemon/vulpix_alolan/front.2bpp gfx/pokemon/vulpix_alolan/front.dimensions
tools/pokemon_animation_graphics -t gfx/pokemon/ninetales_plain/front.animated.tilemap gfx/pokemon/ninetales_plain/front.2bpp gfx/pokemon/ninetales_plain/front.dimensions
tools/pokemon_animation_graphics -t gfx/pokemon/ninetales_alolan/front.animated.tilemap gfx/pokemon/ninetales_alolan/front.2bpp gfx/pokemon/ninetales_alolan/front.dimensions
tools/pokemon_animation_graphics -t gfx/pokemon/diglett_plain/front.animated.tilemap gfx/pokemon/diglett_plain/front.2bpp gfx/pokemon/diglett_plain/front.dimensions
tools/pokemon_animation_graphics -t gfx/pokemon/diglett_alolan/front.animated.tilemap gfx/pokemon/diglett_alolan/front.2bpp gfx/pokemon/diglett_alolan/front.dimensions
tools/pokemon_animation_graphics -t gfx/pokemon/dugtrio_plain/front.animated.tilemap gfx/pokemon/dugtrio_plain/front.2bpp gfx/pokemon/dugtrio_plain/front.dimensions
tools/pokemon_animation_graphics -t gfx/pokemon/dugtrio_alolan/front.animated.tilemap gfx/pokemon/dugtrio_alolan/front.2bpp gfx/pokemon/dugtrio_alolan/front.dimensions
tools/pokemon_animation_graphics -t gfx/pokemon/meowth_plain/front.animated.tilemap gfx/pokemon/meowth_plain/front.2bpp gfx/pokemon/meowth_plain/front.dimensions
tools/pokemon_animation_graphics -t gfx/pokemon/meowth_alolan/front.animated.tilemap gfx/pokemon/meowth_alolan/front.2bpp gfx/pokemon/meowth_alolan/front.dimensions
tools/pokemon_animation_graphics -t gfx/pokemon/meowth_galarian/front.animated.tilemap gfx/pokemon/meowth_galarian/front.2bpp gfx/pokemon/meowth_galarian/front.dimensions
tools/pokemon_animation_graphics -t gfx/pokemon/persian_plain/front.animated.tilemap gfx/pokemon/persian_plain/front.2bpp gfx/pokemon/persian_plain/front.dimensions
tools/pokemon_animation_graphics -t gfx/pokemon/persian_alolan/front.animated.tilemap gfx/pokemon/persian_alolan/front.2bpp gfx/pokemon/persian_alolan/front.dimensions
tools/pokemon_animation_graphics -t gfx/pokemon/geodude_plain/front.animated.tilemap gfx/pokemon/geodude_plain/front.2bpp gfx/pokemon/geodude_plain/front.dimensions
tools/pokemon_animation_graphics -t gfx/pokemon/geodude_alolan/front.animated.tilemap gfx/pokemon/geodude_alolan/front.2bpp gfx/pokemon/geodude_alolan/front.dimensions
tools/pokemon_animation_graphics -t gfx/pokemon/graveler_plain/front.animated.tilemap gfx/pokemon/graveler_plain/front.2bpp gfx/pokemon/graveler_plain/front.dimensions
tools/pokemon_animation_graphics -t gfx/pokemon/graveler_alolan/front.animated.tilemap gfx/pokemon/graveler_alolan/front.2bpp gfx/pokemon/graveler_alolan/front.dimensions
tools/pokemon_animation_graphics -t gfx/pokemon/golem_plain/front.animated.tilemap gfx/pokemon/golem_plain/front.2bpp gfx/pokemon/golem_plain/front.dimensions
tools/pokemon_animation_graphics -t gfx/pokemon/golem_alolan/front.animated.tilemap gfx/pokemon/golem_alolan/front.2bpp gfx/pokemon/golem_alolan/front.dimensions
tools/pokemon_animation_graphics -t gfx/pokemon/grimer_plain/front.animated.tilemap gfx/pokemon/grimer_plain/front.2bpp gfx/pokemon/grimer_plain/front.dimensions
tools/pokemon_animation_graphics -t gfx/pokemon/grimer_alolan/front.animated.tilemap gfx/pokemon/grimer_alolan/front.2bpp gfx/pokemon/grimer_alolan/front.dimensions
tools/pokemon_animation_graphics -t gfx/pokemon/muk_plain/front.animated.tilemap gfx/pokemon/muk_plain/front.2bpp gfx/pokemon/muk_plain/front.dimensions
tools/pokemon_animation_graphics -t gfx/pokemon/muk_alolan/front.animated.tilemap gfx/pokemon/muk_alolan/front.2bpp gfx/pokemon/muk_alolan/front.dimensions
tools/pokemon_animation_graphics -t gfx/pokemon/exeggutor_plain/front.animated.tilemap gfx/pokemon/exeggutor_plain/front.2bpp gfx/pokemon/exeggutor_plain/front.dimensions
tools/pokemon_animation_graphics -t gfx/pokemon/exeggutor_alolan/front.animated.tilemap gfx/pokemon/exeggutor_alolan/front.2bpp gfx/pokemon/exeggutor_alolan/front.dimensions
tools/pokemon_animation_graphics -t gfx/pokemon/marowak_plain/front.animated.tilemap gfx/pokemon/marowak_plain/front.2bpp gfx/pokemon/marowak_plain/front.dimensions
tools/pokemon_animation_graphics -t gfx/pokemon/marowak_alolan/front.animated.tilemap gfx/pokemon/marowak_alolan/front.2bpp gfx/pokemon/marowak_alolan/front.dimensions
tools/pokemon_animation_graphics -t gfx/pokemon/ponyta_plain/front.animated.tilemap gfx/pokemon/ponyta_plain/front.2bpp gfx/pokemon/ponyta_plain/front.dimensions
tools/pokemon_animation_graphics -t gfx/pokemon/ponyta_galarian/front.animated.tilemap gfx/pokemon/ponyta_galarian/front.2bpp gfx/pokemon/ponyta_galarian/front.dimensions
tools/pokemon_animation_graphics -t gfx/pokemon/rapidash_plain/front.animated.tilemap gfx/pokemon/rapidash_plain/front.2bpp gfx/pokemon/rapidash_plain/front.dimensions
tools/pokemon_animation_graphics -t gfx/pokemon/rapidash_galarian/front.animated.tilemap gfx/pokemon/rapidash_galarian/front.2bpp gfx/pokemon/rapidash_galarian/front.dimensions
tools/pokemon_animation_graphics -t gfx/pokemon/slowpoke_plain/front.animated.tilemap gfx/pokemon/slowpoke_plain/front.2bpp gfx/pokemon/slowpoke_plain/front.dimensions
tools/pokemon_animation_graphics -t gfx/pokemon/slowpoke_galarian/front.animated.tilemap gfx/pokemon/slowpoke_galarian/front.2bpp gfx/pokemon/slowpoke_galarian/front.dimensions
tools/pokemon_animation_graphics -t gfx/pokemon/slowbro_plain/front.animated.tilemap gfx/pokemon/slowbro_plain/front.2bpp gfx/pokemon/slowbro_plain/front.dimensions
tools/pokemon_animation_graphics -t gfx/pokemon/slowbro_galarian/front.animated.tilemap gfx/pokemon/slowbro_galarian/front.2bpp gfx/pokemon/slowbro_galarian/front.dimensions
tools/pokemon_animation_graphics -t gfx/pokemon/farfetch_d_plain/front.animated.tilemap gfx/pokemon/farfetch_d_plain/front.2bpp gfx/pokemon/farfetch_d_plain/front.dimensions
tools/pokemon_animation_graphics -t gfx/pokemon/farfetch_d_galarian/front.animated.tilemap gfx/pokemon/farfetch_d_galarian/front.2bpp gfx/pokemon/farfetch_d_galarian/front.dimensions
tools/pokemon_animation_graphics -t gfx/pokemon/weezing_plain/front.animated.tilemap gfx/pokemon/weezing_plain/front.2bpp gfx/pokemon/weezing_plain/front.dimensions
tools/pokemon_animation_graphics -t gfx/pokemon/weezing_galarian/front.animated.tilemap gfx/pokemon/weezing_galarian/front.2bpp gfx/pokemon/weezing_galarian/front.dimensions
tools/pokemon_animation_graphics -t gfx/pokemon/mr__mime_plain/front.animated.tilemap gfx/pokemon/mr__mime_plain/front.2bpp gfx/pokemon/mr__mime_plain/front.dimensions
tools/pokemon_animation_graphics -t gfx/pokemon/mr__mime_galarian/front.animated.tilemap gfx/pokemon/mr__mime_galarian/front.2bpp gfx/pokemon/mr__mime_galarian/front.dimensions
tools/pokemon_animation_graphics -t gfx/pokemon/articuno_plain/front.animated.tilemap gfx/pokemon/articuno_plain/front.2bpp gfx/pokemon/articuno_plain/front.dimensions
tools/pokemon_animation_graphics -t gfx/pokemon/articuno_galarian/front.animated.tilemap gfx/pokemon/articuno_galarian/front.2bpp gfx/pokemon/articuno_galarian/front.dimensions
tools/pokemon_animation_graphics -t gfx/pokemon/zapdos_plain/front.animated.tilemap gfx/pokemon/zapdos_plain/front.2bpp gfx/pokemon/zapdos_plain/front.dimensions
tools/pokemon_animation_graphics -t gfx/pokemon/zapdos_galarian/front.animated.tilemap gfx/pokemon/zapdos_galarian/front.2bpp gfx/pokemon/zapdos_galarian/front.dimensions
tools/pokemon_animation_graphics -t gfx/pokemon/moltres_plain/front.animated.tilemap gfx/pokemon/moltres_plain/front.2bpp gfx/pokemon/moltres_plain/front.dimensions
tools/pokemon_animation_graphics -t gfx/pokemon/moltres_galarian/front.animated.tilemap gfx/pokemon/moltres_galarian/front.2bpp gfx/pokemon/moltres_galarian/front.dimensions
tools/pokemon_animation_graphics -t gfx/pokemon/slowking_plain/front.animated.tilemap gfx/pokemon/slowking_plain/front.2bpp gfx/pokemon/slowking_plain/front.dimensions
tools/pokemon_animation_graphics -t gfx/pokemon/slowking_galarian/front.animated.tilemap gfx/pokemon/slowking_galarian/front.2bpp gfx/pokemon/slowking_galarian/front.dimensions
tools/pokemon_animation_graphics -t gfx/pokemon/corsola_plain/front.animated.tilemap gfx/pokemon/corsola_plain/front.2bpp gfx/pokemon/corsola_plain/front.dimensions
tools/pokemon_animation_graphics -t gfx/pokemon/corsola_galarian/front.animated.tilemap gfx/pokemon/corsola_galarian/front.2bpp gfx/pokemon/corsola_galarian/front.dimensions
tools/pokemon_animation_graphics -t gfx/pokemon/growlithe_plain/front.animated.tilemap gfx/pokemon/growlithe_plain/front.2bpp gfx/pokemon/growlithe_plain/front.dimensions
tools/pokemon_animation_graphics -t gfx/pokemon/growlithe_hisuian/front.animated.tilemap gfx/pokemon/growlithe_hisuian/front.2bpp gfx/pokemon/growlithe_hisuian/front.dimensions
tools/pokemon_animation_graphics -t gfx/pokemon/arcanine_plain/front.animated.tilemap gfx/pokemon/arcanine_plain/front.2bpp gfx/pokemon/arcanine_plain/front.dimensions
tools/pokemon_animation_graphics -t gfx/pokemon/arcanine_hisuian/front.animated.tilemap gfx/pokemon/arcanine_hisuian/front.2bpp gfx/pokemon/arcanine_hisuian/front.dimensions
tools/pokemon_animation_graphics -t gfx/pokemon/voltorb_plain/front.animated.tilemap gfx/pokemon/voltorb_plain/front.2bpp gfx/pokemon/voltorb_plain/front.dimensions
tools/pokemon_animation_graphics -t gfx/pokemon/voltorb_hisuian/front.animated.tilemap gfx/pokemon/voltorb_hisuian/front.2bpp gfx/pokemon/voltorb_hisuian/front.dimensions
tools/pokemon_animation_graphics -t gfx/pokemon/electrode_plain/front.animated.tilemap gfx/pokemon/electrode_plain/front.2bpp gfx/pokemon/electrode_plain/front.dimensions
tools/pokemon_animation_graphics -t gfx/pokemon/electrode_hisuian/front.animated.tilemap gfx/pokemon/electrode_hisuian/front.2bpp gfx/pokemon/electrode_hisuian/front.dimensions
tools/pokemon_animation_graphics -t gfx/pokemon/typhlosion_plain/front.animated.tilemap gfx/pokemon/typhlosion_plain/front.2bpp gfx/pokemon/typhlosion_plain/front.dimensions
tools/pokemon_animation_graphics -t gfx/pokemon/typhlosion_hisuian/front.animated.tilemap gfx/pokemon/typhlosion_hisuian/front.2bpp gfx/pokemon/typhlosion_hisuian/front.dimensions
tools/pokemon_animation_graphics -t gfx/pokemon/qwilfish_plain/front.animated.tilemap gfx/pokemon/qwilfish_plain/front.2bpp gfx/pokemon/qwilfish_plain/front.dimensions
tools/pokemon_animation_graphics -t gfx/pokemon/qwilfish_hisuian/front.animated.tilemap gfx/pokemon/qwilfish_hisuian/front.2bpp gfx/pokemon/qwilfish_hisuian/front.dimensions
tools/pokemon_animation_graphics -t gfx/pokemon/sneasel_plain/front.animated.tilemap gfx/pokemon/sneasel_plain/front.2bpp gfx/pokemon/sneasel_plain/front.dimensions
tools/pokemon_animation_graphics -t gfx/pokemon/sneasel_hisuian/front.animated.tilemap gfx/pokemon/sneasel_hisuian/front.2bpp gfx/pokemon/sneasel_hisuian/front.dimensions
tools/pokemon_animation_graphics -t gfx/pokemon/wooper_plain/front.animated.tilemap gfx/pokemon/wooper_plain/front.2bpp gfx/pokemon/wooper_plain/front.dimensions
tools/pokemon_animation_graphics -t gfx/pokemon/wooper_paldean/front.animated.tilemap gfx/pokemon/wooper_paldean/front.2bpp gfx/pokemon/wooper_paldean/front.dimensions
tools/pokemon_animation_graphics -t gfx/pokemon/tauros_plain/front.animated.tilemap gfx/pokemon/tauros_plain/front.2bpp gfx/pokemon/tauros_plain/front.dimensions
tools/pokemon_animation_graphics -t gfx/pokemon/tauros_paldean/front.animated.tilemap gfx/pokemon/tauros_paldean/front.2bpp gfx/pokemon/tauros_paldean/front.dimensions
tools/pokemon_animation_graphics -t gfx/pokemon/tauros_paldean_fire/front.animated.tilemap gfx/pokemon/tauros_paldean_fire/front.2bpp gfx/pokemon/tauros_paldean_fire/front.dimensions
tools/pokemon_animation_graphics -t gfx/pokemon/tauros_paldean_water/front.animated.tilemap gfx/pokemon/tauros_paldean_water/front.2bpp gfx/pokemon/tauros_paldean_water/front.dimensions
tools/pokemon_animation_graphics -t gfx/pokemon/ursaluna_plain/front.animated.tilemap gfx/pokemon/ursaluna_plain/front.2bpp gfx/pokemon/ursaluna_plain/front.dimensions
tools/pokemon_animation_graphics -t gfx/pokemon/ursaluna_bloodmoon/front.animated.tilemap gfx/pokemon/ursaluna_bloodmoon/front.2bpp gfx/pokemon/ursaluna_bloodmoon/front.dimensions
tools/lzpcompress -- gfx/card_flip/card_flip_3.2bpp gfx/card_flip/card_flip_3.2bpp.lzp
tools/lzpcompress -- gfx/card_flip/card_flip_1.2bpp gfx/card_flip/card_flip_1.2bpp.lzp
tools/lzpcompress -- gfx/card_flip/card_flip_2.2bpp gfx/card_flip/card_flip_2.2bpp.lzp
tools/lzpcompress -- gfx/unown_puzzle/start_cancel.2bpp gfx/unown_puzzle/start_cancel.2bpp.lzp
tools/lzpcompress -- gfx/unown_puzzle/hooh.2bpp gfx/unown_puzzle/hooh.2bpp.lzp
tools/lzpcompress -- gfx/unown_puzzle/aerodactyl.2bpp gfx/unown_puzzle/aerodactyl.2bpp.lzp
tools/lzpcompress -- gfx/unown_puzzle/kabuto.2bpp gfx/unown_puzzle/kabuto.2bpp.lzp
tools/lzpcompress -- gfx/unown_puzzle/omanyte.2bpp gfx/unown_puzzle/omanyte.2bpp.lzp
tools/lzpcompress -- gfx/splash/ditto.2bpp gfx/splash/ditto.2bpp.lzp
tools/lzpcompress -- gfx/intro/suicune_run.2bpp gfx/intro/suicune_run.2bpp.lzp
tools/lzpcompress -- gfx/intro/pichu_wooper.2bpp gfx/intro/pichu_wooper.2bpp.lzp
tools/lzpcompress -- gfx/intro/background.2bpp gfx/intro/background.2bpp.lzp
tools/lzpcompress -- gfx/intro/unowns.2bpp gfx/intro/unowns.2bpp.lzp
tools/lzpcompress -- gfx/intro/pulse.2bpp gfx/intro/pulse.2bpp.lzp
tools/lzpcompress -- gfx/intro/crystal_unowns.2bpp gfx/intro/crystal_unowns.2bpp.lzp
tools/lzpcompress -- gfx/intro/suicune_close.2bpp gfx/intro/suicune_close.2bpp.lzp
tools/lzpcompress -- gfx/intro/suicune_jump.2bpp gfx/intro/suicune_jump.2bpp.lzp
tools/lzpcompress -- gfx/intro/suicune_back.2bpp gfx/intro/suicune_back.2bpp.lzp
tools/lzpcompress -- gfx/intro/unown_back.2bpp gfx/intro/unown_back.2bpp.lzp
tools/lzpcompress -- gfx/options/edge.2bpp gfx/options/edge.2bpp.lzp
tools/sub_2bpp.sh gfx/title/suicune_unowns.2bpp 127 > gfx/title/suicune_unowns.2bpp.vram0p
tools/sub_2bpp.sh gfx/title/suicune_unowns.2bpp 127 128 > gfx/title/suicune_unowns.2bpp.vram1p
tools/lzpcompress -- gfx/title/logo.2bpp gfx/title/logo.2bpp.lzp
tools/lzpcompress -- gfx/title/version.2bpp gfx/title/version.2bpp.lzp
tools/lzpcompress -- gfx/title/crystal.2bpp gfx/title/crystal.2bpp.lzp
tools/lzpcompress -- gfx/diploma/diploma.2bpp gfx/diploma/diploma.2bpp.lzp
tools/sub_2bpp.sh gfx/type_chart/bg.2bpp 127 128 > gfx/type_chart/bg.2bpp.vram1p
tools/sub_2bpp.sh gfx/type_chart/bg.2bpp 127 > gfx/type_chart/bg.2bpp.vram0p
tools/sub_2bpp.sh gfx/type_chart/bg.2bpp 255 128 > gfx/type_chart/bg.2bpp.vram2p
tools/lzpcompress -- gfx/type_chart/ob.2bpp gfx/type_chart/ob.2bpp.lzp
tools/vwf -w gfx/font/vwf.vwf.widths gfx/font/vwf.2bpp
tools/vwf -o gfx/font/vwf.vwf.1bpp gfx/font/vwf.2bpp
rgbasm -DLOCALE_ZH -Weverything -Wtruncation=1 -E -Q8 -P includes.asm -o home.o home.asm
rgbasm -DLOCALE_ZH -Weverything -Wtruncation=1 -E -Q8 -P includes.asm -o ram.o ram.asm
rgbasm -DLOCALE_ZH -Weverything -Wtruncation=1 -E -Q8 -P includes.asm -o audio.o audio.asm
cat gfx/music_player/bg.2bpp gfx/music_player/ob.2bpp > gfx/music_player/music_player.2bpp
rgbasm -DLOCALE_ZH -Weverything -Wtruncation=1 -E -Q8 -P includes.asm -o data/maps/map_data.o data/maps/map_data.asm
tools/lzpcompress -- gfx/tilesets/johto_common.2bpp gfx/tilesets/johto_common.2bpp.lzp
tools/sub_2bpp.sh gfx/tilesets/johto_traditional.johto_common.2bpp 128 > gfx/tilesets/johto_traditional.johto_common.2bpp.vram0
tools/sub_2bpp.sh gfx/tilesets/johto_traditional.johto_common.2bpp 128 128 > gfx/tilesets/johto_traditional.johto_common.2bpp.vram1
tools/lzpcompress -- data/tilesets/johto_traditional_collision.bin data/tilesets/johto_traditional_collision.bin.lzp
tools/sub_2bpp.sh gfx/tilesets/johto_modern.johto_common.2bpp 128 > gfx/tilesets/johto_modern.johto_common.2bpp.vram0
tools/sub_2bpp.sh gfx/tilesets/johto_modern.johto_common.2bpp 128 128 > gfx/tilesets/johto_modern.johto_common.2bpp.vram1
tools/lzpcompress -- data/tilesets/johto_modern_collision.bin data/tilesets/johto_modern_collision.bin.lzp
tools/lzpcompress -- data/tilesets/johto_coast_collision.bin data/tilesets/johto_coast_collision.bin.lzp
tools/sub_2bpp.sh gfx/tilesets/johto_outlands.johto_common.2bpp 128 > gfx/tilesets/johto_outlands.johto_common.2bpp.vram0
tools/sub_2bpp.sh gfx/tilesets/johto_outlands.johto_common.2bpp 128 128 > gfx/tilesets/johto_outlands.johto_common.2bpp.vram1
tools/lzpcompress -- data/tilesets/johto_outlands_collision.bin data/tilesets/johto_outlands_collision.bin.lzp
tools/sub_2bpp.sh gfx/tilesets/johto_ancient.johto_common.2bpp 128 > gfx/tilesets/johto_ancient.johto_common.2bpp.vram0
tools/lzpcompress -- data/tilesets/johto_ancient_collision.bin data/tilesets/johto_ancient_collision.bin.lzp
tools/lzpcompress -- data/tilesets/johto_sacred_collision.bin data/tilesets/johto_sacred_collision.bin.lzp
tools/lzpcompress -- gfx/tilesets/battle_tower_outside.johto_common.2bpp gfx/tilesets/battle_tower_outside.johto_common.2bpp.lzp
tools/lzpcompress -- data/tilesets/battle_tower_outside_collision.bin data/tilesets/battle_tower_outside_collision.bin.lzp
tools/lzpcompress -- gfx/tilesets/kanto_common.2bpp gfx/tilesets/kanto_common.2bpp.lzp
tools/lzpcompress -- gfx/tilesets/kanto.kanto_common.2bpp gfx/tilesets/kanto.kanto_common.2bpp.lzp
tools/lzpcompress -- data/tilesets/kanto_collision.bin data/tilesets/kanto_collision.bin.lzp
tools/lzpcompress -- gfx/tilesets/kanto_north.kanto_common.2bpp gfx/tilesets/kanto_north.kanto_common.2bpp.lzp
tools/lzpcompress -- data/tilesets/kanto_north_collision.bin data/tilesets/kanto_north_collision.bin.lzp
tools/lzpcompress -- gfx/tilesets/kanto_urban.kanto_common.2bpp gfx/tilesets/kanto_urban.kanto_common.2bpp.lzp
tools/lzpcompress -- data/tilesets/kanto_urban_collision.bin data/tilesets/kanto_urban_collision.bin.lzp
tools/lzpcompress -- gfx/tilesets/indigo_plateau.kanto_common.2bpp gfx/tilesets/indigo_plateau.kanto_common.2bpp.lzp
tools/lzpcompress -- data/tilesets/indigo_plateau_collision.bin data/tilesets/indigo_plateau_collision.bin.lzp
tools/sub_2bpp.sh gfx/tilesets/shamouti_island.2bpp 128 > gfx/tilesets/shamouti_island.2bpp.vram0
tools/sub_2bpp.sh gfx/tilesets/shamouti_island.2bpp 128 128 > gfx/tilesets/shamouti_island.2bpp.vram1
tools/lzpcompress -- data/tilesets/shamouti_island_collision.bin data/tilesets/shamouti_island_collision.bin.lzp
tools/sub_2bpp.sh gfx/tilesets/valencia_island.2bpp 128 > gfx/tilesets/valencia_island.2bpp.vram0
tools/sub_2bpp.sh gfx/tilesets/valencia_island.2bpp 128 128 > gfx/tilesets/valencia_island.2bpp.vram1
tools/lzpcompress -- data/tilesets/valencia_island_collision.bin data/tilesets/valencia_island_collision.bin.lzp
tools/sub_2bpp.sh gfx/tilesets/faraway_island.2bpp 128 > gfx/tilesets/faraway_island.2bpp.vram0
tools/sub_2bpp.sh gfx/tilesets/faraway_island.2bpp 128 128 > gfx/tilesets/faraway_island.2bpp.vram1
tools/lzpcompress -- data/tilesets/faraway_island_collision.bin data/tilesets/faraway_island_collision.bin.lzp
tools/sub_2bpp.sh gfx/tilesets/johto_house.2bpp 128 > gfx/tilesets/johto_house.2bpp.vram0
tools/sub_2bpp.sh gfx/tilesets/johto_house.2bpp 128 128 > gfx/tilesets/johto_house.2bpp.vram1
tools/lzpcompress -- data/tilesets/johto_house_collision.bin data/tilesets/johto_house_collision.bin.lzp
tools/sub_2bpp.sh gfx/tilesets/kanto_house.2bpp 128 > gfx/tilesets/kanto_house.2bpp.vram0
tools/sub_2bpp.sh gfx/tilesets/kanto_house.2bpp 128 128 > gfx/tilesets/kanto_house.2bpp.vram1
tools/lzpcompress -- data/tilesets/kanto_house_collision.bin data/tilesets/kanto_house_collision.bin.lzp
tools/sub_2bpp.sh gfx/tilesets/traditional_house.2bpp 128 > gfx/tilesets/traditional_house.2bpp.vram0
tools/sub_2bpp.sh gfx/tilesets/traditional_house.2bpp 128 128 > gfx/tilesets/traditional_house.2bpp.vram1
tools/lzpcompress -- data/tilesets/traditional_house_collision.bin data/tilesets/traditional_house_collision.bin.lzp
tools/sub_2bpp.sh gfx/tilesets/pokecenter.2bpp 128 > gfx/tilesets/pokecenter.2bpp.vram0
tools/sub_2bpp.sh gfx/tilesets/pokecenter.2bpp 128 128 > gfx/tilesets/pokecenter.2bpp.vram1
tools/lzpcompress -- data/tilesets/pokecenter_collision.bin data/tilesets/pokecenter_collision.bin.lzp
tools/sub_2bpp.sh gfx/tilesets/pokecom_center.2bpp 128 > gfx/tilesets/pokecom_center.2bpp.vram0
tools/sub_2bpp.sh gfx/tilesets/pokecom_center.2bpp 128 128 > gfx/tilesets/pokecom_center.2bpp.vram1
tools/lzpcompress -- data/tilesets/pokecom_center_collision.bin data/tilesets/pokecom_center_collision.bin.lzp
tools/sub_2bpp.sh gfx/tilesets/mart.2bpp 128 > gfx/tilesets/mart.2bpp.vram0
tools/sub_2bpp.sh gfx/tilesets/mart.2bpp 128 128 > gfx/tilesets/mart.2bpp.vram1
tools/lzpcompress -- data/tilesets/mart_collision.bin data/tilesets/mart_collision.bin.lzp
tools/sub_2bpp.sh gfx/tilesets/gate.2bpp 128 > gfx/tilesets/gate.2bpp.vram0
tools/sub_2bpp.sh gfx/tilesets/gate.2bpp 128 128 > gfx/tilesets/gate.2bpp.vram1
tools/lzpcompress -- data/tilesets/gate_collision.bin data/tilesets/gate_collision.bin.lzp
tools/sub_2bpp.sh gfx/tilesets/gym.2bpp 128 > gfx/tilesets/gym.2bpp.vram0
tools/sub_2bpp.sh gfx/tilesets/gym.2bpp 128 128 > gfx/tilesets/gym.2bpp.vram1
tools/sub_2bpp.sh gfx/tilesets/gym.2bpp 256 128 > gfx/tilesets/gym.2bpp.vram2
tools/lzpcompress -- data/tilesets/gym_collision.bin data/tilesets/gym_collision.bin.lzp
tools/sub_2bpp.sh gfx/tilesets/magnet_train.2bpp 128 > gfx/tilesets/magnet_train.2bpp.vram0
tools/sub_2bpp.sh gfx/tilesets/magnet_train.2bpp 128 128 > gfx/tilesets/magnet_train.2bpp.vram1
tools/lzpcompress -- data/tilesets/magnet_train_collision.bin data/tilesets/magnet_train_collision.bin.lzp
tools/sub_2bpp.sh gfx/tilesets/champions_room.2bpp 128 > gfx/tilesets/champions_room.2bpp.vram0
tools/sub_2bpp.sh gfx/tilesets/champions_room.2bpp 128 128 > gfx/tilesets/champions_room.2bpp.vram1
tools/lzpcompress -- data/tilesets/champions_room_collision.bin data/tilesets/champions_room_collision.bin.lzp
tools/sub_2bpp.sh gfx/tilesets/port.2bpp 128 > gfx/tilesets/port.2bpp.vram0
tools/sub_2bpp.sh gfx/tilesets/port.2bpp 128 128 > gfx/tilesets/port.2bpp.vram1
tools/lzpcompress -- data/tilesets/port_collision.bin data/tilesets/port_collision.bin.lzp
tools/sub_2bpp.sh gfx/tilesets/lab.2bpp 128 > gfx/tilesets/lab.2bpp.vram0
tools/sub_2bpp.sh gfx/tilesets/lab.2bpp 128 128 > gfx/tilesets/lab.2bpp.vram1
tools/lzpcompress -- data/tilesets/lab_collision.bin data/tilesets/lab_collision.bin.lzp
tools/sub_2bpp.sh gfx/tilesets/facility.2bpp 128 > gfx/tilesets/facility.2bpp.vram0
tools/sub_2bpp.sh gfx/tilesets/facility.2bpp 128 128 > gfx/tilesets/facility.2bpp.vram1
tools/lzpcompress -- data/tilesets/facility_collision.bin data/tilesets/facility_collision.bin.lzp
tools/sub_2bpp.sh gfx/tilesets/celadon_mansion.2bpp 128 > gfx/tilesets/celadon_mansion.2bpp.vram0
tools/sub_2bpp.sh gfx/tilesets/celadon_mansion.2bpp 128 128 > gfx/tilesets/celadon_mansion.2bpp.vram1
tools/lzpcompress -- data/tilesets/celadon_mansion_collision.bin data/tilesets/celadon_mansion_collision.bin.lzp
tools/sub_2bpp.sh gfx/tilesets/game_corner.2bpp 128 > gfx/tilesets/game_corner.2bpp.vram0
tools/sub_2bpp.sh gfx/tilesets/game_corner.2bpp 128 128 > gfx/tilesets/game_corner.2bpp.vram1
tools/lzpcompress -- data/tilesets/game_corner_collision.bin data/tilesets/game_corner_collision.bin.lzp
tools/sub_2bpp.sh gfx/tilesets/home_decor_store.2bpp 128 > gfx/tilesets/home_decor_store.2bpp.vram0
tools/sub_2bpp.sh gfx/tilesets/home_decor_store.2bpp 128 128 > gfx/tilesets/home_decor_store.2bpp.vram1
tools/lzpcompress -- data/tilesets/home_decor_store_collision.bin data/tilesets/home_decor_store_collision.bin.lzp
tools/sub_2bpp.sh gfx/tilesets/museum.2bpp 128 > gfx/tilesets/museum.2bpp.vram0
tools/sub_2bpp.sh gfx/tilesets/museum.2bpp 128 128 > gfx/tilesets/museum.2bpp.vram1
tools/sub_2bpp.sh gfx/tilesets/museum.2bpp 256 128 > gfx/tilesets/museum.2bpp.vram2
tools/lzpcompress -- data/tilesets/museum_collision.bin data/tilesets/museum_collision.bin.lzp
tools/sub_2bpp.sh gfx/tilesets/hotel.2bpp 128 > gfx/tilesets/hotel.2bpp.vram0
tools/sub_2bpp.sh gfx/tilesets/hotel.2bpp 128 128 > gfx/tilesets/hotel.2bpp.vram1
tools/lzpcompress -- data/tilesets/hotel_collision.bin data/tilesets/hotel_collision.bin.lzp
tools/sub_2bpp.sh gfx/tilesets/sprout_tower.2bpp 128 > gfx/tilesets/sprout_tower.2bpp.vram0
tools/sub_2bpp.sh gfx/tilesets/sprout_tower.2bpp 128 128 > gfx/tilesets/sprout_tower.2bpp.vram1
tools/lzpcompress -- data/tilesets/sprout_tower_collision.bin data/tilesets/sprout_tower_collision.bin.lzp
tools/sub_2bpp.sh gfx/tilesets/battle_tower_inside.2bpp 128 > gfx/tilesets/battle_tower_inside.2bpp.vram0
tools/sub_2bpp.sh gfx/tilesets/battle_tower_inside.2bpp 128 128 > gfx/tilesets/battle_tower_inside.2bpp.vram1
tools/lzpcompress -- data/tilesets/battle_tower_inside_collision.bin data/tilesets/battle_tower_inside_collision.bin.lzp
tools/sub_2bpp.sh gfx/tilesets/radio_tower.2bpp 128 > gfx/tilesets/radio_tower.2bpp.vram0
tools/sub_2bpp.sh gfx/tilesets/radio_tower.2bpp 128 128 > gfx/tilesets/radio_tower.2bpp.vram1
tools/lzpcompress -- data/tilesets/radio_tower_collision.bin data/tilesets/radio_tower_collision.bin.lzp
tools/sub_2bpp.sh gfx/tilesets/lighthouse.2bpp 128 > gfx/tilesets/lighthouse.2bpp.vram0
tools/sub_2bpp.sh gfx/tilesets/lighthouse.2bpp 128 128 > gfx/tilesets/lighthouse.2bpp.vram1
tools/lzpcompress -- data/tilesets/lighthouse_collision.bin data/tilesets/lighthouse_collision.bin.lzp
tools/sub_2bpp.sh gfx/tilesets/underground.2bpp 128 > gfx/tilesets/underground.2bpp.vram0
tools/sub_2bpp.sh gfx/tilesets/underground.2bpp 128 128 > gfx/tilesets/underground.2bpp.vram1
tools/lzpcompress -- data/tilesets/underground_collision.bin data/tilesets/underground_collision.bin.lzp
tools/sub_2bpp.sh gfx/tilesets/cave.2bpp 128 > gfx/tilesets/cave.2bpp.vram0
tools/sub_2bpp.sh gfx/tilesets/cave.2bpp 128 128 > gfx/tilesets/cave.2bpp.vram1
tools/lzpcompress -- data/tilesets/cave_collision.bin data/tilesets/cave_collision.bin.lzp
tools/sub_2bpp.sh gfx/tilesets/quiet_cave.2bpp 128 > gfx/tilesets/quiet_cave.2bpp.vram0
tools/sub_2bpp.sh gfx/tilesets/quiet_cave.2bpp 128 128 > gfx/tilesets/quiet_cave.2bpp.vram1
tools/lzpcompress -- data/tilesets/quiet_cave_collision.bin data/tilesets/quiet_cave_collision.bin.lzp
tools/lzpcompress -- data/tilesets/volcano_collision.bin data/tilesets/volcano_collision.bin.lzp
tools/sub_2bpp.sh gfx/tilesets/ice_path.2bpp 128 > gfx/tilesets/ice_path.2bpp.vram0
tools/sub_2bpp.sh gfx/tilesets/ice_path.2bpp 128 128 > gfx/tilesets/ice_path.2bpp.vram1
tools/lzpcompress -- data/tilesets/ice_path_collision.bin data/tilesets/ice_path_collision.bin.lzp
tools/sub_2bpp.sh gfx/tilesets/tunnel.2bpp 128 > gfx/tilesets/tunnel.2bpp.vram0
tools/sub_2bpp.sh gfx/tilesets/tunnel.2bpp 128 128 > gfx/tilesets/tunnel.2bpp.vram1
tools/lzpcompress -- data/tilesets/tunnel_collision.bin data/tilesets/tunnel_collision.bin.lzp
tools/sub_2bpp.sh gfx/tilesets/forest.2bpp 128 > gfx/tilesets/forest.2bpp.vram0
tools/sub_2bpp.sh gfx/tilesets/forest.2bpp 128 128 > gfx/tilesets/forest.2bpp.vram1
tools/lzpcompress -- data/tilesets/forest_collision.bin data/tilesets/forest_collision.bin.lzp
tools/sub_2bpp.sh gfx/tilesets/park.2bpp 128 > gfx/tilesets/park.2bpp.vram0
tools/sub_2bpp.sh gfx/tilesets/park.2bpp 128 128 > gfx/tilesets/park.2bpp.vram1
tools/lzpcompress -- data/tilesets/park_collision.bin data/tilesets/park_collision.bin.lzp
tools/sub_2bpp.sh gfx/tilesets/safari_zone.2bpp 128 > gfx/tilesets/safari_zone.2bpp.vram0
tools/sub_2bpp.sh gfx/tilesets/safari_zone.2bpp 128 128 > gfx/tilesets/safari_zone.2bpp.vram1
tools/lzpcompress -- data/tilesets/safari_zone_collision.bin data/tilesets/safari_zone_collision.bin.lzp
tools/sub_2bpp.sh gfx/tilesets/ruins_of_alph.2bpp 128 > gfx/tilesets/ruins_of_alph.2bpp.vram0
tools/sub_2bpp.sh gfx/tilesets/ruins_of_alph.2bpp 128 128 > gfx/tilesets/ruins_of_alph.2bpp.vram1
tools/lzpcompress -- data/tilesets/ruins_of_alph_collision.bin data/tilesets/ruins_of_alph_collision.bin.lzp
tools/sub_2bpp.sh gfx/tilesets/pokemon_mansion.2bpp 128 > gfx/tilesets/pokemon_mansion.2bpp.vram0
tools/sub_2bpp.sh gfx/tilesets/pokemon_mansion.2bpp 128 128 > gfx/tilesets/pokemon_mansion.2bpp.vram1
tools/lzpcompress -- data/tilesets/pokemon_mansion_collision.bin data/tilesets/pokemon_mansion_collision.bin.lzp
tools/sub_2bpp.sh gfx/tilesets/battle_factory.2bpp 128 > gfx/tilesets/battle_factory.2bpp.vram0
tools/sub_2bpp.sh gfx/tilesets/battle_factory.2bpp 128 128 > gfx/tilesets/battle_factory.2bpp.vram1
tools/lzpcompress -- data/tilesets/battle_factory_collision.bin data/tilesets/battle_factory_collision.bin.lzp
tools/sub_2bpp.sh gfx/tilesets/snowtop_mountain.2bpp 128 > gfx/tilesets/snowtop_mountain.2bpp.vram0
tools/sub_2bpp.sh gfx/tilesets/snowtop_mountain.2bpp 128 128 > gfx/tilesets/snowtop_mountain.2bpp.vram1
tools/lzpcompress -- data/tilesets/snowtop_mountain_collision.bin data/tilesets/snowtop_mountain_collision.bin.lzp
tools/sub_2bpp.sh gfx/tilesets/hidden_grotto.2bpp 128 > gfx/tilesets/hidden_grotto.2bpp.vram0
tools/sub_2bpp.sh gfx/tilesets/hidden_grotto.2bpp 128 128 > gfx/tilesets/hidden_grotto.2bpp.vram1
tools/lzpcompress -- data/tilesets/hidden_grotto_collision.bin data/tilesets/hidden_grotto_collision.bin.lzp
tools/sub_2bpp.sh gfx/tilesets/peaks.2bpp 128 > gfx/tilesets/peaks.2bpp.vram0
tools/sub_2bpp.sh gfx/tilesets/peaks.2bpp 128 128 > gfx/tilesets/peaks.2bpp.vram1
tools/lzpcompress -- data/tilesets/peaks_collision.bin data/tilesets/peaks_collision.bin.lzp
tools/sub_2bpp.sh gfx/tilesets/hideout.2bpp 128 > gfx/tilesets/hideout.2bpp.vram0
tools/sub_2bpp.sh gfx/tilesets/hideout.2bpp 128 128 > gfx/tilesets/hideout.2bpp.vram1
tools/lzpcompress -- data/tilesets/hideout_collision.bin data/tilesets/hideout_collision.bin.lzp
tools/sub_2bpp.sh gfx/tilesets/kanto_gym.2bpp 128 > gfx/tilesets/kanto_gym.2bpp.vram0
tools/sub_2bpp.sh gfx/tilesets/kanto_gym.2bpp 128 128 > gfx/tilesets/kanto_gym.2bpp.vram1
tools/lzpcompress -- data/tilesets/kanto_gym_collision.bin data/tilesets/kanto_gym_collision.bin.lzp
tools/lzpcompress -- gfx/minis/bulbasaur.2bpp gfx/minis/bulbasaur.2bpp.lzp
tools/lzpcompress -- gfx/minis/bulbasaur_mask.1bpp gfx/minis/bulbasaur_mask.1bpp.lzp
tools/lzpcompress -- gfx/icons/bulbasaur.2bpp gfx/icons/bulbasaur.2bpp.lzp
tools/lzpcompress -- gfx/minis/ivysaur.2bpp gfx/minis/ivysaur.2bpp.lzp
tools/lzpcompress -- gfx/minis/ivysaur_mask.1bpp gfx/minis/ivysaur_mask.1bpp.lzp
tools/lzpcompress -- gfx/icons/ivysaur.2bpp gfx/icons/ivysaur.2bpp.lzp
tools/lzpcompress -- gfx/minis/venusaur.2bpp gfx/minis/venusaur.2bpp.lzp
tools/lzpcompress -- gfx/minis/venusaur_mask.1bpp gfx/minis/venusaur_mask.1bpp.lzp
tools/lzpcompress -- gfx/icons/venusaur.2bpp gfx/icons/venusaur.2bpp.lzp
tools/lzpcompress -- gfx/minis/charmander.2bpp gfx/minis/charmander.2bpp.lzp
tools/lzpcompress -- gfx/minis/charmander_mask.1bpp gfx/minis/charmander_mask.1bpp.lzp
tools/lzpcompress -- gfx/icons/charmander.2bpp gfx/icons/charmander.2bpp.lzp
tools/lzpcompress -- gfx/minis/charmeleon.2bpp gfx/minis/charmeleon.2bpp.lzp
tools/lzpcompress -- gfx/minis/charmeleon_mask.1bpp gfx/minis/charmeleon_mask.1bpp.lzp
tools/lzpcompress -- gfx/icons/charmeleon.2bpp gfx/icons/charmeleon.2bpp.lzp
tools/lzpcompress -- gfx/minis/charizard.2bpp gfx/minis/charizard.2bpp.lzp
tools/lzpcompress -- gfx/minis/charizard_mask.1bpp gfx/minis/charizard_mask.1bpp.lzp
tools/lzpcompress -- gfx/icons/charizard.2bpp gfx/icons/charizard.2bpp.lzp
tools/lzpcompress -- gfx/minis/squirtle.2bpp gfx/minis/squirtle.2bpp.lzp
tools/lzpcompress -- gfx/minis/squirtle_mask.1bpp gfx/minis/squirtle_mask.1bpp.lzp
tools/lzpcompress -- gfx/icons/squirtle.2bpp gfx/icons/squirtle.2bpp.lzp
tools/lzpcompress -- gfx/minis/wartortle.2bpp gfx/minis/wartortle.2bpp.lzp
tools/lzpcompress -- gfx/minis/wartortle_mask.1bpp gfx/minis/wartortle_mask.1bpp.lzp
tools/lzpcompress -- gfx/icons/wartortle.2bpp gfx/icons/wartortle.2bpp.lzp
tools/lzpcompress -- gfx/minis/blastoise.2bpp gfx/minis/blastoise.2bpp.lzp
tools/lzpcompress -- gfx/minis/blastoise_mask.1bpp gfx/minis/blastoise_mask.1bpp.lzp
tools/lzpcompress -- gfx/icons/blastoise.2bpp gfx/icons/blastoise.2bpp.lzp
tools/lzpcompress -- gfx/minis/caterpie.2bpp gfx/minis/caterpie.2bpp.lzp
tools/lzpcompress -- gfx/minis/caterpie_mask.1bpp gfx/minis/caterpie_mask.1bpp.lzp
tools/lzpcompress -- gfx/icons/caterpie.2bpp gfx/icons/caterpie.2bpp.lzp
tools/lzpcompress -- gfx/minis/metapod.2bpp gfx/minis/metapod.2bpp.lzp
tools/lzpcompress -- gfx/minis/metapod_mask.1bpp gfx/minis/metapod_mask.1bpp.lzp
tools/lzpcompress -- gfx/icons/metapod.2bpp gfx/icons/metapod.2bpp.lzp
tools/lzpcompress -- gfx/minis/butterfree.2bpp gfx/minis/butterfree.2bpp.lzp
tools/lzpcompress -- gfx/minis/butterfree_mask.1bpp gfx/minis/butterfree_mask.1bpp.lzp
tools/lzpcompress -- gfx/icons/butterfree.2bpp gfx/icons/butterfree.2bpp.lzp
tools/lzpcompress -- gfx/minis/weedle.2bpp gfx/minis/weedle.2bpp.lzp
tools/lzpcompress -- gfx/minis/weedle_mask.1bpp gfx/minis/weedle_mask.1bpp.lzp
tools/lzpcompress -- gfx/icons/weedle.2bpp gfx/icons/weedle.2bpp.lzp
tools/lzpcompress -- gfx/minis/kakuna.2bpp gfx/minis/kakuna.2bpp.lzp
tools/lzpcompress -- gfx/minis/kakuna_mask.1bpp gfx/minis/kakuna_mask.1bpp.lzp
tools/lzpcompress -- gfx/icons/kakuna.2bpp gfx/icons/kakuna.2bpp.lzp
tools/lzpcompress -- gfx/minis/beedrill.2bpp gfx/minis/beedrill.2bpp.lzp
tools/lzpcompress -- gfx/minis/beedrill_mask.1bpp gfx/minis/beedrill_mask.1bpp.lzp
tools/lzpcompress -- gfx/icons/beedrill.2bpp gfx/icons/beedrill.2bpp.lzp
tools/lzpcompress -- gfx/minis/pidgey.2bpp gfx/minis/pidgey.2bpp.lzp
tools/lzpcompress -- gfx/minis/pidgey_mask.1bpp gfx/minis/pidgey_mask.1bpp.lzp
tools/lzpcompress -- gfx/icons/pidgey.2bpp gfx/icons/pidgey.2bpp.lzp
tools/lzpcompress -- gfx/minis/pidgeotto.2bpp gfx/minis/pidgeotto.2bpp.lzp
tools/lzpcompress -- gfx/minis/pidgeotto_mask.1bpp gfx/minis/pidgeotto_mask.1bpp.lzp
tools/lzpcompress -- gfx/icons/pidgeotto.2bpp gfx/icons/pidgeotto.2bpp.lzp
tools/lzpcompress -- gfx/minis/pidgeot.2bpp gfx/minis/pidgeot.2bpp.lzp
tools/lzpcompress -- gfx/minis/pidgeot_mask.1bpp gfx/minis/pidgeot_mask.1bpp.lzp
tools/lzpcompress -- gfx/icons/pidgeot.2bpp gfx/icons/pidgeot.2bpp.lzp
tools/lzpcompress -- gfx/minis/rattata.2bpp gfx/minis/rattata.2bpp.lzp
tools/lzpcompress -- gfx/minis/rattata_mask.1bpp gfx/minis/rattata_mask.1bpp.lzp
tools/lzpcompress -- gfx/icons/rattata.2bpp gfx/icons/rattata.2bpp.lzp
tools/lzpcompress -- gfx/minis/raticate.2bpp gfx/minis/raticate.2bpp.lzp
tools/lzpcompress -- gfx/minis/raticate_mask.1bpp gfx/minis/raticate_mask.1bpp.lzp
tools/lzpcompress -- gfx/icons/raticate.2bpp gfx/icons/raticate.2bpp.lzp
tools/lzpcompress -- gfx/minis/spearow.2bpp gfx/minis/spearow.2bpp.lzp
tools/lzpcompress -- gfx/minis/spearow_mask.1bpp gfx/minis/spearow_mask.1bpp.lzp
tools/lzpcompress -- gfx/icons/spearow.2bpp gfx/icons/spearow.2bpp.lzp
tools/lzpcompress -- gfx/minis/fearow.2bpp gfx/minis/fearow.2bpp.lzp
tools/lzpcompress -- gfx/minis/fearow_mask.1bpp gfx/minis/fearow_mask.1bpp.lzp
tools/lzpcompress -- gfx/icons/fearow.2bpp gfx/icons/fearow.2bpp.lzp
tools/lzpcompress -- gfx/minis/ekans.2bpp gfx/minis/ekans.2bpp.lzp
tools/lzpcompress -- gfx/minis/ekans_mask.1bpp gfx/minis/ekans_mask.1bpp.lzp
tools/lzpcompress -- gfx/icons/ekans.2bpp gfx/icons/ekans.2bpp.lzp
tools/lzpcompress -- gfx/minis/arbok.2bpp gfx/minis/arbok.2bpp.lzp
tools/lzpcompress -- gfx/minis/arbok_mask.1bpp gfx/minis/arbok_mask.1bpp.lzp
tools/lzpcompress -- gfx/icons/arbok.2bpp gfx/icons/arbok.2bpp.lzp
tools/lzpcompress -- gfx/minis/pikachu.2bpp gfx/minis/pikachu.2bpp.lzp
tools/lzpcompress -- gfx/minis/pikachu_fly.2bpp gfx/minis/pikachu_fly.2bpp.lzp
tools/lzpcompress -- gfx/minis/pikachu_surf.2bpp gfx/minis/pikachu_surf.2bpp.lzp
tools/lzpcompress -- gfx/minis/pikachu_mask.1bpp gfx/minis/pikachu_mask.1bpp.lzp
tools/lzpcompress -- gfx/minis/pikachu_fly_mask.1bpp gfx/minis/pikachu_fly_mask.1bpp.lzp
tools/lzpcompress -- gfx/minis/pikachu_surf_mask.1bpp gfx/minis/pikachu_surf_mask.1bpp.lzp
tools/lzpcompress -- gfx/icons/pikachu.2bpp gfx/icons/pikachu.2bpp.lzp
tools/lzpcompress -- gfx/minis/raichu.2bpp gfx/minis/raichu.2bpp.lzp
tools/lzpcompress -- gfx/minis/raichu_mask.1bpp gfx/minis/raichu_mask.1bpp.lzp
tools/lzpcompress -- gfx/icons/raichu.2bpp gfx/icons/raichu.2bpp.lzp
tools/lzpcompress -- gfx/minis/sandshrew.2bpp gfx/minis/sandshrew.2bpp.lzp
tools/lzpcompress -- gfx/minis/sandshrew_mask.1bpp gfx/minis/sandshrew_mask.1bpp.lzp
tools/lzpcompress -- gfx/icons/sandshrew.2bpp gfx/icons/sandshrew.2bpp.lzp
tools/lzpcompress -- gfx/minis/sandslash.2bpp gfx/minis/sandslash.2bpp.lzp
tools/lzpcompress -- gfx/minis/sandslash_mask.1bpp gfx/minis/sandslash_mask.1bpp.lzp
tools/lzpcompress -- gfx/icons/sandslash.2bpp gfx/icons/sandslash.2bpp.lzp
tools/lzpcompress -- gfx/minis/nidoran_f.2bpp gfx/minis/nidoran_f.2bpp.lzp
tools/lzpcompress -- gfx/minis/nidoran_f_mask.1bpp gfx/minis/nidoran_f_mask.1bpp.lzp
tools/lzpcompress -- gfx/icons/nidoran_f.2bpp gfx/icons/nidoran_f.2bpp.lzp
tools/lzpcompress -- gfx/minis/nidorina.2bpp gfx/minis/nidorina.2bpp.lzp
tools/lzpcompress -- gfx/minis/nidorina_mask.1bpp gfx/minis/nidorina_mask.1bpp.lzp
tools/lzpcompress -- gfx/icons/nidorina.2bpp gfx/icons/nidorina.2bpp.lzp
tools/lzpcompress -- gfx/minis/nidoqueen.2bpp gfx/minis/nidoqueen.2bpp.lzp
tools/lzpcompress -- gfx/minis/nidoqueen_mask.1bpp gfx/minis/nidoqueen_mask.1bpp.lzp
tools/lzpcompress -- gfx/icons/nidoqueen.2bpp gfx/icons/nidoqueen.2bpp.lzp
tools/lzpcompress -- gfx/minis/nidoran_m.2bpp gfx/minis/nidoran_m.2bpp.lzp
tools/lzpcompress -- gfx/minis/nidoran_m_mask.1bpp gfx/minis/nidoran_m_mask.1bpp.lzp
tools/lzpcompress -- gfx/icons/nidoran_m.2bpp gfx/icons/nidoran_m.2bpp.lzp
tools/lzpcompress -- gfx/minis/nidorino.2bpp gfx/minis/nidorino.2bpp.lzp
tools/lzpcompress -- gfx/minis/nidorino_mask.1bpp gfx/minis/nidorino_mask.1bpp.lzp
tools/lzpcompress -- gfx/icons/nidorino.2bpp gfx/icons/nidorino.2bpp.lzp
tools/lzpcompress -- gfx/minis/nidoking.2bpp gfx/minis/nidoking.2bpp.lzp
tools/lzpcompress -- gfx/minis/nidoking_mask.1bpp gfx/minis/nidoking_mask.1bpp.lzp
tools/lzpcompress -- gfx/icons/nidoking.2bpp gfx/icons/nidoking.2bpp.lzp
tools/lzpcompress -- gfx/minis/clefairy.2bpp gfx/minis/clefairy.2bpp.lzp
tools/lzpcompress -- gfx/minis/clefairy_mask.1bpp gfx/minis/clefairy_mask.1bpp.lzp
tools/lzpcompress -- gfx/icons/clefairy.2bpp gfx/icons/clefairy.2bpp.lzp
tools/lzpcompress -- gfx/minis/clefable.2bpp gfx/minis/clefable.2bpp.lzp
tools/lzpcompress -- gfx/minis/clefable_mask.1bpp gfx/minis/clefable_mask.1bpp.lzp
tools/lzpcompress -- gfx/icons/clefable.2bpp gfx/icons/clefable.2bpp.lzp
tools/lzpcompress -- gfx/minis/vulpix.2bpp gfx/minis/vulpix.2bpp.lzp
tools/lzpcompress -- gfx/minis/vulpix_mask.1bpp gfx/minis/vulpix_mask.1bpp.lzp
tools/lzpcompress -- gfx/icons/vulpix.2bpp gfx/icons/vulpix.2bpp.lzp
tools/lzpcompress -- gfx/minis/ninetales.2bpp gfx/minis/ninetales.2bpp.lzp
tools/lzpcompress -- gfx/minis/ninetales_mask.1bpp gfx/minis/ninetales_mask.1bpp.lzp
tools/lzpcompress -- gfx/icons/ninetales.2bpp gfx/icons/ninetales.2bpp.lzp
tools/lzpcompress -- gfx/minis/jigglypuff.2bpp gfx/minis/jigglypuff.2bpp.lzp
tools/lzpcompress -- gfx/minis/jigglypuff_mask.1bpp gfx/minis/jigglypuff_mask.1bpp.lzp
tools/lzpcompress -- gfx/icons/jigglypuff.2bpp gfx/icons/jigglypuff.2bpp.lzp
tools/lzpcompress -- gfx/minis/wigglytuff.2bpp gfx/minis/wigglytuff.2bpp.lzp
tools/lzpcompress -- gfx/minis/wigglytuff_mask.1bpp gfx/minis/wigglytuff_mask.1bpp.lzp
tools/lzpcompress -- gfx/icons/wigglytuff.2bpp gfx/icons/wigglytuff.2bpp.lzp
tools/lzpcompress -- gfx/minis/zubat.2bpp gfx/minis/zubat.2bpp.lzp
tools/lzpcompress -- gfx/minis/zubat_mask.1bpp gfx/minis/zubat_mask.1bpp.lzp
tools/lzpcompress -- gfx/icons/zubat.2bpp gfx/icons/zubat.2bpp.lzp
tools/lzpcompress -- gfx/minis/golbat.2bpp gfx/minis/golbat.2bpp.lzp
tools/lzpcompress -- gfx/minis/golbat_mask.1bpp gfx/minis/golbat_mask.1bpp.lzp
tools/lzpcompress -- gfx/icons/golbat.2bpp gfx/icons/golbat.2bpp.lzp
tools/lzpcompress -- gfx/minis/oddish.2bpp gfx/minis/oddish.2bpp.lzp
tools/lzpcompress -- gfx/minis/oddish_mask.1bpp gfx/minis/oddish_mask.1bpp.lzp
tools/lzpcompress -- gfx/icons/oddish.2bpp gfx/icons/oddish.2bpp.lzp
tools/lzpcompress -- gfx/minis/gloom.2bpp gfx/minis/gloom.2bpp.lzp
tools/lzpcompress -- gfx/minis/gloom_mask.1bpp gfx/minis/gloom_mask.1bpp.lzp
tools/lzpcompress -- gfx/icons/gloom.2bpp gfx/icons/gloom.2bpp.lzp
tools/lzpcompress -- gfx/minis/vileplume.2bpp gfx/minis/vileplume.2bpp.lzp
tools/lzpcompress -- gfx/minis/vileplume_mask.1bpp gfx/minis/vileplume_mask.1bpp.lzp
tools/lzpcompress -- gfx/icons/vileplume.2bpp gfx/icons/vileplume.2bpp.lzp
tools/lzpcompress -- gfx/minis/paras.2bpp gfx/minis/paras.2bpp.lzp
tools/lzpcompress -- gfx/minis/paras_mask.1bpp gfx/minis/paras_mask.1bpp.lzp
tools/lzpcompress -- gfx/icons/paras.2bpp gfx/icons/paras.2bpp.lzp
tools/lzpcompress -- gfx/minis/parasect.2bpp gfx/minis/parasect.2bpp.lzp
tools/lzpcompress -- gfx/minis/parasect_mask.1bpp gfx/minis/parasect_mask.1bpp.lzp
tools/lzpcompress -- gfx/icons/parasect.2bpp gfx/icons/parasect.2bpp.lzp
tools/lzpcompress -- gfx/minis/venonat.2bpp gfx/minis/venonat.2bpp.lzp
tools/lzpcompress -- gfx/minis/venonat_mask.1bpp gfx/minis/venonat_mask.1bpp.lzp
tools/lzpcompress -- gfx/icons/venonat.2bpp gfx/icons/venonat.2bpp.lzp
tools/lzpcompress -- gfx/minis/venomoth.2bpp gfx/minis/venomoth.2bpp.lzp
tools/lzpcompress -- gfx/minis/venomoth_mask.1bpp gfx/minis/venomoth_mask.1bpp.lzp
tools/lzpcompress -- gfx/icons/venomoth.2bpp gfx/icons/venomoth.2bpp.lzp
tools/lzpcompress -- gfx/minis/diglett.2bpp gfx/minis/diglett.2bpp.lzp
tools/lzpcompress -- gfx/minis/diglett_mask.1bpp gfx/minis/diglett_mask.1bpp.lzp
tools/lzpcompress -- gfx/icons/diglett.2bpp gfx/icons/diglett.2bpp.lzp
tools/lzpcompress -- gfx/minis/dugtrio.2bpp gfx/minis/dugtrio.2bpp.lzp
tools/lzpcompress -- gfx/minis/dugtrio_mask.1bpp gfx/minis/dugtrio_mask.1bpp.lzp
tools/lzpcompress -- gfx/icons/dugtrio.2bpp gfx/icons/dugtrio.2bpp.lzp
tools/lzpcompress -- gfx/minis/meowth.2bpp gfx/minis/meowth.2bpp.lzp
tools/lzpcompress -- gfx/minis/meowth_mask.1bpp gfx/minis/meowth_mask.1bpp.lzp
tools/lzpcompress -- gfx/icons/meowth.2bpp gfx/icons/meowth.2bpp.lzp
tools/lzpcompress -- gfx/minis/persian.2bpp gfx/minis/persian.2bpp.lzp
tools/lzpcompress -- gfx/minis/persian_mask.1bpp gfx/minis/persian_mask.1bpp.lzp
tools/lzpcompress -- gfx/icons/persian.2bpp gfx/icons/persian.2bpp.lzp
tools/lzpcompress -- gfx/minis/psyduck.2bpp gfx/minis/psyduck.2bpp.lzp
tools/lzpcompress -- gfx/minis/psyduck_mask.1bpp gfx/minis/psyduck_mask.1bpp.lzp
tools/lzpcompress -- gfx/icons/psyduck.2bpp gfx/icons/psyduck.2bpp.lzp
tools/lzpcompress -- gfx/minis/golduck.2bpp gfx/minis/golduck.2bpp.lzp
tools/lzpcompress -- gfx/minis/golduck_mask.1bpp gfx/minis/golduck_mask.1bpp.lzp
tools/lzpcompress -- gfx/icons/golduck.2bpp gfx/icons/golduck.2bpp.lzp
tools/lzpcompress -- gfx/minis/mankey.2bpp gfx/minis/mankey.2bpp.lzp
tools/lzpcompress -- gfx/minis/mankey_mask.1bpp gfx/minis/mankey_mask.1bpp.lzp
tools/lzpcompress -- gfx/icons/mankey.2bpp gfx/icons/mankey.2bpp.lzp
tools/lzpcompress -- gfx/minis/primeape.2bpp gfx/minis/primeape.2bpp.lzp
tools/lzpcompress -- gfx/minis/primeape_mask.1bpp gfx/minis/primeape_mask.1bpp.lzp
tools/lzpcompress -- gfx/icons/primeape.2bpp gfx/icons/primeape.2bpp.lzp
tools/lzpcompress -- gfx/minis/growlithe.2bpp gfx/minis/growlithe.2bpp.lzp
tools/lzpcompress -- gfx/minis/growlithe_mask.1bpp gfx/minis/growlithe_mask.1bpp.lzp
tools/lzpcompress -- gfx/icons/growlithe.2bpp gfx/icons/growlithe.2bpp.lzp
tools/lzpcompress -- gfx/minis/arcanine.2bpp gfx/minis/arcanine.2bpp.lzp
tools/lzpcompress -- gfx/minis/arcanine_mask.1bpp gfx/minis/arcanine_mask.1bpp.lzp
tools/lzpcompress -- gfx/icons/arcanine.2bpp gfx/icons/arcanine.2bpp.lzp
tools/lzpcompress -- gfx/minis/poliwag.2bpp gfx/minis/poliwag.2bpp.lzp
tools/lzpcompress -- gfx/minis/poliwag_mask.1bpp gfx/minis/poliwag_mask.1bpp.lzp
tools/lzpcompress -- gfx/icons/poliwag.2bpp gfx/icons/poliwag.2bpp.lzp
tools/lzpcompress -- gfx/minis/poliwhirl.2bpp gfx/minis/poliwhirl.2bpp.lzp
tools/lzpcompress -- gfx/minis/poliwhirl_mask.1bpp gfx/minis/poliwhirl_mask.1bpp.lzp
tools/lzpcompress -- gfx/icons/poliwhirl.2bpp gfx/icons/poliwhirl.2bpp.lzp
tools/lzpcompress -- gfx/minis/poliwrath.2bpp gfx/minis/poliwrath.2bpp.lzp
tools/lzpcompress -- gfx/minis/poliwrath_mask.1bpp gfx/minis/poliwrath_mask.1bpp.lzp
tools/lzpcompress -- gfx/icons/poliwrath.2bpp gfx/icons/poliwrath.2bpp.lzp
tools/lzpcompress -- gfx/minis/abra.2bpp gfx/minis/abra.2bpp.lzp
tools/lzpcompress -- gfx/minis/abra_mask.1bpp gfx/minis/abra_mask.1bpp.lzp
tools/lzpcompress -- gfx/icons/abra.2bpp gfx/icons/abra.2bpp.lzp
tools/lzpcompress -- gfx/minis/kadabra.2bpp gfx/minis/kadabra.2bpp.lzp
tools/lzpcompress -- gfx/minis/kadabra_mask.1bpp gfx/minis/kadabra_mask.1bpp.lzp
tools/lzpcompress -- gfx/icons/kadabra.2bpp gfx/icons/kadabra.2bpp.lzp
tools/lzpcompress -- gfx/minis/alakazam.2bpp gfx/minis/alakazam.2bpp.lzp
tools/lzpcompress -- gfx/minis/alakazam_mask.1bpp gfx/minis/alakazam_mask.1bpp.lzp
tools/lzpcompress -- gfx/icons/alakazam.2bpp gfx/icons/alakazam.2bpp.lzp
tools/lzpcompress -- gfx/minis/machop.2bpp gfx/minis/machop.2bpp.lzp
tools/lzpcompress -- gfx/minis/machop_mask.1bpp gfx/minis/machop_mask.1bpp.lzp
tools/lzpcompress -- gfx/icons/machop.2bpp gfx/icons/machop.2bpp.lzp
tools/lzpcompress -- gfx/minis/machoke.2bpp gfx/minis/machoke.2bpp.lzp
tools/lzpcompress -- gfx/minis/machoke_mask.1bpp gfx/minis/machoke_mask.1bpp.lzp
tools/lzpcompress -- gfx/icons/machoke.2bpp gfx/icons/machoke.2bpp.lzp
tools/lzpcompress -- gfx/minis/machamp.2bpp gfx/minis/machamp.2bpp.lzp
tools/lzpcompress -- gfx/minis/machamp_mask.1bpp gfx/minis/machamp_mask.1bpp.lzp
tools/lzpcompress -- gfx/icons/machamp.2bpp gfx/icons/machamp.2bpp.lzp
tools/lzpcompress -- gfx/minis/bellsprout.2bpp gfx/minis/bellsprout.2bpp.lzp
tools/lzpcompress -- gfx/minis/bellsprout_mask.1bpp gfx/minis/bellsprout_mask.1bpp.lzp
tools/lzpcompress -- gfx/icons/bellsprout.2bpp gfx/icons/bellsprout.2bpp.lzp
tools/lzpcompress -- gfx/minis/weepinbell.2bpp gfx/minis/weepinbell.2bpp.lzp
tools/lzpcompress -- gfx/minis/weepinbell_mask.1bpp gfx/minis/weepinbell_mask.1bpp.lzp
tools/lzpcompress -- gfx/icons/weepinbell.2bpp gfx/icons/weepinbell.2bpp.lzp
tools/lzpcompress -- gfx/minis/victreebel.2bpp gfx/minis/victreebel.2bpp.lzp
tools/lzpcompress -- gfx/minis/victreebel_mask.1bpp gfx/minis/victreebel_mask.1bpp.lzp
tools/lzpcompress -- gfx/icons/victreebel.2bpp gfx/icons/victreebel.2bpp.lzp
tools/lzpcompress -- gfx/minis/tentacool.2bpp gfx/minis/tentacool.2bpp.lzp
tools/lzpcompress -- gfx/minis/tentacool_mask.1bpp gfx/minis/tentacool_mask.1bpp.lzp
tools/lzpcompress -- gfx/icons/tentacool.2bpp gfx/icons/tentacool.2bpp.lzp
tools/lzpcompress -- gfx/minis/tentacruel.2bpp gfx/minis/tentacruel.2bpp.lzp
tools/lzpcompress -- gfx/minis/tentacruel_mask.1bpp gfx/minis/tentacruel_mask.1bpp.lzp
tools/lzpcompress -- gfx/icons/tentacruel.2bpp gfx/icons/tentacruel.2bpp.lzp
tools/lzpcompress -- gfx/minis/geodude.2bpp gfx/minis/geodude.2bpp.lzp
tools/lzpcompress -- gfx/minis/geodude_mask.1bpp gfx/minis/geodude_mask.1bpp.lzp
tools/lzpcompress -- gfx/icons/geodude.2bpp gfx/icons/geodude.2bpp.lzp
tools/lzpcompress -- gfx/minis/graveler.2bpp gfx/minis/graveler.2bpp.lzp
tools/lzpcompress -- gfx/minis/graveler_mask.1bpp gfx/minis/graveler_mask.1bpp.lzp
tools/lzpcompress -- gfx/icons/graveler.2bpp gfx/icons/graveler.2bpp.lzp
tools/lzpcompress -- gfx/minis/golem.2bpp gfx/minis/golem.2bpp.lzp
tools/lzpcompress -- gfx/minis/golem_mask.1bpp gfx/minis/golem_mask.1bpp.lzp
tools/lzpcompress -- gfx/icons/golem.2bpp gfx/icons/golem.2bpp.lzp
tools/lzpcompress -- gfx/minis/ponyta.2bpp gfx/minis/ponyta.2bpp.lzp
tools/lzpcompress -- gfx/minis/ponyta_mask.1bpp gfx/minis/ponyta_mask.1bpp.lzp
tools/lzpcompress -- gfx/icons/ponyta.2bpp gfx/icons/ponyta.2bpp.lzp
tools/lzpcompress -- gfx/minis/rapidash.2bpp gfx/minis/rapidash.2bpp.lzp
tools/lzpcompress -- gfx/minis/rapidash_mask.1bpp gfx/minis/rapidash_mask.1bpp.lzp
tools/lzpcompress -- gfx/icons/rapidash.2bpp gfx/icons/rapidash.2bpp.lzp
tools/lzpcompress -- gfx/minis/slowpoke.2bpp gfx/minis/slowpoke.2bpp.lzp
tools/lzpcompress -- gfx/minis/slowpoke_mask.1bpp gfx/minis/slowpoke_mask.1bpp.lzp
tools/lzpcompress -- gfx/icons/slowpoke.2bpp gfx/icons/slowpoke.2bpp.lzp
tools/lzpcompress -- gfx/minis/slowbro.2bpp gfx/minis/slowbro.2bpp.lzp
tools/lzpcompress -- gfx/minis/slowbro_mask.1bpp gfx/minis/slowbro_mask.1bpp.lzp
tools/lzpcompress -- gfx/icons/slowbro.2bpp gfx/icons/slowbro.2bpp.lzp
tools/lzpcompress -- gfx/minis/magnemite.2bpp gfx/minis/magnemite.2bpp.lzp
tools/lzpcompress -- gfx/minis/magnemite_mask.1bpp gfx/minis/magnemite_mask.1bpp.lzp
tools/lzpcompress -- gfx/icons/magnemite.2bpp gfx/icons/magnemite.2bpp.lzp
tools/lzpcompress -- gfx/minis/magneton.2bpp gfx/minis/magneton.2bpp.lzp
tools/lzpcompress -- gfx/minis/magneton_mask.1bpp gfx/minis/magneton_mask.1bpp.lzp
tools/lzpcompress -- gfx/icons/magneton.2bpp gfx/icons/magneton.2bpp.lzp
tools/lzpcompress -- gfx/minis/farfetch_d.2bpp gfx/minis/farfetch_d.2bpp.lzp
tools/lzpcompress -- gfx/minis/farfetch_d_mask.1bpp gfx/minis/farfetch_d_mask.1bpp.lzp
tools/lzpcompress -- gfx/icons/farfetch_d.2bpp gfx/icons/farfetch_d.2bpp.lzp
tools/lzpcompress -- gfx/minis/doduo.2bpp gfx/minis/doduo.2bpp.lzp
tools/lzpcompress -- gfx/minis/doduo_mask.1bpp gfx/minis/doduo_mask.1bpp.lzp
tools/lzpcompress -- gfx/icons/doduo.2bpp gfx/icons/doduo.2bpp.lzp
tools/lzpcompress -- gfx/minis/dodrio.2bpp gfx/minis/dodrio.2bpp.lzp
tools/lzpcompress -- gfx/minis/dodrio_mask.1bpp gfx/minis/dodrio_mask.1bpp.lzp
tools/lzpcompress -- gfx/icons/dodrio.2bpp gfx/icons/dodrio.2bpp.lzp
tools/lzpcompress -- gfx/minis/seel.2bpp gfx/minis/seel.2bpp.lzp
tools/lzpcompress -- gfx/minis/seel_mask.1bpp gfx/minis/seel_mask.1bpp.lzp
tools/lzpcompress -- gfx/icons/seel.2bpp gfx/icons/seel.2bpp.lzp
tools/lzpcompress -- gfx/minis/dewgong.2bpp gfx/minis/dewgong.2bpp.lzp
tools/lzpcompress -- gfx/minis/dewgong_mask.1bpp gfx/minis/dewgong_mask.1bpp.lzp
tools/lzpcompress -- gfx/icons/dewgong.2bpp gfx/icons/dewgong.2bpp.lzp
tools/lzpcompress -- gfx/minis/grimer.2bpp gfx/minis/grimer.2bpp.lzp
tools/lzpcompress -- gfx/minis/grimer_mask.1bpp gfx/minis/grimer_mask.1bpp.lzp
tools/lzpcompress -- gfx/icons/grimer.2bpp gfx/icons/grimer.2bpp.lzp
tools/lzpcompress -- gfx/minis/muk.2bpp gfx/minis/muk.2bpp.lzp
tools/lzpcompress -- gfx/minis/muk_mask.1bpp gfx/minis/muk_mask.1bpp.lzp
tools/lzpcompress -- gfx/icons/muk.2bpp gfx/icons/muk.2bpp.lzp
tools/lzpcompress -- gfx/minis/shellder.2bpp gfx/minis/shellder.2bpp.lzp
tools/lzpcompress -- gfx/minis/shellder_mask.1bpp gfx/minis/shellder_mask.1bpp.lzp
tools/lzpcompress -- gfx/icons/shellder.2bpp gfx/icons/shellder.2bpp.lzp
tools/lzpcompress -- gfx/minis/cloyster.2bpp gfx/minis/cloyster.2bpp.lzp
tools/lzpcompress -- gfx/minis/cloyster_mask.1bpp gfx/minis/cloyster_mask.1bpp.lzp
tools/lzpcompress -- gfx/icons/cloyster.2bpp gfx/icons/cloyster.2bpp.lzp
tools/lzpcompress -- gfx/minis/gastly.2bpp gfx/minis/gastly.2bpp.lzp
tools/lzpcompress -- gfx/minis/gastly_mask.1bpp gfx/minis/gastly_mask.1bpp.lzp
tools/lzpcompress -- gfx/icons/gastly.2bpp gfx/icons/gastly.2bpp.lzp
tools/lzpcompress -- gfx/minis/haunter.2bpp gfx/minis/haunter.2bpp.lzp
tools/lzpcompress -- gfx/minis/haunter_mask.1bpp gfx/minis/haunter_mask.1bpp.lzp
tools/lzpcompress -- gfx/icons/haunter.2bpp gfx/icons/haunter.2bpp.lzp
tools/lzpcompress -- gfx/minis/gengar.2bpp gfx/minis/gengar.2bpp.lzp
tools/lzpcompress -- gfx/minis/gengar_mask.1bpp gfx/minis/gengar_mask.1bpp.lzp
tools/lzpcompress -- gfx/icons/gengar.2bpp gfx/icons/gengar.2bpp.lzp
tools/lzpcompress -- gfx/minis/onix.2bpp gfx/minis/onix.2bpp.lzp
tools/lzpcompress -- gfx/minis/onix_mask.1bpp gfx/minis/onix_mask.1bpp.lzp
tools/lzpcompress -- gfx/icons/onix.2bpp gfx/icons/onix.2bpp.lzp
tools/lzpcompress -- gfx/minis/drowzee.2bpp gfx/minis/drowzee.2bpp.lzp
tools/lzpcompress -- gfx/minis/drowzee_mask.1bpp gfx/minis/drowzee_mask.1bpp.lzp
tools/lzpcompress -- gfx/icons/drowzee.2bpp gfx/icons/drowzee.2bpp.lzp
tools/lzpcompress -- gfx/minis/hypno.2bpp gfx/minis/hypno.2bpp.lzp
tools/lzpcompress -- gfx/minis/hypno_mask.1bpp gfx/minis/hypno_mask.1bpp.lzp
tools/lzpcompress -- gfx/icons/hypno.2bpp gfx/icons/hypno.2bpp.lzp
tools/lzpcompress -- gfx/minis/krabby.2bpp gfx/minis/krabby.2bpp.lzp
tools/lzpcompress -- gfx/minis/krabby_mask.1bpp gfx/minis/krabby_mask.1bpp.lzp
tools/lzpcompress -- gfx/icons/krabby.2bpp gfx/icons/krabby.2bpp.lzp
tools/lzpcompress -- gfx/minis/kingler.2bpp gfx/minis/kingler.2bpp.lzp
tools/lzpcompress -- gfx/minis/kingler_mask.1bpp gfx/minis/kingler_mask.1bpp.lzp
tools/lzpcompress -- gfx/icons/kingler.2bpp gfx/icons/kingler.2bpp.lzp
tools/lzpcompress -- gfx/minis/voltorb.2bpp gfx/minis/voltorb.2bpp.lzp
tools/lzpcompress -- gfx/minis/voltorb_mask.1bpp gfx/minis/voltorb_mask.1bpp.lzp
tools/lzpcompress -- gfx/icons/voltorb.2bpp gfx/icons/voltorb.2bpp.lzp
tools/lzpcompress -- gfx/minis/electrode.2bpp gfx/minis/electrode.2bpp.lzp
tools/lzpcompress -- gfx/minis/electrode_mask.1bpp gfx/minis/electrode_mask.1bpp.lzp
tools/lzpcompress -- gfx/icons/electrode.2bpp gfx/icons/electrode.2bpp.lzp
tools/lzpcompress -- gfx/minis/exeggcute.2bpp gfx/minis/exeggcute.2bpp.lzp
tools/lzpcompress -- gfx/minis/exeggcute_mask.1bpp gfx/minis/exeggcute_mask.1bpp.lzp
tools/lzpcompress -- gfx/icons/exeggcute.2bpp gfx/icons/exeggcute.2bpp.lzp
tools/lzpcompress -- gfx/minis/exeggutor.2bpp gfx/minis/exeggutor.2bpp.lzp
tools/lzpcompress -- gfx/minis/exeggutor_mask.1bpp gfx/minis/exeggutor_mask.1bpp.lzp
tools/lzpcompress -- gfx/icons/exeggutor.2bpp gfx/icons/exeggutor.2bpp.lzp
tools/lzpcompress -- gfx/minis/cubone.2bpp gfx/minis/cubone.2bpp.lzp
tools/lzpcompress -- gfx/minis/cubone_mask.1bpp gfx/minis/cubone_mask.1bpp.lzp
tools/lzpcompress -- gfx/icons/cubone.2bpp gfx/icons/cubone.2bpp.lzp
tools/lzpcompress -- gfx/minis/marowak.2bpp gfx/minis/marowak.2bpp.lzp
tools/lzpcompress -- gfx/minis/marowak_mask.1bpp gfx/minis/marowak_mask.1bpp.lzp
tools/lzpcompress -- gfx/icons/marowak.2bpp gfx/icons/marowak.2bpp.lzp
tools/lzpcompress -- gfx/minis/hitmonlee.2bpp gfx/minis/hitmonlee.2bpp.lzp
tools/lzpcompress -- gfx/minis/hitmonlee_mask.1bpp gfx/minis/hitmonlee_mask.1bpp.lzp
tools/lzpcompress -- gfx/icons/hitmonlee.2bpp gfx/icons/hitmonlee.2bpp.lzp
tools/lzpcompress -- gfx/minis/hitmonchan.2bpp gfx/minis/hitmonchan.2bpp.lzp
tools/lzpcompress -- gfx/minis/hitmonchan_mask.1bpp gfx/minis/hitmonchan_mask.1bpp.lzp
tools/lzpcompress -- gfx/icons/hitmonchan.2bpp gfx/icons/hitmonchan.2bpp.lzp
tools/lzpcompress -- gfx/minis/lickitung.2bpp gfx/minis/lickitung.2bpp.lzp
tools/lzpcompress -- gfx/minis/lickitung_mask.1bpp gfx/minis/lickitung_mask.1bpp.lzp
tools/lzpcompress -- gfx/icons/lickitung.2bpp gfx/icons/lickitung.2bpp.lzp
tools/lzpcompress -- gfx/minis/koffing.2bpp gfx/minis/koffing.2bpp.lzp
tools/lzpcompress -- gfx/minis/koffing_mask.1bpp gfx/minis/koffing_mask.1bpp.lzp
tools/lzpcompress -- gfx/icons/koffing.2bpp gfx/icons/koffing.2bpp.lzp
tools/lzpcompress -- gfx/minis/weezing.2bpp gfx/minis/weezing.2bpp.lzp
tools/lzpcompress -- gfx/minis/weezing_mask.1bpp gfx/minis/weezing_mask.1bpp.lzp
tools/lzpcompress -- gfx/icons/weezing.2bpp gfx/icons/weezing.2bpp.lzp
tools/lzpcompress -- gfx/minis/rhyhorn.2bpp gfx/minis/rhyhorn.2bpp.lzp
tools/lzpcompress -- gfx/minis/rhyhorn_mask.1bpp gfx/minis/rhyhorn_mask.1bpp.lzp
tools/lzpcompress -- gfx/icons/rhyhorn.2bpp gfx/icons/rhyhorn.2bpp.lzp
tools/lzpcompress -- gfx/minis/rhydon.2bpp gfx/minis/rhydon.2bpp.lzp
tools/lzpcompress -- gfx/minis/rhydon_mask.1bpp gfx/minis/rhydon_mask.1bpp.lzp
tools/lzpcompress -- gfx/icons/rhydon.2bpp gfx/icons/rhydon.2bpp.lzp
tools/lzpcompress -- gfx/minis/chansey.2bpp gfx/minis/chansey.2bpp.lzp
tools/lzpcompress -- gfx/minis/chansey_mask.1bpp gfx/minis/chansey_mask.1bpp.lzp
tools/lzpcompress -- gfx/icons/chansey.2bpp gfx/icons/chansey.2bpp.lzp
tools/lzpcompress -- gfx/minis/tangela.2bpp gfx/minis/tangela.2bpp.lzp
tools/lzpcompress -- gfx/minis/tangela_mask.1bpp gfx/minis/tangela_mask.1bpp.lzp
tools/lzpcompress -- gfx/icons/tangela.2bpp gfx/icons/tangela.2bpp.lzp
tools/lzpcompress -- gfx/minis/kangaskhan.2bpp gfx/minis/kangaskhan.2bpp.lzp
tools/lzpcompress -- gfx/minis/kangaskhan_mask.1bpp gfx/minis/kangaskhan_mask.1bpp.lzp
tools/lzpcompress -- gfx/icons/kangaskhan.2bpp gfx/icons/kangaskhan.2bpp.lzp
tools/lzpcompress -- gfx/minis/horsea.2bpp gfx/minis/horsea.2bpp.lzp
tools/lzpcompress -- gfx/minis/horsea_mask.1bpp gfx/minis/horsea_mask.1bpp.lzp
tools/lzpcompress -- gfx/icons/horsea.2bpp gfx/icons/horsea.2bpp.lzp
tools/lzpcompress -- gfx/minis/seadra.2bpp gfx/minis/seadra.2bpp.lzp
tools/lzpcompress -- gfx/minis/seadra_mask.1bpp gfx/minis/seadra_mask.1bpp.lzp
tools/lzpcompress -- gfx/icons/seadra.2bpp gfx/icons/seadra.2bpp.lzp
tools/lzpcompress -- gfx/minis/goldeen.2bpp gfx/minis/goldeen.2bpp.lzp
tools/lzpcompress -- gfx/minis/goldeen_mask.1bpp gfx/minis/goldeen_mask.1bpp.lzp
tools/lzpcompress -- gfx/icons/goldeen.2bpp gfx/icons/goldeen.2bpp.lzp
tools/lzpcompress -- gfx/minis/seaking.2bpp gfx/minis/seaking.2bpp.lzp
tools/lzpcompress -- gfx/minis/seaking_mask.1bpp gfx/minis/seaking_mask.1bpp.lzp
tools/lzpcompress -- gfx/icons/seaking.2bpp gfx/icons/seaking.2bpp.lzp
tools/lzpcompress -- gfx/minis/staryu.2bpp gfx/minis/staryu.2bpp.lzp
tools/lzpcompress -- gfx/minis/staryu_mask.1bpp gfx/minis/staryu_mask.1bpp.lzp
tools/lzpcompress -- gfx/icons/staryu.2bpp gfx/icons/staryu.2bpp.lzp
tools/lzpcompress -- gfx/minis/starmie.2bpp gfx/minis/starmie.2bpp.lzp
tools/lzpcompress -- gfx/minis/starmie_mask.1bpp gfx/minis/starmie_mask.1bpp.lzp
tools/lzpcompress -- gfx/icons/starmie.2bpp gfx/icons/starmie.2bpp.lzp
tools/lzpcompress -- gfx/minis/mr__mime.2bpp gfx/minis/mr__mime.2bpp.lzp
tools/lzpcompress -- gfx/minis/mr__mime_mask.1bpp gfx/minis/mr__mime_mask.1bpp.lzp
tools/lzpcompress -- gfx/icons/mr__mime.2bpp gfx/icons/mr__mime.2bpp.lzp
tools/lzpcompress -- gfx/minis/scyther.2bpp gfx/minis/scyther.2bpp.lzp
tools/lzpcompress -- gfx/minis/scyther_mask.1bpp gfx/minis/scyther_mask.1bpp.lzp
tools/lzpcompress -- gfx/icons/scyther.2bpp gfx/icons/scyther.2bpp.lzp
tools/lzpcompress -- gfx/minis/jynx.2bpp gfx/minis/jynx.2bpp.lzp
tools/lzpcompress -- gfx/minis/jynx_mask.1bpp gfx/minis/jynx_mask.1bpp.lzp
tools/lzpcompress -- gfx/icons/jynx.2bpp gfx/icons/jynx.2bpp.lzp
tools/lzpcompress -- gfx/minis/electabuzz.2bpp gfx/minis/electabuzz.2bpp.lzp
tools/lzpcompress -- gfx/minis/electabuzz_mask.1bpp gfx/minis/electabuzz_mask.1bpp.lzp
tools/lzpcompress -- gfx/icons/electabuzz.2bpp gfx/icons/electabuzz.2bpp.lzp
tools/lzpcompress -- gfx/minis/magmar.2bpp gfx/minis/magmar.2bpp.lzp
tools/lzpcompress -- gfx/minis/magmar_mask.1bpp gfx/minis/magmar_mask.1bpp.lzp
tools/lzpcompress -- gfx/icons/magmar.2bpp gfx/icons/magmar.2bpp.lzp
tools/lzpcompress -- gfx/minis/pinsir.2bpp gfx/minis/pinsir.2bpp.lzp
tools/lzpcompress -- gfx/minis/pinsir_mask.1bpp gfx/minis/pinsir_mask.1bpp.lzp
tools/lzpcompress -- gfx/icons/pinsir.2bpp gfx/icons/pinsir.2bpp.lzp
tools/lzpcompress -- gfx/minis/tauros.2bpp gfx/minis/tauros.2bpp.lzp
tools/lzpcompress -- gfx/minis/tauros_mask.1bpp gfx/minis/tauros_mask.1bpp.lzp
tools/lzpcompress -- gfx/icons/tauros.2bpp gfx/icons/tauros.2bpp.lzp
tools/lzpcompress -- gfx/minis/magikarp.2bpp gfx/minis/magikarp.2bpp.lzp
tools/lzpcompress -- gfx/minis/magikarp_mask.1bpp gfx/minis/magikarp_mask.1bpp.lzp
tools/lzpcompress -- gfx/icons/magikarp.2bpp gfx/icons/magikarp.2bpp.lzp
tools/lzpcompress -- gfx/minis/gyarados.2bpp gfx/minis/gyarados.2bpp.lzp
tools/lzpcompress -- gfx/minis/gyarados_mask.1bpp gfx/minis/gyarados_mask.1bpp.lzp
tools/lzpcompress -- gfx/icons/gyarados.2bpp gfx/icons/gyarados.2bpp.lzp
tools/lzpcompress -- gfx/minis/lapras.2bpp gfx/minis/lapras.2bpp.lzp
tools/lzpcompress -- gfx/minis/lapras_mask.1bpp gfx/minis/lapras_mask.1bpp.lzp
tools/lzpcompress -- gfx/icons/lapras.2bpp gfx/icons/lapras.2bpp.lzp
tools/lzpcompress -- gfx/minis/ditto.2bpp gfx/minis/ditto.2bpp.lzp
tools/lzpcompress -- gfx/minis/ditto_mask.1bpp gfx/minis/ditto_mask.1bpp.lzp
tools/lzpcompress -- gfx/icons/ditto.2bpp gfx/icons/ditto.2bpp.lzp
tools/lzpcompress -- gfx/minis/eevee.2bpp gfx/minis/eevee.2bpp.lzp
tools/lzpcompress -- gfx/minis/eevee_mask.1bpp gfx/minis/eevee_mask.1bpp.lzp
tools/lzpcompress -- gfx/icons/eevee.2bpp gfx/icons/eevee.2bpp.lzp
tools/lzpcompress -- gfx/minis/vaporeon.2bpp gfx/minis/vaporeon.2bpp.lzp
tools/lzpcompress -- gfx/minis/vaporeon_mask.1bpp gfx/minis/vaporeon_mask.1bpp.lzp
tools/lzpcompress -- gfx/icons/vaporeon.2bpp gfx/icons/vaporeon.2bpp.lzp
tools/lzpcompress -- gfx/minis/jolteon.2bpp gfx/minis/jolteon.2bpp.lzp
tools/lzpcompress -- gfx/minis/jolteon_mask.1bpp gfx/minis/jolteon_mask.1bpp.lzp
tools/lzpcompress -- gfx/icons/jolteon.2bpp gfx/icons/jolteon.2bpp.lzp
tools/lzpcompress -- gfx/minis/flareon.2bpp gfx/minis/flareon.2bpp.lzp
tools/lzpcompress -- gfx/minis/flareon_mask.1bpp gfx/minis/flareon_mask.1bpp.lzp
tools/lzpcompress -- gfx/icons/flareon.2bpp gfx/icons/flareon.2bpp.lzp
tools/lzpcompress -- gfx/minis/porygon.2bpp gfx/minis/porygon.2bpp.lzp
tools/lzpcompress -- gfx/minis/porygon_mask.1bpp gfx/minis/porygon_mask.1bpp.lzp
tools/lzpcompress -- gfx/icons/porygon.2bpp gfx/icons/porygon.2bpp.lzp
tools/lzpcompress -- gfx/minis/omanyte.2bpp gfx/minis/omanyte.2bpp.lzp
tools/lzpcompress -- gfx/minis/omanyte_mask.1bpp gfx/minis/omanyte_mask.1bpp.lzp
tools/lzpcompress -- gfx/icons/omanyte.2bpp gfx/icons/omanyte.2bpp.lzp
tools/lzpcompress -- gfx/minis/omastar.2bpp gfx/minis/omastar.2bpp.lzp
tools/lzpcompress -- gfx/minis/omastar_mask.1bpp gfx/minis/omastar_mask.1bpp.lzp
tools/lzpcompress -- gfx/icons/omastar.2bpp gfx/icons/omastar.2bpp.lzp
tools/lzpcompress -- gfx/minis/kabuto.2bpp gfx/minis/kabuto.2bpp.lzp
tools/lzpcompress -- gfx/minis/kabuto_mask.1bpp gfx/minis/kabuto_mask.1bpp.lzp
tools/lzpcompress -- gfx/icons/kabuto.2bpp gfx/icons/kabuto.2bpp.lzp
tools/lzpcompress -- gfx/minis/kabutops.2bpp gfx/minis/kabutops.2bpp.lzp
tools/lzpcompress -- gfx/minis/kabutops_mask.1bpp gfx/minis/kabutops_mask.1bpp.lzp
tools/lzpcompress -- gfx/icons/kabutops.2bpp gfx/icons/kabutops.2bpp.lzp
tools/lzpcompress -- gfx/minis/aerodactyl.2bpp gfx/minis/aerodactyl.2bpp.lzp
tools/lzpcompress -- gfx/minis/aerodactyl_mask.1bpp gfx/minis/aerodactyl_mask.1bpp.lzp
tools/lzpcompress -- gfx/icons/aerodactyl.2bpp gfx/icons/aerodactyl.2bpp.lzp
tools/lzpcompress -- gfx/minis/snorlax.2bpp gfx/minis/snorlax.2bpp.lzp
tools/lzpcompress -- gfx/minis/snorlax_mask.1bpp gfx/minis/snorlax_mask.1bpp.lzp
tools/lzpcompress -- gfx/icons/snorlax.2bpp gfx/icons/snorlax.2bpp.lzp
tools/lzpcompress -- gfx/minis/articuno.2bpp gfx/minis/articuno.2bpp.lzp
tools/lzpcompress -- gfx/minis/articuno_mask.1bpp gfx/minis/articuno_mask.1bpp.lzp
tools/lzpcompress -- gfx/icons/articuno.2bpp gfx/icons/articuno.2bpp.lzp
tools/lzpcompress -- gfx/minis/zapdos.2bpp gfx/minis/zapdos.2bpp.lzp
tools/lzpcompress -- gfx/minis/zapdos_mask.1bpp gfx/minis/zapdos_mask.1bpp.lzp
tools/lzpcompress -- gfx/icons/zapdos.2bpp gfx/icons/zapdos.2bpp.lzp
tools/lzpcompress -- gfx/minis/moltres.2bpp gfx/minis/moltres.2bpp.lzp
tools/lzpcompress -- gfx/minis/moltres_mask.1bpp gfx/minis/moltres_mask.1bpp.lzp
tools/lzpcompress -- gfx/icons/moltres.2bpp gfx/icons/moltres.2bpp.lzp
tools/lzpcompress -- gfx/minis/dratini.2bpp gfx/minis/dratini.2bpp.lzp
tools/lzpcompress -- gfx/minis/dratini_mask.1bpp gfx/minis/dratini_mask.1bpp.lzp
tools/lzpcompress -- gfx/icons/dratini.2bpp gfx/icons/dratini.2bpp.lzp
tools/lzpcompress -- gfx/minis/dragonair.2bpp gfx/minis/dragonair.2bpp.lzp
tools/lzpcompress -- gfx/minis/dragonair_mask.1bpp gfx/minis/dragonair_mask.1bpp.lzp
tools/lzpcompress -- gfx/icons/dragonair.2bpp gfx/icons/dragonair.2bpp.lzp
tools/lzpcompress -- gfx/minis/dragonite.2bpp gfx/minis/dragonite.2bpp.lzp
tools/lzpcompress -- gfx/minis/dragonite_mask.1bpp gfx/minis/dragonite_mask.1bpp.lzp
tools/lzpcompress -- gfx/icons/dragonite.2bpp gfx/icons/dragonite.2bpp.lzp
tools/lzpcompress -- gfx/minis/mewtwo.2bpp gfx/minis/mewtwo.2bpp.lzp
tools/lzpcompress -- gfx/minis/mewtwo_mask.1bpp gfx/minis/mewtwo_mask.1bpp.lzp
tools/lzpcompress -- gfx/icons/mewtwo.2bpp gfx/icons/mewtwo.2bpp.lzp
tools/lzpcompress -- gfx/minis/mew.2bpp gfx/minis/mew.2bpp.lzp
tools/lzpcompress -- gfx/minis/mew_mask.1bpp gfx/minis/mew_mask.1bpp.lzp
tools/lzpcompress -- gfx/icons/mew.2bpp gfx/icons/mew.2bpp.lzp
tools/lzpcompress -- gfx/minis/chikorita.2bpp gfx/minis/chikorita.2bpp.lzp
tools/lzpcompress -- gfx/minis/chikorita_mask.1bpp gfx/minis/chikorita_mask.1bpp.lzp
tools/lzpcompress -- gfx/icons/chikorita.2bpp gfx/icons/chikorita.2bpp.lzp
tools/lzpcompress -- gfx/minis/bayleef.2bpp gfx/minis/bayleef.2bpp.lzp
tools/lzpcompress -- gfx/minis/bayleef_mask.1bpp gfx/minis/bayleef_mask.1bpp.lzp
tools/lzpcompress -- gfx/icons/bayleef.2bpp gfx/icons/bayleef.2bpp.lzp
tools/lzpcompress -- gfx/minis/meganium.2bpp gfx/minis/meganium.2bpp.lzp
tools/lzpcompress -- gfx/minis/meganium_mask.1bpp gfx/minis/meganium_mask.1bpp.lzp
tools/lzpcompress -- gfx/icons/meganium.2bpp gfx/icons/meganium.2bpp.lzp
tools/lzpcompress -- gfx/minis/cyndaquil.2bpp gfx/minis/cyndaquil.2bpp.lzp
tools/lzpcompress -- gfx/minis/cyndaquil_mask.1bpp gfx/minis/cyndaquil_mask.1bpp.lzp
tools/lzpcompress -- gfx/icons/cyndaquil.2bpp gfx/icons/cyndaquil.2bpp.lzp
tools/lzpcompress -- gfx/minis/quilava.2bpp gfx/minis/quilava.2bpp.lzp
tools/lzpcompress -- gfx/minis/quilava_mask.1bpp gfx/minis/quilava_mask.1bpp.lzp
tools/lzpcompress -- gfx/icons/quilava.2bpp gfx/icons/quilava.2bpp.lzp
tools/lzpcompress -- gfx/minis/typhlosion.2bpp gfx/minis/typhlosion.2bpp.lzp
tools/lzpcompress -- gfx/minis/typhlosion_mask.1bpp gfx/minis/typhlosion_mask.1bpp.lzp
tools/lzpcompress -- gfx/icons/typhlosion.2bpp gfx/icons/typhlosion.2bpp.lzp
tools/lzpcompress -- gfx/minis/totodile.2bpp gfx/minis/totodile.2bpp.lzp
tools/lzpcompress -- gfx/minis/totodile_mask.1bpp gfx/minis/totodile_mask.1bpp.lzp
tools/lzpcompress -- gfx/icons/totodile.2bpp gfx/icons/totodile.2bpp.lzp
tools/lzpcompress -- gfx/minis/croconaw.2bpp gfx/minis/croconaw.2bpp.lzp
tools/lzpcompress -- gfx/minis/croconaw_mask.1bpp gfx/minis/croconaw_mask.1bpp.lzp
tools/lzpcompress -- gfx/icons/croconaw.2bpp gfx/icons/croconaw.2bpp.lzp
tools/lzpcompress -- gfx/minis/feraligatr.2bpp gfx/minis/feraligatr.2bpp.lzp
tools/lzpcompress -- gfx/minis/feraligatr_mask.1bpp gfx/minis/feraligatr_mask.1bpp.lzp
tools/lzpcompress -- gfx/icons/feraligatr.2bpp gfx/icons/feraligatr.2bpp.lzp
tools/lzpcompress -- gfx/minis/sentret.2bpp gfx/minis/sentret.2bpp.lzp
tools/lzpcompress -- gfx/minis/sentret_mask.1bpp gfx/minis/sentret_mask.1bpp.lzp
tools/lzpcompress -- gfx/icons/sentret.2bpp gfx/icons/sentret.2bpp.lzp
tools/lzpcompress -- gfx/minis/furret.2bpp gfx/minis/furret.2bpp.lzp
tools/lzpcompress -- gfx/minis/furret_mask.1bpp gfx/minis/furret_mask.1bpp.lzp
tools/lzpcompress -- gfx/icons/furret.2bpp gfx/icons/furret.2bpp.lzp
tools/lzpcompress -- gfx/minis/hoothoot.2bpp gfx/minis/hoothoot.2bpp.lzp
tools/lzpcompress -- gfx/minis/hoothoot_mask.1bpp gfx/minis/hoothoot_mask.1bpp.lzp
tools/lzpcompress -- gfx/icons/hoothoot.2bpp gfx/icons/hoothoot.2bpp.lzp
tools/lzpcompress -- gfx/minis/noctowl.2bpp gfx/minis/noctowl.2bpp.lzp
tools/lzpcompress -- gfx/minis/noctowl_mask.1bpp gfx/minis/noctowl_mask.1bpp.lzp
tools/lzpcompress -- gfx/icons/noctowl.2bpp gfx/icons/noctowl.2bpp.lzp
tools/lzpcompress -- gfx/minis/ledyba.2bpp gfx/minis/ledyba.2bpp.lzp
tools/lzpcompress -- gfx/minis/ledyba_mask.1bpp gfx/minis/ledyba_mask.1bpp.lzp
tools/lzpcompress -- gfx/icons/ledyba.2bpp gfx/icons/ledyba.2bpp.lzp
tools/lzpcompress -- gfx/minis/ledian.2bpp gfx/minis/ledian.2bpp.lzp
tools/lzpcompress -- gfx/minis/ledian_mask.1bpp gfx/minis/ledian_mask.1bpp.lzp
tools/lzpcompress -- gfx/icons/ledian.2bpp gfx/icons/ledian.2bpp.lzp
tools/lzpcompress -- gfx/minis/spinarak.2bpp gfx/minis/spinarak.2bpp.lzp
tools/lzpcompress -- gfx/minis/spinarak_mask.1bpp gfx/minis/spinarak_mask.1bpp.lzp
tools/lzpcompress -- gfx/icons/spinarak.2bpp gfx/icons/spinarak.2bpp.lzp
tools/lzpcompress -- gfx/minis/ariados.2bpp gfx/minis/ariados.2bpp.lzp
tools/lzpcompress -- gfx/minis/ariados_mask.1bpp gfx/minis/ariados_mask.1bpp.lzp
tools/lzpcompress -- gfx/icons/ariados.2bpp gfx/icons/ariados.2bpp.lzp
tools/lzpcompress -- gfx/minis/crobat.2bpp gfx/minis/crobat.2bpp.lzp
tools/lzpcompress -- gfx/minis/crobat_mask.1bpp gfx/minis/crobat_mask.1bpp.lzp
tools/lzpcompress -- gfx/icons/crobat.2bpp gfx/icons/crobat.2bpp.lzp
tools/lzpcompress -- gfx/minis/chinchou.2bpp gfx/minis/chinchou.2bpp.lzp
tools/lzpcompress -- gfx/minis/chinchou_mask.1bpp gfx/minis/chinchou_mask.1bpp.lzp
tools/lzpcompress -- gfx/icons/chinchou.2bpp gfx/icons/chinchou.2bpp.lzp
tools/lzpcompress -- gfx/minis/lanturn.2bpp gfx/minis/lanturn.2bpp.lzp
tools/lzpcompress -- gfx/minis/lanturn_mask.1bpp gfx/minis/lanturn_mask.1bpp.lzp
tools/lzpcompress -- gfx/icons/lanturn.2bpp gfx/icons/lanturn.2bpp.lzp
tools/lzpcompress -- gfx/minis/pichu.2bpp gfx/minis/pichu.2bpp.lzp
tools/lzpcompress -- gfx/minis/pichu_mask.1bpp gfx/minis/pichu_mask.1bpp.lzp
tools/lzpcompress -- gfx/icons/pichu.2bpp gfx/icons/pichu.2bpp.lzp
tools/lzpcompress -- gfx/minis/cleffa.2bpp gfx/minis/cleffa.2bpp.lzp
tools/lzpcompress -- gfx/minis/cleffa_mask.1bpp gfx/minis/cleffa_mask.1bpp.lzp
tools/lzpcompress -- gfx/icons/cleffa.2bpp gfx/icons/cleffa.2bpp.lzp
tools/lzpcompress -- gfx/minis/igglybuff.2bpp gfx/minis/igglybuff.2bpp.lzp
tools/lzpcompress -- gfx/minis/igglybuff_mask.1bpp gfx/minis/igglybuff_mask.1bpp.lzp
tools/lzpcompress -- gfx/icons/igglybuff.2bpp gfx/icons/igglybuff.2bpp.lzp
tools/lzpcompress -- gfx/minis/togepi.2bpp gfx/minis/togepi.2bpp.lzp
tools/lzpcompress -- gfx/minis/togepi_mask.1bpp gfx/minis/togepi_mask.1bpp.lzp
tools/lzpcompress -- gfx/icons/togepi.2bpp gfx/icons/togepi.2bpp.lzp
tools/lzpcompress -- gfx/minis/togetic.2bpp gfx/minis/togetic.2bpp.lzp
tools/lzpcompress -- gfx/minis/togetic_mask.1bpp gfx/minis/togetic_mask.1bpp.lzp
tools/lzpcompress -- gfx/icons/togetic.2bpp gfx/icons/togetic.2bpp.lzp
tools/lzpcompress -- gfx/minis/natu.2bpp gfx/minis/natu.2bpp.lzp
tools/lzpcompress -- gfx/minis/natu_mask.1bpp gfx/minis/natu_mask.1bpp.lzp
tools/lzpcompress -- gfx/icons/natu.2bpp gfx/icons/natu.2bpp.lzp
tools/lzpcompress -- gfx/minis/xatu.2bpp gfx/minis/xatu.2bpp.lzp
tools/lzpcompress -- gfx/minis/xatu_mask.1bpp gfx/minis/xatu_mask.1bpp.lzp
tools/lzpcompress -- gfx/icons/xatu.2bpp gfx/icons/xatu.2bpp.lzp
tools/lzpcompress -- gfx/minis/mareep.2bpp gfx/minis/mareep.2bpp.lzp
tools/lzpcompress -- gfx/minis/mareep_mask.1bpp gfx/minis/mareep_mask.1bpp.lzp
tools/lzpcompress -- gfx/icons/mareep.2bpp gfx/icons/mareep.2bpp.lzp
tools/lzpcompress -- gfx/minis/flaaffy.2bpp gfx/minis/flaaffy.2bpp.lzp
tools/lzpcompress -- gfx/minis/flaaffy_mask.1bpp gfx/minis/flaaffy_mask.1bpp.lzp
tools/lzpcompress -- gfx/icons/flaaffy.2bpp gfx/icons/flaaffy.2bpp.lzp
tools/lzpcompress -- gfx/minis/ampharos.2bpp gfx/minis/ampharos.2bpp.lzp
tools/lzpcompress -- gfx/minis/ampharos_mask.1bpp gfx/minis/ampharos_mask.1bpp.lzp
tools/lzpcompress -- gfx/icons/ampharos.2bpp gfx/icons/ampharos.2bpp.lzp
tools/lzpcompress -- gfx/minis/bellossom.2bpp gfx/minis/bellossom.2bpp.lzp
tools/lzpcompress -- gfx/minis/bellossom_mask.1bpp gfx/minis/bellossom_mask.1bpp.lzp
tools/lzpcompress -- gfx/icons/bellossom.2bpp gfx/icons/bellossom.2bpp.lzp
tools/lzpcompress -- gfx/minis/marill.2bpp gfx/minis/marill.2bpp.lzp
tools/lzpcompress -- gfx/minis/marill_mask.1bpp gfx/minis/marill_mask.1bpp.lzp
tools/lzpcompress -- gfx/icons/marill.2bpp gfx/icons/marill.2bpp.lzp
tools/lzpcompress -- gfx/minis/azumarill.2bpp gfx/minis/azumarill.2bpp.lzp
tools/lzpcompress -- gfx/minis/azumarill_mask.1bpp gfx/minis/azumarill_mask.1bpp.lzp
tools/lzpcompress -- gfx/icons/azumarill.2bpp gfx/icons/azumarill.2bpp.lzp
tools/lzpcompress -- gfx/minis/sudowoodo.2bpp gfx/minis/sudowoodo.2bpp.lzp
tools/lzpcompress -- gfx/minis/sudowoodo_mask.1bpp gfx/minis/sudowoodo_mask.1bpp.lzp
tools/lzpcompress -- gfx/icons/sudowoodo.2bpp gfx/icons/sudowoodo.2bpp.lzp
tools/lzpcompress -- gfx/minis/politoed.2bpp gfx/minis/politoed.2bpp.lzp
tools/lzpcompress -- gfx/minis/politoed_mask.1bpp gfx/minis/politoed_mask.1bpp.lzp
tools/lzpcompress -- gfx/icons/politoed.2bpp gfx/icons/politoed.2bpp.lzp
tools/lzpcompress -- gfx/minis/hoppip.2bpp gfx/minis/hoppip.2bpp.lzp
tools/lzpcompress -- gfx/minis/hoppip_mask.1bpp gfx/minis/hoppip_mask.1bpp.lzp
tools/lzpcompress -- gfx/icons/hoppip.2bpp gfx/icons/hoppip.2bpp.lzp
tools/lzpcompress -- gfx/minis/skiploom.2bpp gfx/minis/skiploom.2bpp.lzp
tools/lzpcompress -- gfx/minis/skiploom_mask.1bpp gfx/minis/skiploom_mask.1bpp.lzp
tools/lzpcompress -- gfx/icons/skiploom.2bpp gfx/icons/skiploom.2bpp.lzp
tools/lzpcompress -- gfx/minis/jumpluff.2bpp gfx/minis/jumpluff.2bpp.lzp
tools/lzpcompress -- gfx/minis/jumpluff_mask.1bpp gfx/minis/jumpluff_mask.1bpp.lzp
tools/lzpcompress -- gfx/icons/jumpluff.2bpp gfx/icons/jumpluff.2bpp.lzp
tools/lzpcompress -- gfx/minis/aipom.2bpp gfx/minis/aipom.2bpp.lzp
tools/lzpcompress -- gfx/minis/aipom_mask.1bpp gfx/minis/aipom_mask.1bpp.lzp
tools/lzpcompress -- gfx/icons/aipom.2bpp gfx/icons/aipom.2bpp.lzp
tools/lzpcompress -- gfx/minis/sunkern.2bpp gfx/minis/sunkern.2bpp.lzp
tools/lzpcompress -- gfx/minis/sunkern_mask.1bpp gfx/minis/sunkern_mask.1bpp.lzp
tools/lzpcompress -- gfx/icons/sunkern.2bpp gfx/icons/sunkern.2bpp.lzp
tools/lzpcompress -- gfx/minis/sunflora.2bpp gfx/minis/sunflora.2bpp.lzp
tools/lzpcompress -- gfx/minis/sunflora_mask.1bpp gfx/minis/sunflora_mask.1bpp.lzp
tools/lzpcompress -- gfx/icons/sunflora.2bpp gfx/icons/sunflora.2bpp.lzp
tools/lzpcompress -- gfx/minis/yanma.2bpp gfx/minis/yanma.2bpp.lzp
tools/lzpcompress -- gfx/minis/yanma_mask.1bpp gfx/minis/yanma_mask.1bpp.lzp
tools/lzpcompress -- gfx/icons/yanma.2bpp gfx/icons/yanma.2bpp.lzp
tools/lzpcompress -- gfx/minis/wooper.2bpp gfx/minis/wooper.2bpp.lzp
tools/lzpcompress -- gfx/minis/wooper_mask.1bpp gfx/minis/wooper_mask.1bpp.lzp
tools/lzpcompress -- gfx/icons/wooper.2bpp gfx/icons/wooper.2bpp.lzp
tools/lzpcompress -- gfx/minis/quagsire.2bpp gfx/minis/quagsire.2bpp.lzp
tools/lzpcompress -- gfx/minis/quagsire_mask.1bpp gfx/minis/quagsire_mask.1bpp.lzp
tools/lzpcompress -- gfx/icons/quagsire.2bpp gfx/icons/quagsire.2bpp.lzp
tools/lzpcompress -- gfx/minis/espeon.2bpp gfx/minis/espeon.2bpp.lzp
tools/lzpcompress -- gfx/minis/espeon_mask.1bpp gfx/minis/espeon_mask.1bpp.lzp
tools/lzpcompress -- gfx/icons/espeon.2bpp gfx/icons/espeon.2bpp.lzp
tools/lzpcompress -- gfx/minis/umbreon.2bpp gfx/minis/umbreon.2bpp.lzp
tools/lzpcompress -- gfx/minis/umbreon_mask.1bpp gfx/minis/umbreon_mask.1bpp.lzp
tools/lzpcompress -- gfx/icons/umbreon.2bpp gfx/icons/umbreon.2bpp.lzp
tools/lzpcompress -- gfx/minis/murkrow.2bpp gfx/minis/murkrow.2bpp.lzp
tools/lzpcompress -- gfx/minis/murkrow_mask.1bpp gfx/minis/murkrow_mask.1bpp.lzp
tools/lzpcompress -- gfx/icons/murkrow.2bpp gfx/icons/murkrow.2bpp.lzp
tools/lzpcompress -- gfx/minis/slowking.2bpp gfx/minis/slowking.2bpp.lzp
tools/lzpcompress -- gfx/minis/slowking_mask.1bpp gfx/minis/slowking_mask.1bpp.lzp
tools/lzpcompress -- gfx/icons/slowking.2bpp gfx/icons/slowking.2bpp.lzp
tools/lzpcompress -- gfx/minis/misdreavus.2bpp gfx/minis/misdreavus.2bpp.lzp
tools/lzpcompress -- gfx/minis/misdreavus_mask.1bpp gfx/minis/misdreavus_mask.1bpp.lzp
tools/lzpcompress -- gfx/icons/misdreavus.2bpp gfx/icons/misdreavus.2bpp.lzp
tools/lzpcompress -- gfx/minis/unown_a.2bpp gfx/minis/unown_a.2bpp.lzp
tools/lzpcompress -- gfx/minis/unown_a_mask.1bpp gfx/minis/unown_a_mask.1bpp.lzp
tools/lzpcompress -- gfx/icons/unown_a.2bpp gfx/icons/unown_a.2bpp.lzp
tools/lzpcompress -- gfx/minis/wobbuffet.2bpp gfx/minis/wobbuffet.2bpp.lzp
tools/lzpcompress -- gfx/minis/wobbuffet_mask.1bpp gfx/minis/wobbuffet_mask.1bpp.lzp
tools/lzpcompress -- gfx/icons/wobbuffet.2bpp gfx/icons/wobbuffet.2bpp.lzp
tools/lzpcompress -- gfx/minis/girafarig.2bpp gfx/minis/girafarig.2bpp.lzp
tools/lzpcompress -- gfx/minis/girafarig_mask.1bpp gfx/minis/girafarig_mask.1bpp.lzp
tools/lzpcompress -- gfx/icons/girafarig.2bpp gfx/icons/girafarig.2bpp.lzp
tools/lzpcompress -- gfx/minis/pineco.2bpp gfx/minis/pineco.2bpp.lzp
tools/lzpcompress -- gfx/minis/pineco_mask.1bpp gfx/minis/pineco_mask.1bpp.lzp
tools/lzpcompress -- gfx/icons/pineco.2bpp gfx/icons/pineco.2bpp.lzp
tools/lzpcompress -- gfx/minis/forretress.2bpp gfx/minis/forretress.2bpp.lzp
tools/lzpcompress -- gfx/minis/forretress_mask.1bpp gfx/minis/forretress_mask.1bpp.lzp
tools/lzpcompress -- gfx/icons/forretress.2bpp gfx/icons/forretress.2bpp.lzp
tools/lzpcompress -- gfx/minis/dunsparce.2bpp gfx/minis/dunsparce.2bpp.lzp
tools/lzpcompress -- gfx/minis/dunsparce_mask.1bpp gfx/minis/dunsparce_mask.1bpp.lzp
tools/lzpcompress -- gfx/icons/dunsparce.2bpp gfx/icons/dunsparce.2bpp.lzp
tools/lzpcompress -- gfx/minis/gligar.2bpp gfx/minis/gligar.2bpp.lzp
tools/lzpcompress -- gfx/minis/gligar_mask.1bpp gfx/minis/gligar_mask.1bpp.lzp
tools/lzpcompress -- gfx/icons/gligar.2bpp gfx/icons/gligar.2bpp.lzp
tools/lzpcompress -- gfx/minis/steelix.2bpp gfx/minis/steelix.2bpp.lzp
tools/lzpcompress -- gfx/minis/steelix_mask.1bpp gfx/minis/steelix_mask.1bpp.lzp
tools/lzpcompress -- gfx/icons/steelix.2bpp gfx/icons/steelix.2bpp.lzp
tools/lzpcompress -- gfx/minis/snubbull.2bpp gfx/minis/snubbull.2bpp.lzp
tools/lzpcompress -- gfx/minis/snubbull_mask.1bpp gfx/minis/snubbull_mask.1bpp.lzp
tools/lzpcompress -- gfx/icons/snubbull.2bpp gfx/icons/snubbull.2bpp.lzp
tools/lzpcompress -- gfx/minis/granbull.2bpp gfx/minis/granbull.2bpp.lzp
tools/lzpcompress -- gfx/minis/granbull_mask.1bpp gfx/minis/granbull_mask.1bpp.lzp
tools/lzpcompress -- gfx/icons/granbull.2bpp gfx/icons/granbull.2bpp.lzp
tools/lzpcompress -- gfx/minis/qwilfish.2bpp gfx/minis/qwilfish.2bpp.lzp
tools/lzpcompress -- gfx/minis/qwilfish_mask.1bpp gfx/minis/qwilfish_mask.1bpp.lzp
tools/lzpcompress -- gfx/icons/qwilfish.2bpp gfx/icons/qwilfish.2bpp.lzp
tools/lzpcompress -- gfx/minis/scizor.2bpp gfx/minis/scizor.2bpp.lzp
tools/lzpcompress -- gfx/minis/scizor_mask.1bpp gfx/minis/scizor_mask.1bpp.lzp
tools/lzpcompress -- gfx/icons/scizor.2bpp gfx/icons/scizor.2bpp.lzp
tools/lzpcompress -- gfx/minis/shuckle.2bpp gfx/minis/shuckle.2bpp.lzp
tools/lzpcompress -- gfx/minis/shuckle_mask.1bpp gfx/minis/shuckle_mask.1bpp.lzp
tools/lzpcompress -- gfx/icons/shuckle.2bpp gfx/icons/shuckle.2bpp.lzp
tools/lzpcompress -- gfx/minis/heracross.2bpp gfx/minis/heracross.2bpp.lzp
tools/lzpcompress -- gfx/minis/heracross_mask.1bpp gfx/minis/heracross_mask.1bpp.lzp
tools/lzpcompress -- gfx/icons/heracross.2bpp gfx/icons/heracross.2bpp.lzp
tools/lzpcompress -- gfx/minis/sneasel.2bpp gfx/minis/sneasel.2bpp.lzp
tools/lzpcompress -- gfx/minis/sneasel_mask.1bpp gfx/minis/sneasel_mask.1bpp.lzp
tools/lzpcompress -- gfx/icons/sneasel.2bpp gfx/icons/sneasel.2bpp.lzp
tools/lzpcompress -- gfx/minis/teddiursa.2bpp gfx/minis/teddiursa.2bpp.lzp
tools/lzpcompress -- gfx/minis/teddiursa_mask.1bpp gfx/minis/teddiursa_mask.1bpp.lzp
tools/lzpcompress -- gfx/icons/teddiursa.2bpp gfx/icons/teddiursa.2bpp.lzp
tools/lzpcompress -- gfx/minis/ursaring.2bpp gfx/minis/ursaring.2bpp.lzp
tools/lzpcompress -- gfx/minis/ursaring_mask.1bpp gfx/minis/ursaring_mask.1bpp.lzp
tools/lzpcompress -- gfx/icons/ursaring.2bpp gfx/icons/ursaring.2bpp.lzp
tools/lzpcompress -- gfx/minis/slugma.2bpp gfx/minis/slugma.2bpp.lzp
tools/lzpcompress -- gfx/minis/slugma_mask.1bpp gfx/minis/slugma_mask.1bpp.lzp
tools/lzpcompress -- gfx/icons/slugma.2bpp gfx/icons/slugma.2bpp.lzp
tools/lzpcompress -- gfx/minis/magcargo.2bpp gfx/minis/magcargo.2bpp.lzp
tools/lzpcompress -- gfx/minis/magcargo_mask.1bpp gfx/minis/magcargo_mask.1bpp.lzp
tools/lzpcompress -- gfx/icons/magcargo.2bpp gfx/icons/magcargo.2bpp.lzp
tools/lzpcompress -- gfx/minis/swinub.2bpp gfx/minis/swinub.2bpp.lzp
tools/lzpcompress -- gfx/minis/swinub_mask.1bpp gfx/minis/swinub_mask.1bpp.lzp
tools/lzpcompress -- gfx/icons/swinub.2bpp gfx/icons/swinub.2bpp.lzp
tools/lzpcompress -- gfx/minis/piloswine.2bpp gfx/minis/piloswine.2bpp.lzp
tools/lzpcompress -- gfx/minis/piloswine_mask.1bpp gfx/minis/piloswine_mask.1bpp.lzp
tools/lzpcompress -- gfx/icons/piloswine.2bpp gfx/icons/piloswine.2bpp.lzp
tools/lzpcompress -- gfx/minis/corsola.2bpp gfx/minis/corsola.2bpp.lzp
tools/lzpcompress -- gfx/minis/corsola_mask.1bpp gfx/minis/corsola_mask.1bpp.lzp
tools/lzpcompress -- gfx/icons/corsola.2bpp gfx/icons/corsola.2bpp.lzp
tools/lzpcompress -- gfx/minis/remoraid.2bpp gfx/minis/remoraid.2bpp.lzp
tools/lzpcompress -- gfx/minis/remoraid_mask.1bpp gfx/minis/remoraid_mask.1bpp.lzp
tools/lzpcompress -- gfx/icons/remoraid.2bpp gfx/icons/remoraid.2bpp.lzp
tools/lzpcompress -- gfx/minis/octillery.2bpp gfx/minis/octillery.2bpp.lzp
tools/lzpcompress -- gfx/minis/octillery_mask.1bpp gfx/minis/octillery_mask.1bpp.lzp
tools/lzpcompress -- gfx/icons/octillery.2bpp gfx/icons/octillery.2bpp.lzp
tools/lzpcompress -- gfx/minis/delibird.2bpp gfx/minis/delibird.2bpp.lzp
tools/lzpcompress -- gfx/minis/delibird_mask.1bpp gfx/minis/delibird_mask.1bpp.lzp
tools/lzpcompress -- gfx/icons/delibird.2bpp gfx/icons/delibird.2bpp.lzp
tools/lzpcompress -- gfx/minis/mantine.2bpp gfx/minis/mantine.2bpp.lzp
tools/lzpcompress -- gfx/minis/mantine_mask.1bpp gfx/minis/mantine_mask.1bpp.lzp
tools/lzpcompress -- gfx/icons/mantine.2bpp gfx/icons/mantine.2bpp.lzp
tools/lzpcompress -- gfx/minis/skarmory.2bpp gfx/minis/skarmory.2bpp.lzp
tools/lzpcompress -- gfx/minis/skarmory_mask.1bpp gfx/minis/skarmory_mask.1bpp.lzp
tools/lzpcompress -- gfx/icons/skarmory.2bpp gfx/icons/skarmory.2bpp.lzp
tools/lzpcompress -- gfx/minis/houndour.2bpp gfx/minis/houndour.2bpp.lzp
tools/lzpcompress -- gfx/minis/houndour_mask.1bpp gfx/minis/houndour_mask.1bpp.lzp
tools/lzpcompress -- gfx/icons/houndour.2bpp gfx/icons/houndour.2bpp.lzp
tools/lzpcompress -- gfx/minis/houndoom.2bpp gfx/minis/houndoom.2bpp.lzp
tools/lzpcompress -- gfx/minis/houndoom_mask.1bpp gfx/minis/houndoom_mask.1bpp.lzp
tools/lzpcompress -- gfx/icons/houndoom.2bpp gfx/icons/houndoom.2bpp.lzp
tools/lzpcompress -- gfx/minis/kingdra.2bpp gfx/minis/kingdra.2bpp.lzp
tools/lzpcompress -- gfx/minis/kingdra_mask.1bpp gfx/minis/kingdra_mask.1bpp.lzp
tools/lzpcompress -- gfx/icons/kingdra.2bpp gfx/icons/kingdra.2bpp.lzp
tools/lzpcompress -- gfx/minis/phanpy.2bpp gfx/minis/phanpy.2bpp.lzp
tools/lzpcompress -- gfx/minis/phanpy_mask.1bpp gfx/minis/phanpy_mask.1bpp.lzp
tools/lzpcompress -- gfx/icons/phanpy.2bpp gfx/icons/phanpy.2bpp.lzp
tools/lzpcompress -- gfx/minis/donphan.2bpp gfx/minis/donphan.2bpp.lzp
tools/lzpcompress -- gfx/minis/donphan_mask.1bpp gfx/minis/donphan_mask.1bpp.lzp
tools/lzpcompress -- gfx/icons/donphan.2bpp gfx/icons/donphan.2bpp.lzp
tools/lzpcompress -- gfx/minis/porygon2.2bpp gfx/minis/porygon2.2bpp.lzp
tools/lzpcompress -- gfx/minis/porygon2_mask.1bpp gfx/minis/porygon2_mask.1bpp.lzp
tools/lzpcompress -- gfx/icons/porygon2.2bpp gfx/icons/porygon2.2bpp.lzp
tools/lzpcompress -- gfx/minis/stantler.2bpp gfx/minis/stantler.2bpp.lzp
tools/lzpcompress -- gfx/minis/stantler_mask.1bpp gfx/minis/stantler_mask.1bpp.lzp
tools/lzpcompress -- gfx/icons/stantler.2bpp gfx/icons/stantler.2bpp.lzp
tools/lzpcompress -- gfx/minis/smeargle.2bpp gfx/minis/smeargle.2bpp.lzp
tools/lzpcompress -- gfx/minis/smeargle_mask.1bpp gfx/minis/smeargle_mask.1bpp.lzp
tools/lzpcompress -- gfx/icons/smeargle.2bpp gfx/icons/smeargle.2bpp.lzp
tools/lzpcompress -- gfx/minis/tyrogue.2bpp gfx/minis/tyrogue.2bpp.lzp
tools/lzpcompress -- gfx/minis/tyrogue_mask.1bpp gfx/minis/tyrogue_mask.1bpp.lzp
tools/lzpcompress -- gfx/icons/tyrogue.2bpp gfx/icons/tyrogue.2bpp.lzp
tools/lzpcompress -- gfx/minis/hitmontop.2bpp gfx/minis/hitmontop.2bpp.lzp
tools/lzpcompress -- gfx/minis/hitmontop_mask.1bpp gfx/minis/hitmontop_mask.1bpp.lzp
tools/lzpcompress -- gfx/icons/hitmontop.2bpp gfx/icons/hitmontop.2bpp.lzp
tools/lzpcompress -- gfx/minis/smoochum.2bpp gfx/minis/smoochum.2bpp.lzp
tools/lzpcompress -- gfx/minis/smoochum_mask.1bpp gfx/minis/smoochum_mask.1bpp.lzp
tools/lzpcompress -- gfx/icons/smoochum.2bpp gfx/icons/smoochum.2bpp.lzp
tools/lzpcompress -- gfx/minis/elekid.2bpp gfx/minis/elekid.2bpp.lzp
tools/lzpcompress -- gfx/minis/elekid_mask.1bpp gfx/minis/elekid_mask.1bpp.lzp
tools/lzpcompress -- gfx/icons/elekid.2bpp gfx/icons/elekid.2bpp.lzp
tools/lzpcompress -- gfx/minis/magby.2bpp gfx/minis/magby.2bpp.lzp
tools/lzpcompress -- gfx/minis/magby_mask.1bpp gfx/minis/magby_mask.1bpp.lzp
tools/lzpcompress -- gfx/icons/magby.2bpp gfx/icons/magby.2bpp.lzp
tools/lzpcompress -- gfx/minis/miltank.2bpp gfx/minis/miltank.2bpp.lzp
tools/lzpcompress -- gfx/minis/miltank_mask.1bpp gfx/minis/miltank_mask.1bpp.lzp
tools/lzpcompress -- gfx/icons/miltank.2bpp gfx/icons/miltank.2bpp.lzp
tools/lzpcompress -- gfx/minis/blissey.2bpp gfx/minis/blissey.2bpp.lzp
tools/lzpcompress -- gfx/minis/blissey_mask.1bpp gfx/minis/blissey_mask.1bpp.lzp
tools/lzpcompress -- gfx/icons/blissey.2bpp gfx/icons/blissey.2bpp.lzp
tools/lzpcompress -- gfx/minis/raikou.2bpp gfx/minis/raikou.2bpp.lzp
tools/lzpcompress -- gfx/minis/raikou_mask.1bpp gfx/minis/raikou_mask.1bpp.lzp
tools/lzpcompress -- gfx/icons/raikou.2bpp gfx/icons/raikou.2bpp.lzp
tools/lzpcompress -- gfx/minis/entei.2bpp gfx/minis/entei.2bpp.lzp
tools/lzpcompress -- gfx/minis/entei_mask.1bpp gfx/minis/entei_mask.1bpp.lzp
tools/lzpcompress -- gfx/icons/entei.2bpp gfx/icons/entei.2bpp.lzp
tools/lzpcompress -- gfx/minis/suicune.2bpp gfx/minis/suicune.2bpp.lzp
tools/lzpcompress -- gfx/minis/suicune_mask.1bpp gfx/minis/suicune_mask.1bpp.lzp
tools/lzpcompress -- gfx/icons/suicune.2bpp gfx/icons/suicune.2bpp.lzp
tools/lzpcompress -- gfx/minis/larvitar.2bpp gfx/minis/larvitar.2bpp.lzp
tools/lzpcompress -- gfx/minis/larvitar_mask.1bpp gfx/minis/larvitar_mask.1bpp.lzp
tools/lzpcompress -- gfx/icons/larvitar.2bpp gfx/icons/larvitar.2bpp.lzp
tools/lzpcompress -- gfx/minis/pupitar.2bpp gfx/minis/pupitar.2bpp.lzp
tools/lzpcompress -- gfx/minis/pupitar_mask.1bpp gfx/minis/pupitar_mask.1bpp.lzp
tools/lzpcompress -- gfx/icons/pupitar.2bpp gfx/icons/pupitar.2bpp.lzp
tools/lzpcompress -- gfx/minis/tyranitar.2bpp gfx/minis/tyranitar.2bpp.lzp
tools/lzpcompress -- gfx/minis/tyranitar_mask.1bpp gfx/minis/tyranitar_mask.1bpp.lzp
tools/lzpcompress -- gfx/icons/tyranitar.2bpp gfx/icons/tyranitar.2bpp.lzp
tools/lzpcompress -- gfx/minis/lugia.2bpp gfx/minis/lugia.2bpp.lzp
tools/lzpcompress -- gfx/minis/lugia_mask.1bpp gfx/minis/lugia_mask.1bpp.lzp
tools/lzpcompress -- gfx/icons/lugia.2bpp gfx/icons/lugia.2bpp.lzp
tools/lzpcompress -- gfx/minis/ho_oh.2bpp gfx/minis/ho_oh.2bpp.lzp
tools/lzpcompress -- gfx/minis/ho_oh_mask.1bpp gfx/minis/ho_oh_mask.1bpp.lzp
tools/lzpcompress -- gfx/icons/ho_oh.2bpp gfx/icons/ho_oh.2bpp.lzp
tools/lzpcompress -- gfx/minis/celebi.2bpp gfx/minis/celebi.2bpp.lzp
tools/lzpcompress -- gfx/minis/celebi_mask.1bpp gfx/minis/celebi_mask.1bpp.lzp
tools/lzpcompress -- gfx/icons/celebi.2bpp gfx/icons/celebi.2bpp.lzp
tools/lzpcompress -- gfx/minis/azurill.2bpp gfx/minis/azurill.2bpp.lzp
tools/lzpcompress -- gfx/minis/azurill_mask.1bpp gfx/minis/azurill_mask.1bpp.lzp
tools/lzpcompress -- gfx/icons/azurill.2bpp gfx/icons/azurill.2bpp.lzp
tools/lzpcompress -- gfx/minis/wynaut.2bpp gfx/minis/wynaut.2bpp.lzp
tools/lzpcompress -- gfx/minis/wynaut_mask.1bpp gfx/minis/wynaut_mask.1bpp.lzp
tools/lzpcompress -- gfx/icons/wynaut.2bpp gfx/icons/wynaut.2bpp.lzp
tools/lzpcompress -- gfx/minis/ambipom.2bpp gfx/minis/ambipom.2bpp.lzp
tools/lzpcompress -- gfx/minis/ambipom_mask.1bpp gfx/minis/ambipom_mask.1bpp.lzp
tools/lzpcompress -- gfx/icons/ambipom.2bpp gfx/icons/ambipom.2bpp.lzp
tools/lzpcompress -- gfx/minis/egg.2bpp gfx/minis/egg.2bpp.lzp
tools/lzpcompress -- gfx/minis/egg_mask.1bpp gfx/minis/egg_mask.1bpp.lzp
tools/lzpcompress -- gfx/icons/egg.2bpp gfx/icons/egg.2bpp.lzp
tools/lzpcompress -- gfx/minis/mismagius.2bpp gfx/minis/mismagius.2bpp.lzp
tools/lzpcompress -- gfx/minis/mismagius_mask.1bpp gfx/minis/mismagius_mask.1bpp.lzp
tools/lzpcompress -- gfx/icons/mismagius.2bpp gfx/icons/mismagius.2bpp.lzp
tools/lzpcompress -- gfx/minis/honchkrow.2bpp gfx/minis/honchkrow.2bpp.lzp
tools/lzpcompress -- gfx/minis/honchkrow_mask.1bpp gfx/minis/honchkrow_mask.1bpp.lzp
tools/lzpcompress -- gfx/icons/honchkrow.2bpp gfx/icons/honchkrow.2bpp.lzp
tools/lzpcompress -- gfx/minis/bonsly.2bpp gfx/minis/bonsly.2bpp.lzp
tools/lzpcompress -- gfx/minis/bonsly_mask.1bpp gfx/minis/bonsly_mask.1bpp.lzp
tools/lzpcompress -- gfx/icons/bonsly.2bpp gfx/icons/bonsly.2bpp.lzp
tools/lzpcompress -- gfx/minis/mime_jr_.2bpp gfx/minis/mime_jr_.2bpp.lzp
tools/lzpcompress -- gfx/minis/mime_jr__mask.1bpp gfx/minis/mime_jr__mask.1bpp.lzp
tools/lzpcompress -- gfx/icons/mime_jr_.2bpp gfx/icons/mime_jr_.2bpp.lzp
tools/lzpcompress -- gfx/minis/happiny.2bpp gfx/minis/happiny.2bpp.lzp
tools/lzpcompress -- gfx/minis/happiny_mask.1bpp gfx/minis/happiny_mask.1bpp.lzp
tools/lzpcompress -- gfx/icons/happiny.2bpp gfx/icons/happiny.2bpp.lzp
tools/lzpcompress -- gfx/minis/munchlax.2bpp gfx/minis/munchlax.2bpp.lzp
tools/lzpcompress -- gfx/minis/munchlax_mask.1bpp gfx/minis/munchlax_mask.1bpp.lzp
tools/lzpcompress -- gfx/icons/munchlax.2bpp gfx/icons/munchlax.2bpp.lzp
tools/lzpcompress -- gfx/minis/mantyke.2bpp gfx/minis/mantyke.2bpp.lzp
tools/lzpcompress -- gfx/minis/mantyke_mask.1bpp gfx/minis/mantyke_mask.1bpp.lzp
tools/lzpcompress -- gfx/icons/mantyke.2bpp gfx/icons/mantyke.2bpp.lzp
tools/lzpcompress -- gfx/minis/weavile.2bpp gfx/minis/weavile.2bpp.lzp
tools/lzpcompress -- gfx/minis/weavile_mask.1bpp gfx/minis/weavile_mask.1bpp.lzp
tools/lzpcompress -- gfx/icons/weavile.2bpp gfx/icons/weavile.2bpp.lzp
tools/lzpcompress -- gfx/minis/magnezone.2bpp gfx/minis/magnezone.2bpp.lzp
tools/lzpcompress -- gfx/minis/magnezone_mask.1bpp gfx/minis/magnezone_mask.1bpp.lzp
tools/lzpcompress -- gfx/icons/magnezone.2bpp gfx/icons/magnezone.2bpp.lzp
tools/lzpcompress -- gfx/minis/lickilicky.2bpp gfx/minis/lickilicky.2bpp.lzp
tools/lzpcompress -- gfx/minis/lickilicky_mask.1bpp gfx/minis/lickilicky_mask.1bpp.lzp
tools/lzpcompress -- gfx/icons/lickilicky.2bpp gfx/icons/lickilicky.2bpp.lzp
tools/lzpcompress -- gfx/minis/rhyperior.2bpp gfx/minis/rhyperior.2bpp.lzp
tools/lzpcompress -- gfx/minis/rhyperior_mask.1bpp gfx/minis/rhyperior_mask.1bpp.lzp
tools/lzpcompress -- gfx/icons/rhyperior.2bpp gfx/icons/rhyperior.2bpp.lzp
tools/lzpcompress -- gfx/minis/tangrowth.2bpp gfx/minis/tangrowth.2bpp.lzp
tools/lzpcompress -- gfx/minis/tangrowth_mask.1bpp gfx/minis/tangrowth_mask.1bpp.lzp
tools/lzpcompress -- gfx/icons/tangrowth.2bpp gfx/icons/tangrowth.2bpp.lzp
tools/lzpcompress -- gfx/minis/electivire.2bpp gfx/minis/electivire.2bpp.lzp
tools/lzpcompress -- gfx/minis/electivire_mask.1bpp gfx/minis/electivire_mask.1bpp.lzp
tools/lzpcompress -- gfx/icons/electivire.2bpp gfx/icons/electivire.2bpp.lzp
tools/lzpcompress -- gfx/minis/magmortar.2bpp gfx/minis/magmortar.2bpp.lzp
tools/lzpcompress -- gfx/minis/magmortar_mask.1bpp gfx/minis/magmortar_mask.1bpp.lzp
tools/lzpcompress -- gfx/icons/magmortar.2bpp gfx/icons/magmortar.2bpp.lzp
tools/lzpcompress -- gfx/minis/togekiss.2bpp gfx/minis/togekiss.2bpp.lzp
tools/lzpcompress -- gfx/minis/togekiss_mask.1bpp gfx/minis/togekiss_mask.1bpp.lzp
tools/lzpcompress -- gfx/icons/togekiss.2bpp gfx/icons/togekiss.2bpp.lzp
tools/lzpcompress -- gfx/minis/yanmega.2bpp gfx/minis/yanmega.2bpp.lzp
tools/lzpcompress -- gfx/minis/yanmega_mask.1bpp gfx/minis/yanmega_mask.1bpp.lzp
tools/lzpcompress -- gfx/icons/yanmega.2bpp gfx/icons/yanmega.2bpp.lzp
tools/lzpcompress -- gfx/minis/leafeon.2bpp gfx/minis/leafeon.2bpp.lzp
tools/lzpcompress -- gfx/minis/leafeon_mask.1bpp gfx/minis/leafeon_mask.1bpp.lzp
tools/lzpcompress -- gfx/icons/leafeon.2bpp gfx/icons/leafeon.2bpp.lzp
tools/lzpcompress -- gfx/minis/glaceon.2bpp gfx/minis/glaceon.2bpp.lzp
tools/lzpcompress -- gfx/minis/glaceon_mask.1bpp gfx/minis/glaceon_mask.1bpp.lzp
tools/lzpcompress -- gfx/icons/glaceon.2bpp gfx/icons/glaceon.2bpp.lzp
tools/lzpcompress -- gfx/minis/gliscor.2bpp gfx/minis/gliscor.2bpp.lzp
tools/lzpcompress -- gfx/minis/gliscor_mask.1bpp gfx/minis/gliscor_mask.1bpp.lzp
tools/lzpcompress -- gfx/icons/gliscor.2bpp gfx/icons/gliscor.2bpp.lzp
tools/lzpcompress -- gfx/minis/mamoswine.2bpp gfx/minis/mamoswine.2bpp.lzp
tools/lzpcompress -- gfx/minis/mamoswine_mask.1bpp gfx/minis/mamoswine_mask.1bpp.lzp
tools/lzpcompress -- gfx/icons/mamoswine.2bpp gfx/icons/mamoswine.2bpp.lzp
tools/lzpcompress -- gfx/minis/porygon_z.2bpp gfx/minis/porygon_z.2bpp.lzp
tools/lzpcompress -- gfx/minis/porygon_z_mask.1bpp gfx/minis/porygon_z_mask.1bpp.lzp
tools/lzpcompress -- gfx/icons/porygon_z.2bpp gfx/icons/porygon_z.2bpp.lzp
tools/lzpcompress -- gfx/minis/sylveon.2bpp gfx/minis/sylveon.2bpp.lzp
tools/lzpcompress -- gfx/minis/sylveon_mask.1bpp gfx/minis/sylveon_mask.1bpp.lzp
tools/lzpcompress -- gfx/icons/sylveon.2bpp gfx/icons/sylveon.2bpp.lzp
tools/lzpcompress -- gfx/minis/perrserker.2bpp gfx/minis/perrserker.2bpp.lzp
tools/lzpcompress -- gfx/minis/perrserker_mask.1bpp gfx/minis/perrserker_mask.1bpp.lzp
tools/lzpcompress -- gfx/icons/perrserker.2bpp gfx/icons/perrserker.2bpp.lzp
tools/lzpcompress -- gfx/minis/cursola.2bpp gfx/minis/cursola.2bpp.lzp
tools/lzpcompress -- gfx/minis/cursola_mask.1bpp gfx/minis/cursola_mask.1bpp.lzp
tools/lzpcompress -- gfx/icons/cursola.2bpp gfx/icons/cursola.2bpp.lzp
tools/lzpcompress -- gfx/minis/sirfetch_d.2bpp gfx/minis/sirfetch_d.2bpp.lzp
tools/lzpcompress -- gfx/minis/sirfetch_d_mask.1bpp gfx/minis/sirfetch_d_mask.1bpp.lzp
tools/lzpcompress -- gfx/icons/sirfetch_d.2bpp gfx/icons/sirfetch_d.2bpp.lzp
tools/lzpcompress -- gfx/minis/mr__rime.2bpp gfx/minis/mr__rime.2bpp.lzp
tools/lzpcompress -- gfx/minis/mr__rime_mask.1bpp gfx/minis/mr__rime_mask.1bpp.lzp
tools/lzpcompress -- gfx/icons/mr__rime.2bpp gfx/icons/mr__rime.2bpp.lzp
tools/lzpcompress -- gfx/minis/wyrdeer.2bpp gfx/minis/wyrdeer.2bpp.lzp
tools/lzpcompress -- gfx/minis/wyrdeer_mask.1bpp gfx/minis/wyrdeer_mask.1bpp.lzp
tools/lzpcompress -- gfx/icons/wyrdeer.2bpp gfx/icons/wyrdeer.2bpp.lzp
tools/lzpcompress -- gfx/minis/kleavor.2bpp gfx/minis/kleavor.2bpp.lzp
tools/lzpcompress -- gfx/minis/kleavor_mask.1bpp gfx/minis/kleavor_mask.1bpp.lzp
tools/lzpcompress -- gfx/icons/kleavor.2bpp gfx/icons/kleavor.2bpp.lzp
tools/lzpcompress -- gfx/minis/ursaluna.2bpp gfx/minis/ursaluna.2bpp.lzp
tools/lzpcompress -- gfx/minis/ursaluna_mask.1bpp gfx/minis/ursaluna_mask.1bpp.lzp
tools/lzpcompress -- gfx/icons/ursaluna.2bpp gfx/icons/ursaluna.2bpp.lzp
tools/lzpcompress -- gfx/minis/sneasler.2bpp gfx/minis/sneasler.2bpp.lzp
tools/lzpcompress -- gfx/minis/sneasler_mask.1bpp gfx/minis/sneasler_mask.1bpp.lzp
tools/lzpcompress -- gfx/icons/sneasler.2bpp gfx/icons/sneasler.2bpp.lzp
tools/lzpcompress -- gfx/minis/overqwil.2bpp gfx/minis/overqwil.2bpp.lzp
tools/lzpcompress -- gfx/minis/overqwil_mask.1bpp gfx/minis/overqwil_mask.1bpp.lzp
tools/lzpcompress -- gfx/icons/overqwil.2bpp gfx/icons/overqwil.2bpp.lzp
tools/lzpcompress -- gfx/minis/dudunsparce_two_segment.2bpp gfx/minis/dudunsparce_two_segment.2bpp.lzp
tools/lzpcompress -- gfx/minis/dudunsparce_two_segment_mask.1bpp gfx/minis/dudunsparce_two_segment_mask.1bpp.lzp
tools/lzpcompress -- gfx/icons/dudunsparce_two_segment.2bpp gfx/icons/dudunsparce_two_segment.2bpp.lzp
tools/lzpcompress -- gfx/minis/farigiraf.2bpp gfx/minis/farigiraf.2bpp.lzp
tools/lzpcompress -- gfx/minis/farigiraf_mask.1bpp gfx/minis/farigiraf_mask.1bpp.lzp
tools/lzpcompress -- gfx/icons/farigiraf.2bpp gfx/icons/farigiraf.2bpp.lzp
tools/lzpcompress -- gfx/minis/clodsire.2bpp gfx/minis/clodsire.2bpp.lzp
tools/lzpcompress -- gfx/minis/clodsire_mask.1bpp gfx/minis/clodsire_mask.1bpp.lzp
tools/lzpcompress -- gfx/icons/clodsire.2bpp gfx/icons/clodsire.2bpp.lzp
tools/lzpcompress -- gfx/minis/annihilape.2bpp gfx/minis/annihilape.2bpp.lzp
tools/lzpcompress -- gfx/minis/annihilape_mask.1bpp gfx/minis/annihilape_mask.1bpp.lzp
tools/lzpcompress -- gfx/icons/annihilape.2bpp gfx/icons/annihilape.2bpp.lzp
tools/lzpcompress -- gfx/minis/unown_b.2bpp gfx/minis/unown_b.2bpp.lzp
tools/lzpcompress -- gfx/minis/unown_b_mask.1bpp gfx/minis/unown_b_mask.1bpp.lzp
tools/lzpcompress -- gfx/icons/unown_b.2bpp gfx/icons/unown_b.2bpp.lzp
tools/lzpcompress -- gfx/minis/unown_c.2bpp gfx/minis/unown_c.2bpp.lzp
tools/lzpcompress -- gfx/minis/unown_c_mask.1bpp gfx/minis/unown_c_mask.1bpp.lzp
tools/lzpcompress -- gfx/icons/unown_c.2bpp gfx/icons/unown_c.2bpp.lzp
tools/lzpcompress -- gfx/minis/unown_d.2bpp gfx/minis/unown_d.2bpp.lzp
tools/lzpcompress -- gfx/minis/unown_d_mask.1bpp gfx/minis/unown_d_mask.1bpp.lzp
tools/lzpcompress -- gfx/icons/unown_d.2bpp gfx/icons/unown_d.2bpp.lzp
tools/lzpcompress -- gfx/minis/unown_e.2bpp gfx/minis/unown_e.2bpp.lzp
tools/lzpcompress -- gfx/minis/unown_e_mask.1bpp gfx/minis/unown_e_mask.1bpp.lzp
tools/lzpcompress -- gfx/icons/unown_e.2bpp gfx/icons/unown_e.2bpp.lzp
tools/lzpcompress -- gfx/minis/unown_f.2bpp gfx/minis/unown_f.2bpp.lzp
tools/lzpcompress -- gfx/minis/unown_f_mask.1bpp gfx/minis/unown_f_mask.1bpp.lzp
tools/lzpcompress -- gfx/icons/unown_f.2bpp gfx/icons/unown_f.2bpp.lzp
tools/lzpcompress -- gfx/minis/unown_g.2bpp gfx/minis/unown_g.2bpp.lzp
tools/lzpcompress -- gfx/minis/unown_g_mask.1bpp gfx/minis/unown_g_mask.1bpp.lzp
tools/lzpcompress -- gfx/icons/unown_g.2bpp gfx/icons/unown_g.2bpp.lzp
tools/lzpcompress -- gfx/minis/unown_h.2bpp gfx/minis/unown_h.2bpp.lzp
tools/lzpcompress -- gfx/minis/unown_h_mask.1bpp gfx/minis/unown_h_mask.1bpp.lzp
tools/lzpcompress -- gfx/icons/unown_h.2bpp gfx/icons/unown_h.2bpp.lzp
tools/lzpcompress -- gfx/minis/unown_i.2bpp gfx/minis/unown_i.2bpp.lzp
tools/lzpcompress -- gfx/minis/unown_i_mask.1bpp gfx/minis/unown_i_mask.1bpp.lzp
tools/lzpcompress -- gfx/icons/unown_i.2bpp gfx/icons/unown_i.2bpp.lzp
tools/lzpcompress -- gfx/minis/unown_j.2bpp gfx/minis/unown_j.2bpp.lzp
tools/lzpcompress -- gfx/minis/unown_j_mask.1bpp gfx/minis/unown_j_mask.1bpp.lzp
tools/lzpcompress -- gfx/icons/unown_j.2bpp gfx/icons/unown_j.2bpp.lzp
tools/lzpcompress -- gfx/minis/unown_k.2bpp gfx/minis/unown_k.2bpp.lzp
tools/lzpcompress -- gfx/minis/unown_k_mask.1bpp gfx/minis/unown_k_mask.1bpp.lzp
tools/lzpcompress -- gfx/icons/unown_k.2bpp gfx/icons/unown_k.2bpp.lzp
tools/lzpcompress -- gfx/minis/unown_l.2bpp gfx/minis/unown_l.2bpp.lzp
tools/lzpcompress -- gfx/minis/unown_l_mask.1bpp gfx/minis/unown_l_mask.1bpp.lzp
tools/lzpcompress -- gfx/icons/unown_l.2bpp gfx/icons/unown_l.2bpp.lzp
tools/lzpcompress -- gfx/minis/unown_m.2bpp gfx/minis/unown_m.2bpp.lzp
tools/lzpcompress -- gfx/minis/unown_m_mask.1bpp gfx/minis/unown_m_mask.1bpp.lzp
tools/lzpcompress -- gfx/icons/unown_m.2bpp gfx/icons/unown_m.2bpp.lzp
tools/lzpcompress -- gfx/minis/unown_n.2bpp gfx/minis/unown_n.2bpp.lzp
tools/lzpcompress -- gfx/minis/unown_n_mask.1bpp gfx/minis/unown_n_mask.1bpp.lzp
tools/lzpcompress -- gfx/icons/unown_n.2bpp gfx/icons/unown_n.2bpp.lzp
tools/lzpcompress -- gfx/minis/unown_o.2bpp gfx/minis/unown_o.2bpp.lzp
tools/lzpcompress -- gfx/minis/unown_o_mask.1bpp gfx/minis/unown_o_mask.1bpp.lzp
tools/lzpcompress -- gfx/icons/unown_o.2bpp gfx/icons/unown_o.2bpp.lzp
tools/lzpcompress -- gfx/minis/unown_p.2bpp gfx/minis/unown_p.2bpp.lzp
tools/lzpcompress -- gfx/minis/unown_p_mask.1bpp gfx/minis/unown_p_mask.1bpp.lzp
tools/lzpcompress -- gfx/icons/unown_p.2bpp gfx/icons/unown_p.2bpp.lzp
tools/lzpcompress -- gfx/minis/unown_q.2bpp gfx/minis/unown_q.2bpp.lzp
tools/lzpcompress -- gfx/minis/unown_q_mask.1bpp gfx/minis/unown_q_mask.1bpp.lzp
tools/lzpcompress -- gfx/icons/unown_q.2bpp gfx/icons/unown_q.2bpp.lzp
tools/lzpcompress -- gfx/minis/unown_r.2bpp gfx/minis/unown_r.2bpp.lzp
tools/lzpcompress -- gfx/minis/unown_r_mask.1bpp gfx/minis/unown_r_mask.1bpp.lzp
tools/lzpcompress -- gfx/icons/unown_r.2bpp gfx/icons/unown_r.2bpp.lzp
tools/lzpcompress -- gfx/minis/unown_s.2bpp gfx/minis/unown_s.2bpp.lzp
tools/lzpcompress -- gfx/minis/unown_s_mask.1bpp gfx/minis/unown_s_mask.1bpp.lzp
tools/lzpcompress -- gfx/icons/unown_s.2bpp gfx/icons/unown_s.2bpp.lzp
tools/lzpcompress -- gfx/minis/unown_t.2bpp gfx/minis/unown_t.2bpp.lzp
tools/lzpcompress -- gfx/minis/unown_t_mask.1bpp gfx/minis/unown_t_mask.1bpp.lzp
tools/lzpcompress -- gfx/icons/unown_t.2bpp gfx/icons/unown_t.2bpp.lzp
tools/lzpcompress -- gfx/minis/unown_u.2bpp gfx/minis/unown_u.2bpp.lzp
tools/lzpcompress -- gfx/minis/unown_u_mask.1bpp gfx/minis/unown_u_mask.1bpp.lzp
tools/lzpcompress -- gfx/icons/unown_u.2bpp gfx/icons/unown_u.2bpp.lzp
tools/lzpcompress -- gfx/minis/unown_v.2bpp gfx/minis/unown_v.2bpp.lzp
tools/lzpcompress -- gfx/minis/unown_v_mask.1bpp gfx/minis/unown_v_mask.1bpp.lzp
tools/lzpcompress -- gfx/icons/unown_v.2bpp gfx/icons/unown_v.2bpp.lzp
tools/lzpcompress -- gfx/minis/unown_w.2bpp gfx/minis/unown_w.2bpp.lzp
tools/lzpcompress -- gfx/minis/unown_w_mask.1bpp gfx/minis/unown_w_mask.1bpp.lzp
tools/lzpcompress -- gfx/icons/unown_w.2bpp gfx/icons/unown_w.2bpp.lzp
tools/lzpcompress -- gfx/minis/unown_x.2bpp gfx/minis/unown_x.2bpp.lzp
tools/lzpcompress -- gfx/minis/unown_x_mask.1bpp gfx/minis/unown_x_mask.1bpp.lzp
tools/lzpcompress -- gfx/icons/unown_x.2bpp gfx/icons/unown_x.2bpp.lzp
tools/lzpcompress -- gfx/minis/unown_y.2bpp gfx/minis/unown_y.2bpp.lzp
tools/lzpcompress -- gfx/minis/unown_y_mask.1bpp gfx/minis/unown_y_mask.1bpp.lzp
tools/lzpcompress -- gfx/icons/unown_y.2bpp gfx/icons/unown_y.2bpp.lzp
tools/lzpcompress -- gfx/minis/unown_z.2bpp gfx/minis/unown_z.2bpp.lzp
tools/lzpcompress -- gfx/minis/unown_z_mask.1bpp gfx/minis/unown_z_mask.1bpp.lzp
tools/lzpcompress -- gfx/icons/unown_z.2bpp gfx/icons/unown_z.2bpp.lzp
tools/lzpcompress -- gfx/minis/unown_exclamation.2bpp gfx/minis/unown_exclamation.2bpp.lzp
tools/lzpcompress -- gfx/minis/unown_exclamation_mask.1bpp gfx/minis/unown_exclamation_mask.1bpp.lzp
tools/lzpcompress -- gfx/icons/unown_exclamation.2bpp gfx/icons/unown_exclamation.2bpp.lzp
tools/lzpcompress -- gfx/minis/unown_question.2bpp gfx/minis/unown_question.2bpp.lzp
tools/lzpcompress -- gfx/minis/unown_question_mask.1bpp gfx/minis/unown_question_mask.1bpp.lzp
tools/lzpcompress -- gfx/icons/unown_question.2bpp gfx/icons/unown_question.2bpp.lzp
tools/lzpcompress -- gfx/minis/dudunsparce_three_segment.2bpp gfx/minis/dudunsparce_three_segment.2bpp.lzp
tools/lzpcompress -- gfx/minis/dudunsparce_three_segment_mask.1bpp gfx/minis/dudunsparce_three_segment_mask.1bpp.lzp
tools/lzpcompress -- gfx/icons/dudunsparce_three_segment.2bpp gfx/icons/dudunsparce_three_segment.2bpp.lzp
tools/lzpcompress -- gfx/minis/mewtwo_armored.2bpp gfx/minis/mewtwo_armored.2bpp.lzp
tools/lzpcompress -- gfx/minis/mewtwo_armored_mask.1bpp gfx/minis/mewtwo_armored_mask.1bpp.lzp
tools/lzpcompress -- gfx/icons/mewtwo_armored.2bpp gfx/icons/mewtwo_armored.2bpp.lzp
tools/lzpcompress -- gfx/minis/rattata_alolan.2bpp gfx/minis/rattata_alolan.2bpp.lzp
tools/lzpcompress -- gfx/minis/rattata_alolan_mask.1bpp gfx/minis/rattata_alolan_mask.1bpp.lzp
tools/lzpcompress -- gfx/icons/rattata_alolan.2bpp gfx/icons/rattata_alolan.2bpp.lzp
tools/lzpcompress -- gfx/minis/raticate_alolan.2bpp gfx/minis/raticate_alolan.2bpp.lzp
tools/lzpcompress -- gfx/minis/raticate_alolan_mask.1bpp gfx/minis/raticate_alolan_mask.1bpp.lzp
tools/lzpcompress -- gfx/icons/raticate_alolan.2bpp gfx/icons/raticate_alolan.2bpp.lzp
tools/lzpcompress -- gfx/minis/raichu_alolan.2bpp gfx/minis/raichu_alolan.2bpp.lzp
tools/lzpcompress -- gfx/minis/raichu_alolan_mask.1bpp gfx/minis/raichu_alolan_mask.1bpp.lzp
tools/lzpcompress -- gfx/icons/raichu_alolan.2bpp gfx/icons/raichu_alolan.2bpp.lzp
tools/lzpcompress -- gfx/minis/sandshrew_alolan.2bpp gfx/minis/sandshrew_alolan.2bpp.lzp
tools/lzpcompress -- gfx/minis/sandshrew_alolan_mask.1bpp gfx/minis/sandshrew_alolan_mask.1bpp.lzp
tools/lzpcompress -- gfx/icons/sandshrew_alolan.2bpp gfx/icons/sandshrew_alolan.2bpp.lzp
tools/lzpcompress -- gfx/minis/sandslash_alolan.2bpp gfx/minis/sandslash_alolan.2bpp.lzp
tools/lzpcompress -- gfx/minis/sandslash_alolan_mask.1bpp gfx/minis/sandslash_alolan_mask.1bpp.lzp
tools/lzpcompress -- gfx/icons/sandslash_alolan.2bpp gfx/icons/sandslash_alolan.2bpp.lzp
tools/lzpcompress -- gfx/minis/vulpix_alolan.2bpp gfx/minis/vulpix_alolan.2bpp.lzp
tools/lzpcompress -- gfx/minis/vulpix_alolan_mask.1bpp gfx/minis/vulpix_alolan_mask.1bpp.lzp
tools/lzpcompress -- gfx/icons/vulpix_alolan.2bpp gfx/icons/vulpix_alolan.2bpp.lzp
tools/lzpcompress -- gfx/minis/ninetales_alolan.2bpp gfx/minis/ninetales_alolan.2bpp.lzp
tools/lzpcompress -- gfx/minis/ninetales_alolan_mask.1bpp gfx/minis/ninetales_alolan_mask.1bpp.lzp
tools/lzpcompress -- gfx/icons/ninetales_alolan.2bpp gfx/icons/ninetales_alolan.2bpp.lzp
tools/lzpcompress -- gfx/minis/diglett_alolan.2bpp gfx/minis/diglett_alolan.2bpp.lzp
tools/lzpcompress -- gfx/minis/diglett_alolan_mask.1bpp gfx/minis/diglett_alolan_mask.1bpp.lzp
tools/lzpcompress -- gfx/icons/diglett_alolan.2bpp gfx/icons/diglett_alolan.2bpp.lzp
tools/lzpcompress -- gfx/minis/dugtrio_alolan.2bpp gfx/minis/dugtrio_alolan.2bpp.lzp
tools/lzpcompress -- gfx/minis/dugtrio_alolan_mask.1bpp gfx/minis/dugtrio_alolan_mask.1bpp.lzp
tools/lzpcompress -- gfx/icons/dugtrio_alolan.2bpp gfx/icons/dugtrio_alolan.2bpp.lzp
tools/lzpcompress -- gfx/minis/meowth_alolan.2bpp gfx/minis/meowth_alolan.2bpp.lzp
tools/lzpcompress -- gfx/minis/meowth_alolan_mask.1bpp gfx/minis/meowth_alolan_mask.1bpp.lzp
tools/lzpcompress -- gfx/icons/meowth_alolan.2bpp gfx/icons/meowth_alolan.2bpp.lzp
tools/lzpcompress -- gfx/minis/persian_alolan.2bpp gfx/minis/persian_alolan.2bpp.lzp
tools/lzpcompress -- gfx/minis/persian_alolan_mask.1bpp gfx/minis/persian_alolan_mask.1bpp.lzp
tools/lzpcompress -- gfx/icons/persian_alolan.2bpp gfx/icons/persian_alolan.2bpp.lzp
tools/lzpcompress -- gfx/minis/geodude_alolan.2bpp gfx/minis/geodude_alolan.2bpp.lzp
tools/lzpcompress -- gfx/minis/geodude_alolan_mask.1bpp gfx/minis/geodude_alolan_mask.1bpp.lzp
tools/lzpcompress -- gfx/icons/geodude_alolan.2bpp gfx/icons/geodude_alolan.2bpp.lzp
tools/lzpcompress -- gfx/minis/graveler_alolan.2bpp gfx/minis/graveler_alolan.2bpp.lzp
tools/lzpcompress -- gfx/minis/graveler_alolan_mask.1bpp gfx/minis/graveler_alolan_mask.1bpp.lzp
tools/lzpcompress -- gfx/icons/graveler_alolan.2bpp gfx/icons/graveler_alolan.2bpp.lzp
tools/lzpcompress -- gfx/minis/golem_alolan.2bpp gfx/minis/golem_alolan.2bpp.lzp
tools/lzpcompress -- gfx/minis/golem_alolan_mask.1bpp gfx/minis/golem_alolan_mask.1bpp.lzp
tools/lzpcompress -- gfx/icons/golem_alolan.2bpp gfx/icons/golem_alolan.2bpp.lzp
tools/lzpcompress -- gfx/minis/grimer_alolan.2bpp gfx/minis/grimer_alolan.2bpp.lzp
tools/lzpcompress -- gfx/minis/grimer_alolan_mask.1bpp gfx/minis/grimer_alolan_mask.1bpp.lzp
tools/lzpcompress -- gfx/icons/grimer_alolan.2bpp gfx/icons/grimer_alolan.2bpp.lzp
tools/lzpcompress -- gfx/minis/muk_alolan.2bpp gfx/minis/muk_alolan.2bpp.lzp
tools/lzpcompress -- gfx/minis/muk_alolan_mask.1bpp gfx/minis/muk_alolan_mask.1bpp.lzp
tools/lzpcompress -- gfx/icons/muk_alolan.2bpp gfx/icons/muk_alolan.2bpp.lzp
tools/lzpcompress -- gfx/minis/exeggutor_alolan.2bpp gfx/minis/exeggutor_alolan.2bpp.lzp
tools/lzpcompress -- gfx/minis/exeggutor_alolan_mask.1bpp gfx/minis/exeggutor_alolan_mask.1bpp.lzp
tools/lzpcompress -- gfx/icons/exeggutor_alolan.2bpp gfx/icons/exeggutor_alolan.2bpp.lzp
tools/lzpcompress -- gfx/minis/marowak_alolan.2bpp gfx/minis/marowak_alolan.2bpp.lzp
tools/lzpcompress -- gfx/minis/marowak_alolan_mask.1bpp gfx/minis/marowak_alolan_mask.1bpp.lzp
tools/lzpcompress -- gfx/icons/marowak_alolan.2bpp gfx/icons/marowak_alolan.2bpp.lzp
tools/lzpcompress -- gfx/minis/meowth_galarian.2bpp gfx/minis/meowth_galarian.2bpp.lzp
tools/lzpcompress -- gfx/minis/meowth_galarian_mask.1bpp gfx/minis/meowth_galarian_mask.1bpp.lzp
tools/lzpcompress -- gfx/icons/meowth_galarian.2bpp gfx/icons/meowth_galarian.2bpp.lzp
tools/lzpcompress -- gfx/minis/ponyta_galarian.2bpp gfx/minis/ponyta_galarian.2bpp.lzp
tools/lzpcompress -- gfx/minis/ponyta_galarian_mask.1bpp gfx/minis/ponyta_galarian_mask.1bpp.lzp
tools/lzpcompress -- gfx/icons/ponyta_galarian.2bpp gfx/icons/ponyta_galarian.2bpp.lzp
tools/lzpcompress -- gfx/minis/rapidash_galarian.2bpp gfx/minis/rapidash_galarian.2bpp.lzp
tools/lzpcompress -- gfx/minis/rapidash_galarian_mask.1bpp gfx/minis/rapidash_galarian_mask.1bpp.lzp
tools/lzpcompress -- gfx/icons/rapidash_galarian.2bpp gfx/icons/rapidash_galarian.2bpp.lzp
tools/lzpcompress -- gfx/minis/slowpoke_galarian.2bpp gfx/minis/slowpoke_galarian.2bpp.lzp
tools/lzpcompress -- gfx/minis/slowpoke_galarian_mask.1bpp gfx/minis/slowpoke_galarian_mask.1bpp.lzp
tools/lzpcompress -- gfx/icons/slowpoke_galarian.2bpp gfx/icons/slowpoke_galarian.2bpp.lzp
tools/lzpcompress -- gfx/minis/slowbro_galarian.2bpp gfx/minis/slowbro_galarian.2bpp.lzp
tools/lzpcompress -- gfx/minis/slowbro_galarian_mask.1bpp gfx/minis/slowbro_galarian_mask.1bpp.lzp
tools/lzpcompress -- gfx/icons/slowbro_galarian.2bpp gfx/icons/slowbro_galarian.2bpp.lzp
tools/lzpcompress -- gfx/minis/farfetch_d_galarian.2bpp gfx/minis/farfetch_d_galarian.2bpp.lzp
tools/lzpcompress -- gfx/minis/farfetch_d_galarian_mask.1bpp gfx/minis/farfetch_d_galarian_mask.1bpp.lzp
tools/lzpcompress -- gfx/icons/farfetch_d_galarian.2bpp gfx/icons/farfetch_d_galarian.2bpp.lzp
tools/lzpcompress -- gfx/minis/weezing_galarian.2bpp gfx/minis/weezing_galarian.2bpp.lzp
tools/lzpcompress -- gfx/minis/weezing_galarian_mask.1bpp gfx/minis/weezing_galarian_mask.1bpp.lzp
tools/lzpcompress -- gfx/icons/weezing_galarian.2bpp gfx/icons/weezing_galarian.2bpp.lzp
tools/lzpcompress -- gfx/minis/mr__mime_galarian.2bpp gfx/minis/mr__mime_galarian.2bpp.lzp
tools/lzpcompress -- gfx/minis/mr__mime_galarian_mask.1bpp gfx/minis/mr__mime_galarian_mask.1bpp.lzp
tools/lzpcompress -- gfx/icons/mr__mime_galarian.2bpp gfx/icons/mr__mime_galarian.2bpp.lzp
tools/lzpcompress -- gfx/minis/articuno_galarian.2bpp gfx/minis/articuno_galarian.2bpp.lzp
tools/lzpcompress -- gfx/minis/articuno_galarian_mask.1bpp gfx/minis/articuno_galarian_mask.1bpp.lzp
tools/lzpcompress -- gfx/icons/articuno_galarian.2bpp gfx/icons/articuno_galarian.2bpp.lzp
tools/lzpcompress -- gfx/minis/zapdos_galarian.2bpp gfx/minis/zapdos_galarian.2bpp.lzp
tools/lzpcompress -- gfx/minis/zapdos_galarian_mask.1bpp gfx/minis/zapdos_galarian_mask.1bpp.lzp
tools/lzpcompress -- gfx/icons/zapdos_galarian.2bpp gfx/icons/zapdos_galarian.2bpp.lzp
tools/lzpcompress -- gfx/minis/moltres_galarian.2bpp gfx/minis/moltres_galarian.2bpp.lzp
tools/lzpcompress -- gfx/minis/moltres_galarian_mask.1bpp gfx/minis/moltres_galarian_mask.1bpp.lzp
tools/lzpcompress -- gfx/icons/moltres_galarian.2bpp gfx/icons/moltres_galarian.2bpp.lzp
tools/lzpcompress -- gfx/minis/slowking_galarian.2bpp gfx/minis/slowking_galarian.2bpp.lzp
tools/lzpcompress -- gfx/minis/slowking_galarian_mask.1bpp gfx/minis/slowking_galarian_mask.1bpp.lzp
tools/lzpcompress -- gfx/icons/slowking_galarian.2bpp gfx/icons/slowking_galarian.2bpp.lzp
tools/lzpcompress -- gfx/minis/corsola_galarian.2bpp gfx/minis/corsola_galarian.2bpp.lzp
tools/lzpcompress -- gfx/minis/corsola_galarian_mask.1bpp gfx/minis/corsola_galarian_mask.1bpp.lzp
tools/lzpcompress -- gfx/icons/corsola_galarian.2bpp gfx/icons/corsola_galarian.2bpp.lzp
tools/lzpcompress -- gfx/minis/growlithe_hisuian.2bpp gfx/minis/growlithe_hisuian.2bpp.lzp
tools/lzpcompress -- gfx/minis/growlithe_hisuian_mask.1bpp gfx/minis/growlithe_hisuian_mask.1bpp.lzp
tools/lzpcompress -- gfx/icons/growlithe_hisuian.2bpp gfx/icons/growlithe_hisuian.2bpp.lzp
tools/lzpcompress -- gfx/minis/arcanine_hisuian.2bpp gfx/minis/arcanine_hisuian.2bpp.lzp
tools/lzpcompress -- gfx/minis/arcanine_hisuian_mask.1bpp gfx/minis/arcanine_hisuian_mask.1bpp.lzp
tools/lzpcompress -- gfx/icons/arcanine_hisuian.2bpp gfx/icons/arcanine_hisuian.2bpp.lzp
tools/lzpcompress -- gfx/minis/voltorb_hisuian.2bpp gfx/minis/voltorb_hisuian.2bpp.lzp
tools/lzpcompress -- gfx/minis/voltorb_hisuian_mask.1bpp gfx/minis/voltorb_hisuian_mask.1bpp.lzp
tools/lzpcompress -- gfx/icons/voltorb_hisuian.2bpp gfx/icons/voltorb_hisuian.2bpp.lzp
tools/lzpcompress -- gfx/minis/electrode_hisuian.2bpp gfx/minis/electrode_hisuian.2bpp.lzp
tools/lzpcompress -- gfx/minis/electrode_hisuian_mask.1bpp gfx/minis/electrode_hisuian_mask.1bpp.lzp
tools/lzpcompress -- gfx/icons/electrode_hisuian.2bpp gfx/icons/electrode_hisuian.2bpp.lzp
tools/lzpcompress -- gfx/minis/typhlosion_hisuian.2bpp gfx/minis/typhlosion_hisuian.2bpp.lzp
tools/lzpcompress -- gfx/minis/typhlosion_hisuian_mask.1bpp gfx/minis/typhlosion_hisuian_mask.1bpp.lzp
tools/lzpcompress -- gfx/icons/typhlosion_hisuian.2bpp gfx/icons/typhlosion_hisuian.2bpp.lzp
tools/lzpcompress -- gfx/minis/qwilfish_hisuian.2bpp gfx/minis/qwilfish_hisuian.2bpp.lzp
tools/lzpcompress -- gfx/minis/qwilfish_hisuian_mask.1bpp gfx/minis/qwilfish_hisuian_mask.1bpp.lzp
tools/lzpcompress -- gfx/icons/qwilfish_hisuian.2bpp gfx/icons/qwilfish_hisuian.2bpp.lzp
tools/lzpcompress -- gfx/minis/sneasel_hisuian.2bpp gfx/minis/sneasel_hisuian.2bpp.lzp
tools/lzpcompress -- gfx/minis/sneasel_hisuian_mask.1bpp gfx/minis/sneasel_hisuian_mask.1bpp.lzp
tools/lzpcompress -- gfx/icons/sneasel_hisuian.2bpp gfx/icons/sneasel_hisuian.2bpp.lzp
tools/lzpcompress -- gfx/minis/wooper_paldean.2bpp gfx/minis/wooper_paldean.2bpp.lzp
tools/lzpcompress -- gfx/minis/wooper_paldean_mask.1bpp gfx/minis/wooper_paldean_mask.1bpp.lzp
tools/lzpcompress -- gfx/icons/wooper_paldean.2bpp gfx/icons/wooper_paldean.2bpp.lzp
tools/lzpcompress -- gfx/minis/tauros_paldean.2bpp gfx/minis/tauros_paldean.2bpp.lzp
tools/lzpcompress -- gfx/minis/tauros_paldean_mask.1bpp gfx/minis/tauros_paldean_mask.1bpp.lzp
tools/lzpcompress -- gfx/icons/tauros_paldean.2bpp gfx/icons/tauros_paldean.2bpp.lzp
tools/lzpcompress -- gfx/minis/tauros_paldean_fire.2bpp gfx/minis/tauros_paldean_fire.2bpp.lzp
tools/lzpcompress -- gfx/minis/tauros_paldean_fire_mask.1bpp gfx/minis/tauros_paldean_fire_mask.1bpp.lzp
tools/lzpcompress -- gfx/icons/tauros_paldean_fire.2bpp gfx/icons/tauros_paldean_fire.2bpp.lzp
tools/lzpcompress -- gfx/minis/tauros_paldean_water.2bpp gfx/minis/tauros_paldean_water.2bpp.lzp
tools/lzpcompress -- gfx/minis/tauros_paldean_water_mask.1bpp gfx/minis/tauros_paldean_water_mask.1bpp.lzp
tools/lzpcompress -- gfx/icons/tauros_paldean_water.2bpp gfx/icons/tauros_paldean_water.2bpp.lzp
tools/lzpcompress -- gfx/minis/ursaluna_bloodmoon.2bpp gfx/minis/ursaluna_bloodmoon.2bpp.lzp
tools/lzpcompress -- gfx/minis/ursaluna_bloodmoon_mask.1bpp gfx/minis/ursaluna_bloodmoon_mask.1bpp.lzp
tools/lzpcompress -- gfx/icons/ursaluna_bloodmoon.2bpp gfx/icons/ursaluna_bloodmoon.2bpp.lzp
tools/lzpcompress -- gfx/pokemon/bulbasaur/front.animated.2bpp gfx/pokemon/bulbasaur/front.animated.2bpp.lzp
tools/lzpcompress -- gfx/pokemon/bulbasaur/back.2bpp gfx/pokemon/bulbasaur/back.2bpp.lzp
tools/pokemon_animation -f gfx/pokemon/bulbasaur/front.animated.tilemap gfx/pokemon/bulbasaur/front.dimensions > gfx/pokemon/bulbasaur/frames.asm
tools/lzpcompress -- gfx/pokemon/ivysaur/front.animated.2bpp gfx/pokemon/ivysaur/front.animated.2bpp.lzp
tools/lzpcompress -- gfx/pokemon/ivysaur/back.2bpp gfx/pokemon/ivysaur/back.2bpp.lzp
tools/pokemon_animation -f gfx/pokemon/ivysaur/front.animated.tilemap gfx/pokemon/ivysaur/front.dimensions > gfx/pokemon/ivysaur/frames.asm
tools/lzpcompress -- gfx/pokemon/venusaur/front.animated.2bpp gfx/pokemon/venusaur/front.animated.2bpp.lzp
tools/lzpcompress -- gfx/pokemon/venusaur/back.2bpp gfx/pokemon/venusaur/back.2bpp.lzp
tools/pokemon_animation -f gfx/pokemon/venusaur/front.animated.tilemap gfx/pokemon/venusaur/front.dimensions > gfx/pokemon/venusaur/frames.asm
tools/lzpcompress -- gfx/pokemon/charmander/front.animated.2bpp gfx/pokemon/charmander/front.animated.2bpp.lzp
tools/lzpcompress -- gfx/pokemon/charmander/back.2bpp gfx/pokemon/charmander/back.2bpp.lzp
tools/pokemon_animation -f gfx/pokemon/charmander/front.animated.tilemap gfx/pokemon/charmander/front.dimensions > gfx/pokemon/charmander/frames.asm
tools/lzpcompress -- gfx/pokemon/charmeleon/front.animated.2bpp gfx/pokemon/charmeleon/front.animated.2bpp.lzp
tools/lzpcompress -- gfx/pokemon/charmeleon/back.2bpp gfx/pokemon/charmeleon/back.2bpp.lzp
tools/pokemon_animation -f gfx/pokemon/charmeleon/front.animated.tilemap gfx/pokemon/charmeleon/front.dimensions > gfx/pokemon/charmeleon/frames.asm
tools/lzpcompress -- gfx/pokemon/charizard/front.animated.2bpp gfx/pokemon/charizard/front.animated.2bpp.lzp
tools/lzpcompress -- gfx/pokemon/charizard/back.2bpp gfx/pokemon/charizard/back.2bpp.lzp
tools/pokemon_animation -f gfx/pokemon/charizard/front.animated.tilemap gfx/pokemon/charizard/front.dimensions > gfx/pokemon/charizard/frames.asm
tools/lzpcompress -- gfx/pokemon/squirtle/front.animated.2bpp gfx/pokemon/squirtle/front.animated.2bpp.lzp
tools/lzpcompress -- gfx/pokemon/squirtle/back.2bpp gfx/pokemon/squirtle/back.2bpp.lzp
tools/pokemon_animation -f gfx/pokemon/squirtle/front.animated.tilemap gfx/pokemon/squirtle/front.dimensions > gfx/pokemon/squirtle/frames.asm
tools/lzpcompress -- gfx/pokemon/wartortle/front.animated.2bpp gfx/pokemon/wartortle/front.animated.2bpp.lzp
tools/lzpcompress -- gfx/pokemon/wartortle/back.2bpp gfx/pokemon/wartortle/back.2bpp.lzp
tools/pokemon_animation -f gfx/pokemon/wartortle/front.animated.tilemap gfx/pokemon/wartortle/front.dimensions > gfx/pokemon/wartortle/frames.asm
tools/lzpcompress -- gfx/pokemon/blastoise/front.animated.2bpp gfx/pokemon/blastoise/front.animated.2bpp.lzp
tools/lzpcompress -- gfx/pokemon/blastoise/back.2bpp gfx/pokemon/blastoise/back.2bpp.lzp
tools/pokemon_animation -f gfx/pokemon/blastoise/front.animated.tilemap gfx/pokemon/blastoise/front.dimensions > gfx/pokemon/blastoise/frames.asm
tools/lzpcompress -- gfx/pokemon/caterpie/front.animated.2bpp gfx/pokemon/caterpie/front.animated.2bpp.lzp
tools/lzpcompress -- gfx/pokemon/caterpie/back.2bpp gfx/pokemon/caterpie/back.2bpp.lzp
tools/pokemon_animation -f gfx/pokemon/caterpie/front.animated.tilemap gfx/pokemon/caterpie/front.dimensions > gfx/pokemon/caterpie/frames.asm
tools/lzpcompress -- gfx/pokemon/metapod/front.animated.2bpp gfx/pokemon/metapod/front.animated.2bpp.lzp
tools/lzpcompress -- gfx/pokemon/metapod/back.2bpp gfx/pokemon/metapod/back.2bpp.lzp
tools/pokemon_animation -f gfx/pokemon/metapod/front.animated.tilemap gfx/pokemon/metapod/front.dimensions > gfx/pokemon/metapod/frames.asm
tools/lzpcompress -- gfx/pokemon/butterfree/front.animated.2bpp gfx/pokemon/butterfree/front.animated.2bpp.lzp
tools/lzpcompress -- gfx/pokemon/butterfree/back.2bpp gfx/pokemon/butterfree/back.2bpp.lzp
tools/pokemon_animation -f gfx/pokemon/butterfree/front.animated.tilemap gfx/pokemon/butterfree/front.dimensions > gfx/pokemon/butterfree/frames.asm
tools/lzpcompress -- gfx/pokemon/weedle/front.animated.2bpp gfx/pokemon/weedle/front.animated.2bpp.lzp
tools/lzpcompress -- gfx/pokemon/weedle/back.2bpp gfx/pokemon/weedle/back.2bpp.lzp
tools/pokemon_animation -f gfx/pokemon/weedle/front.animated.tilemap gfx/pokemon/weedle/front.dimensions > gfx/pokemon/weedle/frames.asm
tools/lzpcompress -- gfx/pokemon/kakuna/front.animated.2bpp gfx/pokemon/kakuna/front.animated.2bpp.lzp
tools/lzpcompress -- gfx/pokemon/kakuna/back.2bpp gfx/pokemon/kakuna/back.2bpp.lzp
tools/pokemon_animation -f gfx/pokemon/kakuna/front.animated.tilemap gfx/pokemon/kakuna/front.dimensions > gfx/pokemon/kakuna/frames.asm
tools/lzpcompress -- gfx/pokemon/beedrill/front.animated.2bpp gfx/pokemon/beedrill/front.animated.2bpp.lzp
tools/lzpcompress -- gfx/pokemon/beedrill/back.2bpp gfx/pokemon/beedrill/back.2bpp.lzp
tools/pokemon_animation -f gfx/pokemon/beedrill/front.animated.tilemap gfx/pokemon/beedrill/front.dimensions > gfx/pokemon/beedrill/frames.asm
tools/lzpcompress -- gfx/pokemon/pidgey/front.animated.2bpp gfx/pokemon/pidgey/front.animated.2bpp.lzp
tools/lzpcompress -- gfx/pokemon/pidgey/back.2bpp gfx/pokemon/pidgey/back.2bpp.lzp
tools/pokemon_animation -f gfx/pokemon/pidgey/front.animated.tilemap gfx/pokemon/pidgey/front.dimensions > gfx/pokemon/pidgey/frames.asm
tools/lzpcompress -- gfx/pokemon/pidgeotto/front.animated.2bpp gfx/pokemon/pidgeotto/front.animated.2bpp.lzp
tools/lzpcompress -- gfx/pokemon/pidgeotto/back.2bpp gfx/pokemon/pidgeotto/back.2bpp.lzp
tools/pokemon_animation -f gfx/pokemon/pidgeotto/front.animated.tilemap gfx/pokemon/pidgeotto/front.dimensions > gfx/pokemon/pidgeotto/frames.asm
tools/lzpcompress -- gfx/pokemon/pidgeot/front.animated.2bpp gfx/pokemon/pidgeot/front.animated.2bpp.lzp
tools/lzpcompress -- gfx/pokemon/pidgeot/back.2bpp gfx/pokemon/pidgeot/back.2bpp.lzp
tools/pokemon_animation -f gfx/pokemon/pidgeot/front.animated.tilemap gfx/pokemon/pidgeot/front.dimensions > gfx/pokemon/pidgeot/frames.asm
tools/lzpcompress -- gfx/pokemon/marill/front.animated.2bpp gfx/pokemon/marill/front.animated.2bpp.lzp
tools/lzpcompress -- gfx/pokemon/marill/back.2bpp gfx/pokemon/marill/back.2bpp.lzp
tools/pokemon_animation -f gfx/pokemon/marill/front.animated.tilemap gfx/pokemon/marill/front.dimensions > gfx/pokemon/marill/frames.asm
tools/lzpcompress -- gfx/pokemon/azumarill/front.animated.2bpp gfx/pokemon/azumarill/front.animated.2bpp.lzp
tools/lzpcompress -- gfx/pokemon/azumarill/back.2bpp gfx/pokemon/azumarill/back.2bpp.lzp
tools/pokemon_animation -f gfx/pokemon/azumarill/front.animated.tilemap gfx/pokemon/azumarill/front.dimensions > gfx/pokemon/azumarill/frames.asm
tools/lzpcompress -- gfx/pokemon/ekans/front.animated.2bpp gfx/pokemon/ekans/front.animated.2bpp.lzp
tools/lzpcompress -- gfx/pokemon/ekans/back.2bpp gfx/pokemon/ekans/back.2bpp.lzp
tools/pokemon_animation -f gfx/pokemon/ekans/front.animated.tilemap gfx/pokemon/ekans/front.dimensions > gfx/pokemon/ekans/frames.asm
tools/lzpcompress -- gfx/pokemon/nidoran_f/front.animated.2bpp gfx/pokemon/nidoran_f/front.animated.2bpp.lzp
tools/lzpcompress -- gfx/pokemon/nidoran_f/back.2bpp gfx/pokemon/nidoran_f/back.2bpp.lzp
tools/pokemon_animation -f gfx/pokemon/nidoran_f/front.animated.tilemap gfx/pokemon/nidoran_f/front.dimensions > gfx/pokemon/nidoran_f/frames.asm
tools/lzpcompress -- gfx/pokemon/nidorina/front.animated.2bpp gfx/pokemon/nidorina/front.animated.2bpp.lzp
tools/lzpcompress -- gfx/pokemon/nidorina/back.2bpp gfx/pokemon/nidorina/back.2bpp.lzp
tools/pokemon_animation -f gfx/pokemon/nidorina/front.animated.tilemap gfx/pokemon/nidorina/front.dimensions > gfx/pokemon/nidorina/frames.asm
tools/lzpcompress -- gfx/pokemon/nidoqueen/front.animated.2bpp gfx/pokemon/nidoqueen/front.animated.2bpp.lzp
tools/lzpcompress -- gfx/pokemon/nidoqueen/back.2bpp gfx/pokemon/nidoqueen/back.2bpp.lzp
tools/pokemon_animation -f gfx/pokemon/nidoqueen/front.animated.tilemap gfx/pokemon/nidoqueen/front.dimensions > gfx/pokemon/nidoqueen/frames.asm
tools/lzpcompress -- gfx/pokemon/nidoran_m/front.animated.2bpp gfx/pokemon/nidoran_m/front.animated.2bpp.lzp
tools/lzpcompress -- gfx/pokemon/nidoran_m/back.2bpp gfx/pokemon/nidoran_m/back.2bpp.lzp
tools/pokemon_animation -f gfx/pokemon/nidoran_m/front.animated.tilemap gfx/pokemon/nidoran_m/front.dimensions > gfx/pokemon/nidoran_m/frames.asm
tools/lzpcompress -- gfx/pokemon/nidorino/front.animated.2bpp gfx/pokemon/nidorino/front.animated.2bpp.lzp
tools/lzpcompress -- gfx/pokemon/nidorino/back.2bpp gfx/pokemon/nidorino/back.2bpp.lzp
tools/pokemon_animation -f gfx/pokemon/nidorino/front.animated.tilemap gfx/pokemon/nidorino/front.dimensions > gfx/pokemon/nidorino/frames.asm
tools/lzpcompress -- gfx/pokemon/nidoking/front.animated.2bpp gfx/pokemon/nidoking/front.animated.2bpp.lzp
tools/lzpcompress -- gfx/pokemon/nidoking/back.2bpp gfx/pokemon/nidoking/back.2bpp.lzp
tools/pokemon_animation -f gfx/pokemon/nidoking/front.animated.tilemap gfx/pokemon/nidoking/front.dimensions > gfx/pokemon/nidoking/frames.asm
tools/lzpcompress -- gfx/pokemon/clefairy/front.animated.2bpp gfx/pokemon/clefairy/front.animated.2bpp.lzp
tools/lzpcompress -- gfx/pokemon/clefairy/back.2bpp gfx/pokemon/clefairy/back.2bpp.lzp
tools/pokemon_animation -f gfx/pokemon/clefairy/front.animated.tilemap gfx/pokemon/clefairy/front.dimensions > gfx/pokemon/clefairy/frames.asm
tools/lzpcompress -- gfx/pokemon/clefable/front.animated.2bpp gfx/pokemon/clefable/front.animated.2bpp.lzp
tools/lzpcompress -- gfx/pokemon/clefable/back.2bpp gfx/pokemon/clefable/back.2bpp.lzp
tools/pokemon_animation -f gfx/pokemon/clefable/front.animated.tilemap gfx/pokemon/clefable/front.dimensions > gfx/pokemon/clefable/frames.asm
tools/lzpcompress -- gfx/pokemon/jigglypuff/front.animated.2bpp gfx/pokemon/jigglypuff/front.animated.2bpp.lzp
tools/lzpcompress -- gfx/pokemon/jigglypuff/back.2bpp gfx/pokemon/jigglypuff/back.2bpp.lzp
tools/pokemon_animation -f gfx/pokemon/jigglypuff/front.animated.tilemap gfx/pokemon/jigglypuff/front.dimensions > gfx/pokemon/jigglypuff/frames.asm
tools/lzpcompress -- gfx/pokemon/wigglytuff/front.animated.2bpp gfx/pokemon/wigglytuff/front.animated.2bpp.lzp
tools/lzpcompress -- gfx/pokemon/wigglytuff/back.2bpp gfx/pokemon/wigglytuff/back.2bpp.lzp
tools/pokemon_animation -f gfx/pokemon/wigglytuff/front.animated.tilemap gfx/pokemon/wigglytuff/front.dimensions > gfx/pokemon/wigglytuff/frames.asm
tools/lzpcompress -- gfx/pokemon/zubat/front.animated.2bpp gfx/pokemon/zubat/front.animated.2bpp.lzp
tools/lzpcompress -- gfx/pokemon/zubat/back.2bpp gfx/pokemon/zubat/back.2bpp.lzp
tools/pokemon_animation -f gfx/pokemon/zubat/front.animated.tilemap gfx/pokemon/zubat/front.dimensions > gfx/pokemon/zubat/frames.asm
tools/lzpcompress -- gfx/pokemon/golbat/front.animated.2bpp gfx/pokemon/golbat/front.animated.2bpp.lzp
tools/lzpcompress -- gfx/pokemon/golbat/back.2bpp gfx/pokemon/golbat/back.2bpp.lzp
tools/pokemon_animation -f gfx/pokemon/golbat/front.animated.tilemap gfx/pokemon/golbat/front.dimensions > gfx/pokemon/golbat/frames.asm
tools/lzpcompress -- gfx/pokemon/oddish/front.animated.2bpp gfx/pokemon/oddish/front.animated.2bpp.lzp
tools/lzpcompress -- gfx/pokemon/oddish/back.2bpp gfx/pokemon/oddish/back.2bpp.lzp
tools/pokemon_animation -f gfx/pokemon/oddish/front.animated.tilemap gfx/pokemon/oddish/front.dimensions > gfx/pokemon/oddish/frames.asm
tools/lzpcompress -- gfx/pokemon/gloom/front.animated.2bpp gfx/pokemon/gloom/front.animated.2bpp.lzp
tools/lzpcompress -- gfx/pokemon/gloom/back.2bpp gfx/pokemon/gloom/back.2bpp.lzp
tools/pokemon_animation -f gfx/pokemon/gloom/front.animated.tilemap gfx/pokemon/gloom/front.dimensions > gfx/pokemon/gloom/frames.asm
tools/lzpcompress -- gfx/pokemon/vileplume/front.animated.2bpp gfx/pokemon/vileplume/front.animated.2bpp.lzp
tools/lzpcompress -- gfx/pokemon/vileplume/back.2bpp gfx/pokemon/vileplume/back.2bpp.lzp
tools/pokemon_animation -f gfx/pokemon/vileplume/front.animated.tilemap gfx/pokemon/vileplume/front.dimensions > gfx/pokemon/vileplume/frames.asm
tools/lzpcompress -- gfx/pokemon/paras/front.animated.2bpp gfx/pokemon/paras/front.animated.2bpp.lzp
tools/lzpcompress -- gfx/pokemon/paras/back.2bpp gfx/pokemon/paras/back.2bpp.lzp
tools/pokemon_animation -f gfx/pokemon/paras/front.animated.tilemap gfx/pokemon/paras/front.dimensions > gfx/pokemon/paras/frames.asm
tools/lzpcompress -- gfx/pokemon/parasect/front.animated.2bpp gfx/pokemon/parasect/front.animated.2bpp.lzp
tools/lzpcompress -- gfx/pokemon/parasect/back.2bpp gfx/pokemon/parasect/back.2bpp.lzp
tools/pokemon_animation -f gfx/pokemon/parasect/front.animated.tilemap gfx/pokemon/parasect/front.dimensions > gfx/pokemon/parasect/frames.asm
tools/lzpcompress -- gfx/pokemon/venonat/front.animated.2bpp gfx/pokemon/venonat/front.animated.2bpp.lzp
tools/lzpcompress -- gfx/pokemon/venonat/back.2bpp gfx/pokemon/venonat/back.2bpp.lzp
tools/pokemon_animation -f gfx/pokemon/venonat/front.animated.tilemap gfx/pokemon/venonat/front.dimensions > gfx/pokemon/venonat/frames.asm
tools/lzpcompress -- gfx/pokemon/venomoth/front.animated.2bpp gfx/pokemon/venomoth/front.animated.2bpp.lzp
tools/lzpcompress -- gfx/pokemon/venomoth/back.2bpp gfx/pokemon/venomoth/back.2bpp.lzp
tools/pokemon_animation -f gfx/pokemon/venomoth/front.animated.tilemap gfx/pokemon/venomoth/front.dimensions > gfx/pokemon/venomoth/frames.asm
tools/lzpcompress -- gfx/pokemon/psyduck/front.animated.2bpp gfx/pokemon/psyduck/front.animated.2bpp.lzp
tools/lzpcompress -- gfx/pokemon/psyduck/back.2bpp gfx/pokemon/psyduck/back.2bpp.lzp
tools/pokemon_animation -f gfx/pokemon/psyduck/front.animated.tilemap gfx/pokemon/psyduck/front.dimensions > gfx/pokemon/psyduck/frames.asm
tools/lzpcompress -- gfx/pokemon/golduck/front.animated.2bpp gfx/pokemon/golduck/front.animated.2bpp.lzp
tools/lzpcompress -- gfx/pokemon/golduck/back.2bpp gfx/pokemon/golduck/back.2bpp.lzp
tools/pokemon_animation -f gfx/pokemon/golduck/front.animated.tilemap gfx/pokemon/golduck/front.dimensions > gfx/pokemon/golduck/frames.asm
tools/lzpcompress -- gfx/pokemon/mankey/front.animated.2bpp gfx/pokemon/mankey/front.animated.2bpp.lzp
tools/lzpcompress -- gfx/pokemon/mankey/back.2bpp gfx/pokemon/mankey/back.2bpp.lzp
tools/pokemon_animation -f gfx/pokemon/mankey/front.animated.tilemap gfx/pokemon/mankey/front.dimensions > gfx/pokemon/mankey/frames.asm
tools/lzpcompress -- gfx/pokemon/primeape/front.animated.2bpp gfx/pokemon/primeape/front.animated.2bpp.lzp
tools/lzpcompress -- gfx/pokemon/primeape/back.2bpp gfx/pokemon/primeape/back.2bpp.lzp
tools/pokemon_animation -f gfx/pokemon/primeape/front.animated.tilemap gfx/pokemon/primeape/front.dimensions > gfx/pokemon/primeape/frames.asm
tools/lzpcompress -- gfx/pokemon/poliwag/front.animated.2bpp gfx/pokemon/poliwag/front.animated.2bpp.lzp
tools/lzpcompress -- gfx/pokemon/poliwag/back.2bpp gfx/pokemon/poliwag/back.2bpp.lzp
tools/pokemon_animation -f gfx/pokemon/poliwag/front.animated.tilemap gfx/pokemon/poliwag/front.dimensions > gfx/pokemon/poliwag/frames.asm
tools/lzpcompress -- gfx/pokemon/poliwhirl/front.animated.2bpp gfx/pokemon/poliwhirl/front.animated.2bpp.lzp
tools/lzpcompress -- gfx/pokemon/poliwhirl/back.2bpp gfx/pokemon/poliwhirl/back.2bpp.lzp
tools/pokemon_animation -f gfx/pokemon/poliwhirl/front.animated.tilemap gfx/pokemon/poliwhirl/front.dimensions > gfx/pokemon/poliwhirl/frames.asm
tools/lzpcompress -- gfx/pokemon/poliwrath/front.animated.2bpp gfx/pokemon/poliwrath/front.animated.2bpp.lzp
tools/lzpcompress -- gfx/pokemon/poliwrath/back.2bpp gfx/pokemon/poliwrath/back.2bpp.lzp
tools/pokemon_animation -f gfx/pokemon/poliwrath/front.animated.tilemap gfx/pokemon/poliwrath/front.dimensions > gfx/pokemon/poliwrath/frames.asm
tools/lzpcompress -- gfx/pokemon/abra/front.animated.2bpp gfx/pokemon/abra/front.animated.2bpp.lzp
tools/lzpcompress -- gfx/pokemon/abra/back.2bpp gfx/pokemon/abra/back.2bpp.lzp
tools/pokemon_animation -f gfx/pokemon/abra/front.animated.tilemap gfx/pokemon/abra/front.dimensions > gfx/pokemon/abra/frames.asm
tools/lzpcompress -- gfx/pokemon/kadabra/front.animated.2bpp gfx/pokemon/kadabra/front.animated.2bpp.lzp
tools/lzpcompress -- gfx/pokemon/kadabra/back.2bpp gfx/pokemon/kadabra/back.2bpp.lzp
tools/pokemon_animation -f gfx/pokemon/kadabra/front.animated.tilemap gfx/pokemon/kadabra/front.dimensions > gfx/pokemon/kadabra/frames.asm
tools/lzpcompress -- gfx/pokemon/alakazam/front.animated.2bpp gfx/pokemon/alakazam/front.animated.2bpp.lzp
tools/lzpcompress -- gfx/pokemon/alakazam/back.2bpp gfx/pokemon/alakazam/back.2bpp.lzp
tools/pokemon_animation -f gfx/pokemon/alakazam/front.animated.tilemap gfx/pokemon/alakazam/front.dimensions > gfx/pokemon/alakazam/frames.asm
tools/lzpcompress -- gfx/pokemon/machop/front.animated.2bpp gfx/pokemon/machop/front.animated.2bpp.lzp
tools/lzpcompress -- gfx/pokemon/machop/back.2bpp gfx/pokemon/machop/back.2bpp.lzp
tools/pokemon_animation -f gfx/pokemon/machop/front.animated.tilemap gfx/pokemon/machop/front.dimensions > gfx/pokemon/machop/frames.asm
tools/lzpcompress -- gfx/pokemon/machoke/front.animated.2bpp gfx/pokemon/machoke/front.animated.2bpp.lzp
tools/lzpcompress -- gfx/pokemon/machoke/back.2bpp gfx/pokemon/machoke/back.2bpp.lzp
tools/pokemon_animation -f gfx/pokemon/machoke/front.animated.tilemap gfx/pokemon/machoke/front.dimensions > gfx/pokemon/machoke/frames.asm
tools/lzpcompress -- gfx/pokemon/machamp/front.animated.2bpp gfx/pokemon/machamp/front.animated.2bpp.lzp
tools/lzpcompress -- gfx/pokemon/machamp/back.2bpp gfx/pokemon/machamp/back.2bpp.lzp
tools/pokemon_animation -f gfx/pokemon/machamp/front.animated.tilemap gfx/pokemon/machamp/front.dimensions > gfx/pokemon/machamp/frames.asm
tools/lzpcompress -- gfx/pokemon/bellsprout/front.animated.2bpp gfx/pokemon/bellsprout/front.animated.2bpp.lzp
tools/lzpcompress -- gfx/pokemon/bellsprout/back.2bpp gfx/pokemon/bellsprout/back.2bpp.lzp
tools/pokemon_animation -f gfx/pokemon/bellsprout/front.animated.tilemap gfx/pokemon/bellsprout/front.dimensions > gfx/pokemon/bellsprout/frames.asm
tools/lzpcompress -- gfx/pokemon/weepinbell/front.animated.2bpp gfx/pokemon/weepinbell/front.animated.2bpp.lzp
tools/lzpcompress -- gfx/pokemon/weepinbell/back.2bpp gfx/pokemon/weepinbell/back.2bpp.lzp
tools/pokemon_animation -f gfx/pokemon/weepinbell/front.animated.tilemap gfx/pokemon/weepinbell/front.dimensions > gfx/pokemon/weepinbell/frames.asm
tools/lzpcompress -- gfx/pokemon/victreebel/front.animated.2bpp gfx/pokemon/victreebel/front.animated.2bpp.lzp
tools/lzpcompress -- gfx/pokemon/victreebel/back.2bpp gfx/pokemon/victreebel/back.2bpp.lzp
tools/pokemon_animation -f gfx/pokemon/victreebel/front.animated.tilemap gfx/pokemon/victreebel/front.dimensions > gfx/pokemon/victreebel/frames.asm
tools/lzpcompress -- gfx/pokemon/tentacool/front.animated.2bpp gfx/pokemon/tentacool/front.animated.2bpp.lzp
tools/lzpcompress -- gfx/pokemon/tentacool/back.2bpp gfx/pokemon/tentacool/back.2bpp.lzp
tools/pokemon_animation -f gfx/pokemon/tentacool/front.animated.tilemap gfx/pokemon/tentacool/front.dimensions > gfx/pokemon/tentacool/frames.asm
tools/lzpcompress -- gfx/pokemon/tentacruel/front.animated.2bpp gfx/pokemon/tentacruel/front.animated.2bpp.lzp
tools/lzpcompress -- gfx/pokemon/tentacruel/back.2bpp gfx/pokemon/tentacruel/back.2bpp.lzp
tools/pokemon_animation -f gfx/pokemon/tentacruel/front.animated.tilemap gfx/pokemon/tentacruel/front.dimensions > gfx/pokemon/tentacruel/frames.asm
tools/lzpcompress -- gfx/pokemon/magnemite/front.animated.2bpp gfx/pokemon/magnemite/front.animated.2bpp.lzp
tools/lzpcompress -- gfx/pokemon/magnemite/back.2bpp gfx/pokemon/magnemite/back.2bpp.lzp
tools/pokemon_animation -f gfx/pokemon/magnemite/front.animated.tilemap gfx/pokemon/magnemite/front.dimensions > gfx/pokemon/magnemite/frames.asm
tools/lzpcompress -- gfx/pokemon/magneton/front.animated.2bpp gfx/pokemon/magneton/front.animated.2bpp.lzp
tools/lzpcompress -- gfx/pokemon/magneton/back.2bpp gfx/pokemon/magneton/back.2bpp.lzp
tools/pokemon_animation -f gfx/pokemon/magneton/front.animated.tilemap gfx/pokemon/magneton/front.dimensions > gfx/pokemon/magneton/frames.asm
tools/lzpcompress -- gfx/pokemon/doduo/front.animated.2bpp gfx/pokemon/doduo/front.animated.2bpp.lzp
tools/lzpcompress -- gfx/pokemon/doduo/back.2bpp gfx/pokemon/doduo/back.2bpp.lzp
tools/pokemon_animation -f gfx/pokemon/doduo/front.animated.tilemap gfx/pokemon/doduo/front.dimensions > gfx/pokemon/doduo/frames.asm
tools/lzpcompress -- gfx/pokemon/dodrio/front.animated.2bpp gfx/pokemon/dodrio/front.animated.2bpp.lzp
tools/lzpcompress -- gfx/pokemon/dodrio/back.2bpp gfx/pokemon/dodrio/back.2bpp.lzp
tools/pokemon_animation -f gfx/pokemon/dodrio/front.animated.tilemap gfx/pokemon/dodrio/front.dimensions > gfx/pokemon/dodrio/frames.asm
tools/lzpcompress -- gfx/pokemon/seel/front.animated.2bpp gfx/pokemon/seel/front.animated.2bpp.lzp
tools/lzpcompress -- gfx/pokemon/seel/back.2bpp gfx/pokemon/seel/back.2bpp.lzp
tools/pokemon_animation -f gfx/pokemon/seel/front.animated.tilemap gfx/pokemon/seel/front.dimensions > gfx/pokemon/seel/frames.asm
tools/lzpcompress -- gfx/pokemon/dewgong/front.animated.2bpp gfx/pokemon/dewgong/front.animated.2bpp.lzp
tools/lzpcompress -- gfx/pokemon/dewgong/back.2bpp gfx/pokemon/dewgong/back.2bpp.lzp
tools/pokemon_animation -f gfx/pokemon/dewgong/front.animated.tilemap gfx/pokemon/dewgong/front.dimensions > gfx/pokemon/dewgong/frames.asm
tools/lzpcompress -- gfx/pokemon/shellder/front.animated.2bpp gfx/pokemon/shellder/front.animated.2bpp.lzp
tools/lzpcompress -- gfx/pokemon/shellder/back.2bpp gfx/pokemon/shellder/back.2bpp.lzp
tools/pokemon_animation -f gfx/pokemon/shellder/front.animated.tilemap gfx/pokemon/shellder/front.dimensions > gfx/pokemon/shellder/frames.asm
tools/lzpcompress -- gfx/pokemon/cloyster/front.animated.2bpp gfx/pokemon/cloyster/front.animated.2bpp.lzp
tools/lzpcompress -- gfx/pokemon/cloyster/back.2bpp gfx/pokemon/cloyster/back.2bpp.lzp
tools/pokemon_animation -f gfx/pokemon/cloyster/front.animated.tilemap gfx/pokemon/cloyster/front.dimensions > gfx/pokemon/cloyster/frames.asm
tools/lzpcompress -- gfx/pokemon/gastly/front.animated.2bpp gfx/pokemon/gastly/front.animated.2bpp.lzp
tools/lzpcompress -- gfx/pokemon/gastly/back.2bpp gfx/pokemon/gastly/back.2bpp.lzp
tools/pokemon_animation -f gfx/pokemon/gastly/front.animated.tilemap gfx/pokemon/gastly/front.dimensions > gfx/pokemon/gastly/frames.asm
tools/lzpcompress -- gfx/pokemon/haunter/front.animated.2bpp gfx/pokemon/haunter/front.animated.2bpp.lzp
tools/lzpcompress -- gfx/pokemon/haunter/back.2bpp gfx/pokemon/haunter/back.2bpp.lzp
tools/pokemon_animation -f gfx/pokemon/haunter/front.animated.tilemap gfx/pokemon/haunter/front.dimensions > gfx/pokemon/haunter/frames.asm
tools/lzpcompress -- gfx/pokemon/gengar/front.animated.2bpp gfx/pokemon/gengar/front.animated.2bpp.lzp
tools/lzpcompress -- gfx/pokemon/gengar/back.2bpp gfx/pokemon/gengar/back.2bpp.lzp
tools/pokemon_animation -f gfx/pokemon/gengar/front.animated.tilemap gfx/pokemon/gengar/front.dimensions > gfx/pokemon/gengar/frames.asm
tools/lzpcompress -- gfx/pokemon/onix/front.animated.2bpp gfx/pokemon/onix/front.animated.2bpp.lzp
tools/lzpcompress -- gfx/pokemon/onix/back.2bpp gfx/pokemon/onix/back.2bpp.lzp
tools/pokemon_animation -f gfx/pokemon/onix/front.animated.tilemap gfx/pokemon/onix/front.dimensions > gfx/pokemon/onix/frames.asm
tools/lzpcompress -- gfx/pokemon/drowzee/front.animated.2bpp gfx/pokemon/drowzee/front.animated.2bpp.lzp
tools/lzpcompress -- gfx/pokemon/drowzee/back.2bpp gfx/pokemon/drowzee/back.2bpp.lzp
tools/pokemon_animation -f gfx/pokemon/drowzee/front.animated.tilemap gfx/pokemon/drowzee/front.dimensions > gfx/pokemon/drowzee/frames.asm
tools/lzpcompress -- gfx/pokemon/hypno/front.animated.2bpp gfx/pokemon/hypno/front.animated.2bpp.lzp
tools/lzpcompress -- gfx/pokemon/hypno/back.2bpp gfx/pokemon/hypno/back.2bpp.lzp
tools/pokemon_animation -f gfx/pokemon/hypno/front.animated.tilemap gfx/pokemon/hypno/front.dimensions > gfx/pokemon/hypno/frames.asm
tools/lzpcompress -- gfx/pokemon/krabby/front.animated.2bpp gfx/pokemon/krabby/front.animated.2bpp.lzp
tools/lzpcompress -- gfx/pokemon/krabby/back.2bpp gfx/pokemon/krabby/back.2bpp.lzp
tools/pokemon_animation -f gfx/pokemon/krabby/front.animated.tilemap gfx/pokemon/krabby/front.dimensions > gfx/pokemon/krabby/frames.asm
tools/lzpcompress -- gfx/pokemon/kingler/front.animated.2bpp gfx/pokemon/kingler/front.animated.2bpp.lzp
tools/lzpcompress -- gfx/pokemon/kingler/back.2bpp gfx/pokemon/kingler/back.2bpp.lzp
tools/pokemon_animation -f gfx/pokemon/kingler/front.animated.tilemap gfx/pokemon/kingler/front.dimensions > gfx/pokemon/kingler/frames.asm
tools/lzpcompress -- gfx/pokemon/exeggcute/front.animated.2bpp gfx/pokemon/exeggcute/front.animated.2bpp.lzp
tools/lzpcompress -- gfx/pokemon/exeggcute/back.2bpp gfx/pokemon/exeggcute/back.2bpp.lzp
tools/pokemon_animation -f gfx/pokemon/exeggcute/front.animated.tilemap gfx/pokemon/exeggcute/front.dimensions > gfx/pokemon/exeggcute/frames.asm
tools/lzpcompress -- gfx/pokemon/cubone/front.animated.2bpp gfx/pokemon/cubone/front.animated.2bpp.lzp
tools/lzpcompress -- gfx/pokemon/cubone/back.2bpp gfx/pokemon/cubone/back.2bpp.lzp
tools/pokemon_animation -f gfx/pokemon/cubone/front.animated.tilemap gfx/pokemon/cubone/front.dimensions > gfx/pokemon/cubone/frames.asm
tools/lzpcompress -- gfx/pokemon/hitmonlee/front.animated.2bpp gfx/pokemon/hitmonlee/front.animated.2bpp.lzp
tools/lzpcompress -- gfx/pokemon/hitmonlee/back.2bpp gfx/pokemon/hitmonlee/back.2bpp.lzp
tools/pokemon_animation -f gfx/pokemon/hitmonlee/front.animated.tilemap gfx/pokemon/hitmonlee/front.dimensions > gfx/pokemon/hitmonlee/frames.asm
tools/lzpcompress -- gfx/pokemon/hitmonchan/front.animated.2bpp gfx/pokemon/hitmonchan/front.animated.2bpp.lzp
tools/lzpcompress -- gfx/pokemon/hitmonchan/back.2bpp gfx/pokemon/hitmonchan/back.2bpp.lzp
tools/pokemon_animation -f gfx/pokemon/hitmonchan/front.animated.tilemap gfx/pokemon/hitmonchan/front.dimensions > gfx/pokemon/hitmonchan/frames.asm
tools/lzpcompress -- gfx/pokemon/koffing/front.animated.2bpp gfx/pokemon/koffing/front.animated.2bpp.lzp
tools/lzpcompress -- gfx/pokemon/koffing/back.2bpp gfx/pokemon/koffing/back.2bpp.lzp
tools/pokemon_animation -f gfx/pokemon/koffing/front.animated.tilemap gfx/pokemon/koffing/front.dimensions > gfx/pokemon/koffing/frames.asm
tools/lzpcompress -- gfx/pokemon/lickitung/front.animated.2bpp gfx/pokemon/lickitung/front.animated.2bpp.lzp
tools/lzpcompress -- gfx/pokemon/lickitung/back.2bpp gfx/pokemon/lickitung/back.2bpp.lzp
tools/pokemon_animation -f gfx/pokemon/lickitung/front.animated.tilemap gfx/pokemon/lickitung/front.dimensions > gfx/pokemon/lickitung/frames.asm
tools/lzpcompress -- gfx/pokemon/rhyhorn/front.animated.2bpp gfx/pokemon/rhyhorn/front.animated.2bpp.lzp
tools/lzpcompress -- gfx/pokemon/rhyhorn/back.2bpp gfx/pokemon/rhyhorn/back.2bpp.lzp
tools/pokemon_animation -f gfx/pokemon/rhyhorn/front.animated.tilemap gfx/pokemon/rhyhorn/front.dimensions > gfx/pokemon/rhyhorn/frames.asm
tools/lzpcompress -- gfx/pokemon/rhydon/front.animated.2bpp gfx/pokemon/rhydon/front.animated.2bpp.lzp
tools/lzpcompress -- gfx/pokemon/rhydon/back.2bpp gfx/pokemon/rhydon/back.2bpp.lzp
tools/pokemon_animation -f gfx/pokemon/rhydon/front.animated.tilemap gfx/pokemon/rhydon/front.dimensions > gfx/pokemon/rhydon/frames.asm
tools/lzpcompress -- gfx/pokemon/chansey/front.animated.2bpp gfx/pokemon/chansey/front.animated.2bpp.lzp
tools/lzpcompress -- gfx/pokemon/chansey/back.2bpp gfx/pokemon/chansey/back.2bpp.lzp
tools/pokemon_animation -f gfx/pokemon/chansey/front.animated.tilemap gfx/pokemon/chansey/front.dimensions > gfx/pokemon/chansey/frames.asm
tools/lzpcompress -- gfx/pokemon/tangela/front.animated.2bpp gfx/pokemon/tangela/front.animated.2bpp.lzp
tools/lzpcompress -- gfx/pokemon/tangela/back.2bpp gfx/pokemon/tangela/back.2bpp.lzp
tools/pokemon_animation -f gfx/pokemon/tangela/front.animated.tilemap gfx/pokemon/tangela/front.dimensions > gfx/pokemon/tangela/frames.asm
tools/lzpcompress -- gfx/pokemon/kangaskhan/front.animated.2bpp gfx/pokemon/kangaskhan/front.animated.2bpp.lzp
tools/lzpcompress -- gfx/pokemon/kangaskhan/back.2bpp gfx/pokemon/kangaskhan/back.2bpp.lzp
tools/pokemon_animation -f gfx/pokemon/kangaskhan/front.animated.tilemap gfx/pokemon/kangaskhan/front.dimensions > gfx/pokemon/kangaskhan/frames.asm
tools/lzpcompress -- gfx/pokemon/horsea/front.animated.2bpp gfx/pokemon/horsea/front.animated.2bpp.lzp
tools/lzpcompress -- gfx/pokemon/horsea/back.2bpp gfx/pokemon/horsea/back.2bpp.lzp
tools/pokemon_animation -f gfx/pokemon/horsea/front.animated.tilemap gfx/pokemon/horsea/front.dimensions > gfx/pokemon/horsea/frames.asm
tools/lzpcompress -- gfx/pokemon/seadra/front.animated.2bpp gfx/pokemon/seadra/front.animated.2bpp.lzp
tools/lzpcompress -- gfx/pokemon/seadra/back.2bpp gfx/pokemon/seadra/back.2bpp.lzp
tools/pokemon_animation -f gfx/pokemon/seadra/front.animated.tilemap gfx/pokemon/seadra/front.dimensions > gfx/pokemon/seadra/frames.asm
tools/lzpcompress -- gfx/pokemon/togepi/front.animated.2bpp gfx/pokemon/togepi/front.animated.2bpp.lzp
tools/lzpcompress -- gfx/pokemon/togepi/back.2bpp gfx/pokemon/togepi/back.2bpp.lzp
tools/pokemon_animation -f gfx/pokemon/togepi/front.animated.tilemap gfx/pokemon/togepi/front.dimensions > gfx/pokemon/togepi/frames.asm
tools/lzpcompress -- gfx/pokemon/togetic/front.animated.2bpp gfx/pokemon/togetic/front.animated.2bpp.lzp
tools/lzpcompress -- gfx/pokemon/togetic/back.2bpp gfx/pokemon/togetic/back.2bpp.lzp
tools/pokemon_animation -f gfx/pokemon/togetic/front.animated.tilemap gfx/pokemon/togetic/front.dimensions > gfx/pokemon/togetic/frames.asm
tools/lzpcompress -- gfx/pokemon/togekiss/front.animated.2bpp gfx/pokemon/togekiss/front.animated.2bpp.lzp
tools/lzpcompress -- gfx/pokemon/togekiss/back.2bpp gfx/pokemon/togekiss/back.2bpp.lzp
tools/pokemon_animation -f gfx/pokemon/togekiss/front.animated.tilemap gfx/pokemon/togekiss/front.dimensions > gfx/pokemon/togekiss/frames.asm
tools/lzpcompress -- gfx/pokemon/staryu/front.animated.2bpp gfx/pokemon/staryu/front.animated.2bpp.lzp
tools/lzpcompress -- gfx/pokemon/staryu/back.2bpp gfx/pokemon/staryu/back.2bpp.lzp
tools/pokemon_animation -f gfx/pokemon/staryu/front.animated.tilemap gfx/pokemon/staryu/front.dimensions > gfx/pokemon/staryu/frames.asm
tools/lzpcompress -- gfx/pokemon/starmie/front.animated.2bpp gfx/pokemon/starmie/front.animated.2bpp.lzp
tools/lzpcompress -- gfx/pokemon/starmie/back.2bpp gfx/pokemon/starmie/back.2bpp.lzp
tools/pokemon_animation -f gfx/pokemon/starmie/front.animated.tilemap gfx/pokemon/starmie/front.dimensions > gfx/pokemon/starmie/frames.asm
tools/lzpcompress -- gfx/pokemon/scyther/front.animated.2bpp gfx/pokemon/scyther/front.animated.2bpp.lzp
tools/lzpcompress -- gfx/pokemon/scyther/back.2bpp gfx/pokemon/scyther/back.2bpp.lzp
tools/pokemon_animation -f gfx/pokemon/scyther/front.animated.tilemap gfx/pokemon/scyther/front.dimensions > gfx/pokemon/scyther/frames.asm
tools/lzpcompress -- gfx/pokemon/jynx/front.animated.2bpp gfx/pokemon/jynx/front.animated.2bpp.lzp
tools/lzpcompress -- gfx/pokemon/jynx/back.2bpp gfx/pokemon/jynx/back.2bpp.lzp
tools/pokemon_animation -f gfx/pokemon/jynx/front.animated.tilemap gfx/pokemon/jynx/front.dimensions > gfx/pokemon/jynx/frames.asm
tools/lzpcompress -- gfx/pokemon/electabuzz/front.animated.2bpp gfx/pokemon/electabuzz/front.animated.2bpp.lzp
tools/lzpcompress -- gfx/pokemon/electabuzz/back.2bpp gfx/pokemon/electabuzz/back.2bpp.lzp
tools/pokemon_animation -f gfx/pokemon/electabuzz/front.animated.tilemap gfx/pokemon/electabuzz/front.dimensions > gfx/pokemon/electabuzz/frames.asm
tools/lzpcompress -- gfx/pokemon/magmar/front.animated.2bpp gfx/pokemon/magmar/front.animated.2bpp.lzp
tools/lzpcompress -- gfx/pokemon/magmar/back.2bpp gfx/pokemon/magmar/back.2bpp.lzp
tools/pokemon_animation -f gfx/pokemon/magmar/front.animated.tilemap gfx/pokemon/magmar/front.dimensions > gfx/pokemon/magmar/frames.asm
tools/lzpcompress -- gfx/pokemon/pinsir/front.animated.2bpp gfx/pokemon/pinsir/front.animated.2bpp.lzp
tools/lzpcompress -- gfx/pokemon/pinsir/back.2bpp gfx/pokemon/pinsir/back.2bpp.lzp
tools/pokemon_animation -f gfx/pokemon/pinsir/front.animated.tilemap gfx/pokemon/pinsir/front.dimensions > gfx/pokemon/pinsir/frames.asm
tools/lzpcompress -- gfx/pokemon/lapras/front.animated.2bpp gfx/pokemon/lapras/front.animated.2bpp.lzp
tools/lzpcompress -- gfx/pokemon/lapras/back.2bpp gfx/pokemon/lapras/back.2bpp.lzp
tools/pokemon_animation -f gfx/pokemon/lapras/front.animated.tilemap gfx/pokemon/lapras/front.dimensions > gfx/pokemon/lapras/frames.asm
tools/lzpcompress -- gfx/pokemon/ditto/front.animated.2bpp gfx/pokemon/ditto/front.animated.2bpp.lzp
tools/lzpcompress -- gfx/pokemon/ditto/back.2bpp gfx/pokemon/ditto/back.2bpp.lzp
tools/pokemon_animation -f gfx/pokemon/ditto/front.animated.tilemap gfx/pokemon/ditto/front.dimensions > gfx/pokemon/ditto/frames.asm
tools/lzpcompress -- gfx/pokemon/eevee/front.animated.2bpp gfx/pokemon/eevee/front.animated.2bpp.lzp
tools/lzpcompress -- gfx/pokemon/eevee/back.2bpp gfx/pokemon/eevee/back.2bpp.lzp
tools/pokemon_animation -f gfx/pokemon/eevee/front.animated.tilemap gfx/pokemon/eevee/front.dimensions > gfx/pokemon/eevee/frames.asm
tools/lzpcompress -- gfx/pokemon/vaporeon/front.animated.2bpp gfx/pokemon/vaporeon/front.animated.2bpp.lzp
tools/lzpcompress -- gfx/pokemon/vaporeon/back.2bpp gfx/pokemon/vaporeon/back.2bpp.lzp
tools/pokemon_animation -f gfx/pokemon/vaporeon/front.animated.tilemap gfx/pokemon/vaporeon/front.dimensions > gfx/pokemon/vaporeon/frames.asm
tools/lzpcompress -- gfx/pokemon/jolteon/front.animated.2bpp gfx/pokemon/jolteon/front.animated.2bpp.lzp
tools/lzpcompress -- gfx/pokemon/jolteon/back.2bpp gfx/pokemon/jolteon/back.2bpp.lzp
tools/pokemon_animation -f gfx/pokemon/jolteon/front.animated.tilemap gfx/pokemon/jolteon/front.dimensions > gfx/pokemon/jolteon/frames.asm
tools/lzpcompress -- gfx/pokemon/flareon/front.animated.2bpp gfx/pokemon/flareon/front.animated.2bpp.lzp
tools/lzpcompress -- gfx/pokemon/flareon/back.2bpp gfx/pokemon/flareon/back.2bpp.lzp
tools/pokemon_animation -f gfx/pokemon/flareon/front.animated.tilemap gfx/pokemon/flareon/front.dimensions > gfx/pokemon/flareon/frames.asm
tools/lzpcompress -- gfx/pokemon/porygon/front.animated.2bpp gfx/pokemon/porygon/front.animated.2bpp.lzp
tools/lzpcompress -- gfx/pokemon/porygon/back.2bpp gfx/pokemon/porygon/back.2bpp.lzp
tools/pokemon_animation -f gfx/pokemon/porygon/front.animated.tilemap gfx/pokemon/porygon/front.dimensions > gfx/pokemon/porygon/frames.asm
tools/lzpcompress -- gfx/pokemon/omanyte/front.animated.2bpp gfx/pokemon/omanyte/front.animated.2bpp.lzp
tools/lzpcompress -- gfx/pokemon/omanyte/back.2bpp gfx/pokemon/omanyte/back.2bpp.lzp
tools/pokemon_animation -f gfx/pokemon/omanyte/front.animated.tilemap gfx/pokemon/omanyte/front.dimensions > gfx/pokemon/omanyte/frames.asm
tools/lzpcompress -- gfx/pokemon/omastar/front.animated.2bpp gfx/pokemon/omastar/front.animated.2bpp.lzp
tools/lzpcompress -- gfx/pokemon/omastar/back.2bpp gfx/pokemon/omastar/back.2bpp.lzp
tools/pokemon_animation -f gfx/pokemon/omastar/front.animated.tilemap gfx/pokemon/omastar/front.dimensions > gfx/pokemon/omastar/frames.asm
tools/lzpcompress -- gfx/pokemon/kabuto/front.animated.2bpp gfx/pokemon/kabuto/front.animated.2bpp.lzp
tools/lzpcompress -- gfx/pokemon/kabuto/back.2bpp gfx/pokemon/kabuto/back.2bpp.lzp
tools/pokemon_animation -f gfx/pokemon/kabuto/front.animated.tilemap gfx/pokemon/kabuto/front.dimensions > gfx/pokemon/kabuto/frames.asm
tools/lzpcompress -- gfx/pokemon/kabutops/front.animated.2bpp gfx/pokemon/kabutops/front.animated.2bpp.lzp
tools/lzpcompress -- gfx/pokemon/kabutops/back.2bpp gfx/pokemon/kabutops/back.2bpp.lzp
tools/pokemon_animation -f gfx/pokemon/kabutops/front.animated.tilemap gfx/pokemon/kabutops/front.dimensions > gfx/pokemon/kabutops/frames.asm
tools/lzpcompress -- gfx/pokemon/aerodactyl/front.animated.2bpp gfx/pokemon/aerodactyl/front.animated.2bpp.lzp
tools/lzpcompress -- gfx/pokemon/aerodactyl/back.2bpp gfx/pokemon/aerodactyl/back.2bpp.lzp
tools/pokemon_animation -f gfx/pokemon/aerodactyl/front.animated.tilemap gfx/pokemon/aerodactyl/front.dimensions > gfx/pokemon/aerodactyl/frames.asm
tools/lzpcompress -- gfx/pokemon/snorlax/front.animated.2bpp gfx/pokemon/snorlax/front.animated.2bpp.lzp
tools/lzpcompress -- gfx/pokemon/snorlax/back.2bpp gfx/pokemon/snorlax/back.2bpp.lzp
tools/pokemon_animation -f gfx/pokemon/snorlax/front.animated.tilemap gfx/pokemon/snorlax/front.dimensions > gfx/pokemon/snorlax/frames.asm
tools/lzpcompress -- gfx/pokemon/dratini/front.animated.2bpp gfx/pokemon/dratini/front.animated.2bpp.lzp
tools/lzpcompress -- gfx/pokemon/dratini/back.2bpp gfx/pokemon/dratini/back.2bpp.lzp
tools/pokemon_animation -f gfx/pokemon/dratini/front.animated.tilemap gfx/pokemon/dratini/front.dimensions > gfx/pokemon/dratini/frames.asm
tools/lzpcompress -- gfx/pokemon/dragonair/front.animated.2bpp gfx/pokemon/dragonair/front.animated.2bpp.lzp
tools/lzpcompress -- gfx/pokemon/dragonair/back.2bpp gfx/pokemon/dragonair/back.2bpp.lzp
tools/pokemon_animation -f gfx/pokemon/dragonair/front.animated.tilemap gfx/pokemon/dragonair/front.dimensions > gfx/pokemon/dragonair/frames.asm
tools/lzpcompress -- gfx/pokemon/dragonite/front.animated.2bpp gfx/pokemon/dragonite/front.animated.2bpp.lzp
tools/lzpcompress -- gfx/pokemon/dragonite/back.2bpp gfx/pokemon/dragonite/back.2bpp.lzp
tools/pokemon_animation -f gfx/pokemon/dragonite/front.animated.tilemap gfx/pokemon/dragonite/front.dimensions > gfx/pokemon/dragonite/frames.asm
tools/lzpcompress -- gfx/pokemon/mew/front.animated.2bpp gfx/pokemon/mew/front.animated.2bpp.lzp
tools/lzpcompress -- gfx/pokemon/mew/back.2bpp gfx/pokemon/mew/back.2bpp.lzp
tools/pokemon_animation -f gfx/pokemon/mew/front.animated.tilemap gfx/pokemon/mew/front.dimensions > gfx/pokemon/mew/frames.asm
tools/lzpcompress -- gfx/pokemon/chikorita/front.animated.2bpp gfx/pokemon/chikorita/front.animated.2bpp.lzp
tools/lzpcompress -- gfx/pokemon/chikorita/back.2bpp gfx/pokemon/chikorita/back.2bpp.lzp
tools/pokemon_animation -f gfx/pokemon/chikorita/front.animated.tilemap gfx/pokemon/chikorita/front.dimensions > gfx/pokemon/chikorita/frames.asm
tools/lzpcompress -- gfx/pokemon/bayleef/front.animated.2bpp gfx/pokemon/bayleef/front.animated.2bpp.lzp
tools/lzpcompress -- gfx/pokemon/bayleef/back.2bpp gfx/pokemon/bayleef/back.2bpp.lzp
tools/pokemon_animation -f gfx/pokemon/bayleef/front.animated.tilemap gfx/pokemon/bayleef/front.dimensions > gfx/pokemon/bayleef/frames.asm
tools/lzpcompress -- gfx/pokemon/meganium/front.animated.2bpp gfx/pokemon/meganium/front.animated.2bpp.lzp
tools/lzpcompress -- gfx/pokemon/meganium/back.2bpp gfx/pokemon/meganium/back.2bpp.lzp
tools/pokemon_animation -f gfx/pokemon/meganium/front.animated.tilemap gfx/pokemon/meganium/front.dimensions > gfx/pokemon/meganium/frames.asm
tools/lzpcompress -- gfx/pokemon/cyndaquil/front.animated.2bpp gfx/pokemon/cyndaquil/front.animated.2bpp.lzp
tools/lzpcompress -- gfx/pokemon/cyndaquil/back.2bpp gfx/pokemon/cyndaquil/back.2bpp.lzp
tools/pokemon_animation -f gfx/pokemon/cyndaquil/front.animated.tilemap gfx/pokemon/cyndaquil/front.dimensions > gfx/pokemon/cyndaquil/frames.asm
tools/lzpcompress -- gfx/pokemon/quilava/front.animated.2bpp gfx/pokemon/quilava/front.animated.2bpp.lzp
tools/lzpcompress -- gfx/pokemon/quilava/back.2bpp gfx/pokemon/quilava/back.2bpp.lzp
tools/pokemon_animation -f gfx/pokemon/quilava/front.animated.tilemap gfx/pokemon/quilava/front.dimensions > gfx/pokemon/quilava/frames.asm
tools/lzpcompress -- gfx/pokemon/typhlosion_plain/front.animated.2bpp gfx/pokemon/typhlosion_plain/front.animated.2bpp.lzp
tools/lzpcompress -- gfx/pokemon/typhlosion_plain/back.2bpp gfx/pokemon/typhlosion_plain/back.2bpp.lzp
tools/pokemon_animation -f gfx/pokemon/typhlosion_plain/front.animated.tilemap gfx/pokemon/typhlosion_plain/front.dimensions > gfx/pokemon/typhlosion_plain/frames.asm
tools/lzpcompress -- gfx/pokemon/typhlosion_hisuian/front.animated.2bpp gfx/pokemon/typhlosion_hisuian/front.animated.2bpp.lzp
tools/lzpcompress -- gfx/pokemon/typhlosion_hisuian/back.2bpp gfx/pokemon/typhlosion_hisuian/back.2bpp.lzp
tools/pokemon_animation -f gfx/pokemon/typhlosion_hisuian/front.animated.tilemap gfx/pokemon/typhlosion_hisuian/front.dimensions > gfx/pokemon/typhlosion_hisuian/frames.asm
tools/lzpcompress -- gfx/pokemon/totodile/front.animated.2bpp gfx/pokemon/totodile/front.animated.2bpp.lzp
tools/lzpcompress -- gfx/pokemon/totodile/back.2bpp gfx/pokemon/totodile/back.2bpp.lzp
tools/pokemon_animation -f gfx/pokemon/totodile/front.animated.tilemap gfx/pokemon/totodile/front.dimensions > gfx/pokemon/totodile/frames.asm
tools/lzpcompress -- gfx/pokemon/croconaw/front.animated.2bpp gfx/pokemon/croconaw/front.animated.2bpp.lzp
tools/lzpcompress -- gfx/pokemon/croconaw/back.2bpp gfx/pokemon/croconaw/back.2bpp.lzp
tools/pokemon_animation -f gfx/pokemon/croconaw/front.animated.tilemap gfx/pokemon/croconaw/front.dimensions > gfx/pokemon/croconaw/frames.asm
tools/lzpcompress -- gfx/pokemon/feraligatr/front.animated.2bpp gfx/pokemon/feraligatr/front.animated.2bpp.lzp
tools/lzpcompress -- gfx/pokemon/feraligatr/back.2bpp gfx/pokemon/feraligatr/back.2bpp.lzp
tools/pokemon_animation -f gfx/pokemon/feraligatr/front.animated.tilemap gfx/pokemon/feraligatr/front.dimensions > gfx/pokemon/feraligatr/frames.asm
tools/lzpcompress -- gfx/pokemon/sentret/front.animated.2bpp gfx/pokemon/sentret/front.animated.2bpp.lzp
tools/lzpcompress -- gfx/pokemon/sentret/back.2bpp gfx/pokemon/sentret/back.2bpp.lzp
tools/pokemon_animation -f gfx/pokemon/sentret/front.animated.tilemap gfx/pokemon/sentret/front.dimensions > gfx/pokemon/sentret/frames.asm
tools/lzpcompress -- gfx/pokemon/furret/front.animated.2bpp gfx/pokemon/furret/front.animated.2bpp.lzp
tools/lzpcompress -- gfx/pokemon/furret/back.2bpp gfx/pokemon/furret/back.2bpp.lzp
tools/pokemon_animation -f gfx/pokemon/furret/front.animated.tilemap gfx/pokemon/furret/front.dimensions > gfx/pokemon/furret/frames.asm
tools/lzpcompress -- gfx/pokemon/hoothoot/front.animated.2bpp gfx/pokemon/hoothoot/front.animated.2bpp.lzp
tools/lzpcompress -- gfx/pokemon/hoothoot/back.2bpp gfx/pokemon/hoothoot/back.2bpp.lzp
tools/pokemon_animation -f gfx/pokemon/hoothoot/front.animated.tilemap gfx/pokemon/hoothoot/front.dimensions > gfx/pokemon/hoothoot/frames.asm
tools/lzpcompress -- gfx/pokemon/noctowl/front.animated.2bpp gfx/pokemon/noctowl/front.animated.2bpp.lzp
tools/lzpcompress -- gfx/pokemon/noctowl/back.2bpp gfx/pokemon/noctowl/back.2bpp.lzp
tools/pokemon_animation -f gfx/pokemon/noctowl/front.animated.tilemap gfx/pokemon/noctowl/front.dimensions > gfx/pokemon/noctowl/frames.asm
tools/lzpcompress -- gfx/pokemon/ledyba/front.animated.2bpp gfx/pokemon/ledyba/front.animated.2bpp.lzp
tools/lzpcompress -- gfx/pokemon/ledyba/back.2bpp gfx/pokemon/ledyba/back.2bpp.lzp
tools/pokemon_animation -f gfx/pokemon/ledyba/front.animated.tilemap gfx/pokemon/ledyba/front.dimensions > gfx/pokemon/ledyba/frames.asm
tools/lzpcompress -- gfx/pokemon/ledian/front.animated.2bpp gfx/pokemon/ledian/front.animated.2bpp.lzp
tools/lzpcompress -- gfx/pokemon/ledian/back.2bpp gfx/pokemon/ledian/back.2bpp.lzp
tools/pokemon_animation -f gfx/pokemon/ledian/front.animated.tilemap gfx/pokemon/ledian/front.dimensions > gfx/pokemon/ledian/frames.asm
tools/lzpcompress -- gfx/pokemon/spinarak/front.animated.2bpp gfx/pokemon/spinarak/front.animated.2bpp.lzp
tools/lzpcompress -- gfx/pokemon/spinarak/back.2bpp gfx/pokemon/spinarak/back.2bpp.lzp
tools/pokemon_animation -f gfx/pokemon/spinarak/front.animated.tilemap gfx/pokemon/spinarak/front.dimensions > gfx/pokemon/spinarak/frames.asm
tools/lzpcompress -- gfx/pokemon/ariados/front.animated.2bpp gfx/pokemon/ariados/front.animated.2bpp.lzp
tools/lzpcompress -- gfx/pokemon/ariados/back.2bpp gfx/pokemon/ariados/back.2bpp.lzp
tools/pokemon_animation -f gfx/pokemon/ariados/front.animated.tilemap gfx/pokemon/ariados/front.dimensions > gfx/pokemon/ariados/frames.asm
tools/lzpcompress -- gfx/pokemon/crobat/front.animated.2bpp gfx/pokemon/crobat/front.animated.2bpp.lzp
tools/lzpcompress -- gfx/pokemon/crobat/back.2bpp gfx/pokemon/crobat/back.2bpp.lzp
tools/pokemon_animation -f gfx/pokemon/crobat/front.animated.tilemap gfx/pokemon/crobat/front.dimensions > gfx/pokemon/crobat/frames.asm
tools/lzpcompress -- gfx/pokemon/chinchou/front.animated.2bpp gfx/pokemon/chinchou/front.animated.2bpp.lzp
tools/lzpcompress -- gfx/pokemon/chinchou/back.2bpp gfx/pokemon/chinchou/back.2bpp.lzp
tools/pokemon_animation -f gfx/pokemon/chinchou/front.animated.tilemap gfx/pokemon/chinchou/front.dimensions > gfx/pokemon/chinchou/frames.asm
tools/lzpcompress -- gfx/pokemon/lanturn/front.animated.2bpp gfx/pokemon/lanturn/front.animated.2bpp.lzp
tools/lzpcompress -- gfx/pokemon/lanturn/back.2bpp gfx/pokemon/lanturn/back.2bpp.lzp
tools/pokemon_animation -f gfx/pokemon/lanturn/front.animated.tilemap gfx/pokemon/lanturn/front.dimensions > gfx/pokemon/lanturn/frames.asm
tools/lzpcompress -- gfx/pokemon/cleffa/front.animated.2bpp gfx/pokemon/cleffa/front.animated.2bpp.lzp
tools/lzpcompress -- gfx/pokemon/cleffa/back.2bpp gfx/pokemon/cleffa/back.2bpp.lzp
tools/pokemon_animation -f gfx/pokemon/cleffa/front.animated.tilemap gfx/pokemon/cleffa/front.dimensions > gfx/pokemon/cleffa/frames.asm
tools/lzpcompress -- gfx/pokemon/munchlax/front.animated.2bpp gfx/pokemon/munchlax/front.animated.2bpp.lzp
tools/lzpcompress -- gfx/pokemon/munchlax/back.2bpp gfx/pokemon/munchlax/back.2bpp.lzp
tools/pokemon_animation -f gfx/pokemon/munchlax/front.animated.tilemap gfx/pokemon/munchlax/front.dimensions > gfx/pokemon/munchlax/frames.asm
tools/lzpcompress -- gfx/pokemon/magnezone/front.animated.2bpp gfx/pokemon/magnezone/front.animated.2bpp.lzp
tools/lzpcompress -- gfx/pokemon/magnezone/back.2bpp gfx/pokemon/magnezone/back.2bpp.lzp
tools/pokemon_animation -f gfx/pokemon/magnezone/front.animated.tilemap gfx/pokemon/magnezone/front.dimensions > gfx/pokemon/magnezone/frames.asm
tools/lzpcompress -- gfx/pokemon/rhyperior/front.animated.2bpp gfx/pokemon/rhyperior/front.animated.2bpp.lzp
tools/lzpcompress -- gfx/pokemon/rhyperior/back.2bpp gfx/pokemon/rhyperior/back.2bpp.lzp
tools/pokemon_animation -f gfx/pokemon/rhyperior/front.animated.tilemap gfx/pokemon/rhyperior/front.dimensions > gfx/pokemon/rhyperior/frames.asm
tools/lzpcompress -- gfx/pokemon/tangrowth/front.animated.2bpp gfx/pokemon/tangrowth/front.animated.2bpp.lzp
tools/lzpcompress -- gfx/pokemon/tangrowth/back.2bpp gfx/pokemon/tangrowth/back.2bpp.lzp
tools/pokemon_animation -f gfx/pokemon/tangrowth/front.animated.tilemap gfx/pokemon/tangrowth/front.dimensions > gfx/pokemon/tangrowth/frames.asm
tools/lzpcompress -- gfx/pokemon/natu/front.animated.2bpp gfx/pokemon/natu/front.animated.2bpp.lzp
tools/lzpcompress -- gfx/pokemon/natu/back.2bpp gfx/pokemon/natu/back.2bpp.lzp
tools/pokemon_animation -f gfx/pokemon/natu/front.animated.tilemap gfx/pokemon/natu/front.dimensions > gfx/pokemon/natu/frames.asm
tools/lzpcompress -- gfx/pokemon/xatu/front.animated.2bpp gfx/pokemon/xatu/front.animated.2bpp.lzp
tools/lzpcompress -- gfx/pokemon/xatu/back.2bpp gfx/pokemon/xatu/back.2bpp.lzp
tools/pokemon_animation -f gfx/pokemon/xatu/front.animated.tilemap gfx/pokemon/xatu/front.dimensions > gfx/pokemon/xatu/frames.asm
tools/lzpcompress -- gfx/pokemon/mareep/front.animated.2bpp gfx/pokemon/mareep/front.animated.2bpp.lzp
tools/lzpcompress -- gfx/pokemon/mareep/back.2bpp gfx/pokemon/mareep/back.2bpp.lzp
tools/pokemon_animation -f gfx/pokemon/mareep/front.animated.tilemap gfx/pokemon/mareep/front.dimensions > gfx/pokemon/mareep/frames.asm
tools/lzpcompress -- gfx/pokemon/flaaffy/front.animated.2bpp gfx/pokemon/flaaffy/front.animated.2bpp.lzp
tools/lzpcompress -- gfx/pokemon/flaaffy/back.2bpp gfx/pokemon/flaaffy/back.2bpp.lzp
tools/pokemon_animation -f gfx/pokemon/flaaffy/front.animated.tilemap gfx/pokemon/flaaffy/front.dimensions > gfx/pokemon/flaaffy/frames.asm
tools/lzpcompress -- gfx/pokemon/ampharos/front.animated.2bpp gfx/pokemon/ampharos/front.animated.2bpp.lzp
tools/lzpcompress -- gfx/pokemon/ampharos/back.2bpp gfx/pokemon/ampharos/back.2bpp.lzp
tools/pokemon_animation -f gfx/pokemon/ampharos/front.animated.tilemap gfx/pokemon/ampharos/front.dimensions > gfx/pokemon/ampharos/frames.asm
tools/lzpcompress -- gfx/pokemon/bellossom/front.animated.2bpp gfx/pokemon/bellossom/front.animated.2bpp.lzp
tools/lzpcompress -- gfx/pokemon/bellossom/back.2bpp gfx/pokemon/bellossom/back.2bpp.lzp
tools/pokemon_animation -f gfx/pokemon/bellossom/front.animated.tilemap gfx/pokemon/bellossom/front.dimensions > gfx/pokemon/bellossom/frames.asm
tools/lzpcompress -- gfx/pokemon/sudowoodo/front.animated.2bpp gfx/pokemon/sudowoodo/front.animated.2bpp.lzp
tools/lzpcompress -- gfx/pokemon/sudowoodo/back.2bpp gfx/pokemon/sudowoodo/back.2bpp.lzp
tools/pokemon_animation -f gfx/pokemon/sudowoodo/front.animated.tilemap gfx/pokemon/sudowoodo/front.dimensions > gfx/pokemon/sudowoodo/frames.asm
tools/lzpcompress -- gfx/pokemon/politoed/front.animated.2bpp gfx/pokemon/politoed/front.animated.2bpp.lzp
tools/lzpcompress -- gfx/pokemon/politoed/back.2bpp gfx/pokemon/politoed/back.2bpp.lzp
tools/pokemon_animation -f gfx/pokemon/politoed/front.animated.tilemap gfx/pokemon/politoed/front.dimensions > gfx/pokemon/politoed/frames.asm
tools/lzpcompress -- gfx/pokemon/sunkern/front.animated.2bpp gfx/pokemon/sunkern/front.animated.2bpp.lzp
tools/lzpcompress -- gfx/pokemon/sunkern/back.2bpp gfx/pokemon/sunkern/back.2bpp.lzp
tools/pokemon_animation -f gfx/pokemon/sunkern/front.animated.tilemap gfx/pokemon/sunkern/front.dimensions > gfx/pokemon/sunkern/frames.asm
tools/lzpcompress -- gfx/pokemon/sunflora/front.animated.2bpp gfx/pokemon/sunflora/front.animated.2bpp.lzp
tools/lzpcompress -- gfx/pokemon/sunflora/back.2bpp gfx/pokemon/sunflora/back.2bpp.lzp
tools/pokemon_animation -f gfx/pokemon/sunflora/front.animated.tilemap gfx/pokemon/sunflora/front.dimensions > gfx/pokemon/sunflora/frames.asm
tools/lzpcompress -- gfx/pokemon/yanma/front.animated.2bpp gfx/pokemon/yanma/front.animated.2bpp.lzp
tools/lzpcompress -- gfx/pokemon/yanma/back.2bpp gfx/pokemon/yanma/back.2bpp.lzp
tools/pokemon_animation -f gfx/pokemon/yanma/front.animated.tilemap gfx/pokemon/yanma/front.dimensions > gfx/pokemon/yanma/frames.asm
tools/lzpcompress -- gfx/pokemon/yanmega/front.animated.2bpp gfx/pokemon/yanmega/front.animated.2bpp.lzp
tools/lzpcompress -- gfx/pokemon/yanmega/back.2bpp gfx/pokemon/yanmega/back.2bpp.lzp
tools/pokemon_animation -f gfx/pokemon/yanmega/front.animated.tilemap gfx/pokemon/yanmega/front.dimensions > gfx/pokemon/yanmega/frames.asm
tools/lzpcompress -- gfx/pokemon/quagsire/front.animated.2bpp gfx/pokemon/quagsire/front.animated.2bpp.lzp
tools/lzpcompress -- gfx/pokemon/quagsire/back.2bpp gfx/pokemon/quagsire/back.2bpp.lzp
tools/pokemon_animation -f gfx/pokemon/quagsire/front.animated.tilemap gfx/pokemon/quagsire/front.dimensions > gfx/pokemon/quagsire/frames.asm
tools/lzpcompress -- gfx/pokemon/espeon/front.animated.2bpp gfx/pokemon/espeon/front.animated.2bpp.lzp
tools/lzpcompress -- gfx/pokemon/espeon/back.2bpp gfx/pokemon/espeon/back.2bpp.lzp
tools/pokemon_animation -f gfx/pokemon/espeon/front.animated.tilemap gfx/pokemon/espeon/front.dimensions > gfx/pokemon/espeon/frames.asm
tools/lzpcompress -- gfx/pokemon/umbreon/front.animated.2bpp gfx/pokemon/umbreon/front.animated.2bpp.lzp
tools/lzpcompress -- gfx/pokemon/umbreon/back.2bpp gfx/pokemon/umbreon/back.2bpp.lzp
tools/pokemon_animation -f gfx/pokemon/umbreon/front.animated.tilemap gfx/pokemon/umbreon/front.dimensions > gfx/pokemon/umbreon/frames.asm
tools/lzpcompress -- gfx/pokemon/murkrow/front.animated.2bpp gfx/pokemon/murkrow/front.animated.2bpp.lzp
tools/lzpcompress -- gfx/pokemon/murkrow/back.2bpp gfx/pokemon/murkrow/back.2bpp.lzp
tools/pokemon_animation -f gfx/pokemon/murkrow/front.animated.tilemap gfx/pokemon/murkrow/front.dimensions > gfx/pokemon/murkrow/frames.asm
tools/lzpcompress -- gfx/pokemon/honchkrow/front.animated.2bpp gfx/pokemon/honchkrow/front.animated.2bpp.lzp
tools/lzpcompress -- gfx/pokemon/honchkrow/back.2bpp gfx/pokemon/honchkrow/back.2bpp.lzp
tools/pokemon_animation -f gfx/pokemon/honchkrow/front.animated.tilemap gfx/pokemon/honchkrow/front.dimensions > gfx/pokemon/honchkrow/frames.asm
tools/lzpcompress -- gfx/pokemon/misdreavus/front.animated.2bpp gfx/pokemon/misdreavus/front.animated.2bpp.lzp
tools/lzpcompress -- gfx/pokemon/misdreavus/back.2bpp gfx/pokemon/misdreavus/back.2bpp.lzp
tools/pokemon_animation -f gfx/pokemon/misdreavus/front.animated.tilemap gfx/pokemon/misdreavus/front.dimensions > gfx/pokemon/misdreavus/frames.asm
tools/lzpcompress -- gfx/pokemon/mismagius/front.animated.2bpp gfx/pokemon/mismagius/front.animated.2bpp.lzp
tools/lzpcompress -- gfx/pokemon/mismagius/back.2bpp gfx/pokemon/mismagius/back.2bpp.lzp
tools/pokemon_animation -f gfx/pokemon/mismagius/front.animated.tilemap gfx/pokemon/mismagius/front.dimensions > gfx/pokemon/mismagius/frames.asm
tools/lzpcompress -- gfx/pokemon/wobbuffet/front.animated.2bpp gfx/pokemon/wobbuffet/front.animated.2bpp.lzp
tools/lzpcompress -- gfx/pokemon/wobbuffet/back.2bpp gfx/pokemon/wobbuffet/back.2bpp.lzp
tools/pokemon_animation -f gfx/pokemon/wobbuffet/front.animated.tilemap gfx/pokemon/wobbuffet/front.dimensions > gfx/pokemon/wobbuffet/frames.asm
tools/lzpcompress -- gfx/pokemon/girafarig/front.animated.2bpp gfx/pokemon/girafarig/front.animated.2bpp.lzp
tools/lzpcompress -- gfx/pokemon/girafarig/back.2bpp gfx/pokemon/girafarig/back.2bpp.lzp
tools/pokemon_animation -f gfx/pokemon/girafarig/front.animated.tilemap gfx/pokemon/girafarig/front.dimensions > gfx/pokemon/girafarig/frames.asm
tools/lzpcompress -- gfx/pokemon/pineco/front.animated.2bpp gfx/pokemon/pineco/front.animated.2bpp.lzp
tools/lzpcompress -- gfx/pokemon/pineco/back.2bpp gfx/pokemon/pineco/back.2bpp.lzp
tools/pokemon_animation -f gfx/pokemon/pineco/front.animated.tilemap gfx/pokemon/pineco/front.dimensions > gfx/pokemon/pineco/frames.asm
tools/lzpcompress -- gfx/pokemon/forretress/front.animated.2bpp gfx/pokemon/forretress/front.animated.2bpp.lzp
tools/lzpcompress -- gfx/pokemon/forretress/back.2bpp gfx/pokemon/forretress/back.2bpp.lzp
tools/pokemon_animation -f gfx/pokemon/forretress/front.animated.tilemap gfx/pokemon/forretress/front.dimensions > gfx/pokemon/forretress/frames.asm
tools/lzpcompress -- gfx/pokemon/dunsparce/front.animated.2bpp gfx/pokemon/dunsparce/front.animated.2bpp.lzp
tools/lzpcompress -- gfx/pokemon/dunsparce/back.2bpp gfx/pokemon/dunsparce/back.2bpp.lzp
tools/pokemon_animation -f gfx/pokemon/dunsparce/front.animated.tilemap gfx/pokemon/dunsparce/front.dimensions > gfx/pokemon/dunsparce/frames.asm
tools/lzpcompress -- gfx/pokemon/gligar/front.animated.2bpp gfx/pokemon/gligar/front.animated.2bpp.lzp
tools/lzpcompress -- gfx/pokemon/gligar/back.2bpp gfx/pokemon/gligar/back.2bpp.lzp
tools/pokemon_animation -f gfx/pokemon/gligar/front.animated.tilemap gfx/pokemon/gligar/front.dimensions > gfx/pokemon/gligar/frames.asm
tools/lzpcompress -- gfx/pokemon/gliscor/front.animated.2bpp gfx/pokemon/gliscor/front.animated.2bpp.lzp
tools/lzpcompress -- gfx/pokemon/gliscor/back.2bpp gfx/pokemon/gliscor/back.2bpp.lzp
tools/pokemon_animation -f gfx/pokemon/gliscor/front.animated.tilemap gfx/pokemon/gliscor/front.dimensions > gfx/pokemon/gliscor/frames.asm
tools/lzpcompress -- gfx/pokemon/steelix/front.animated.2bpp gfx/pokemon/steelix/front.animated.2bpp.lzp
tools/lzpcompress -- gfx/pokemon/steelix/back.2bpp gfx/pokemon/steelix/back.2bpp.lzp
tools/pokemon_animation -f gfx/pokemon/steelix/front.animated.tilemap gfx/pokemon/steelix/front.dimensions > gfx/pokemon/steelix/frames.asm
tools/lzpcompress -- gfx/pokemon/snubbull/front.animated.2bpp gfx/pokemon/snubbull/front.animated.2bpp.lzp
tools/lzpcompress -- gfx/pokemon/snubbull/back.2bpp gfx/pokemon/snubbull/back.2bpp.lzp
tools/pokemon_animation -f gfx/pokemon/snubbull/front.animated.tilemap gfx/pokemon/snubbull/front.dimensions > gfx/pokemon/snubbull/frames.asm
tools/lzpcompress -- gfx/pokemon/granbull/front.animated.2bpp gfx/pokemon/granbull/front.animated.2bpp.lzp
tools/lzpcompress -- gfx/pokemon/granbull/back.2bpp gfx/pokemon/granbull/back.2bpp.lzp
tools/pokemon_animation -f gfx/pokemon/granbull/front.animated.tilemap gfx/pokemon/granbull/front.dimensions > gfx/pokemon/granbull/frames.asm
tools/lzpcompress -- gfx/pokemon/scizor/front.animated.2bpp gfx/pokemon/scizor/front.animated.2bpp.lzp
tools/lzpcompress -- gfx/pokemon/scizor/back.2bpp gfx/pokemon/scizor/back.2bpp.lzp
tools/pokemon_animation -f gfx/pokemon/scizor/front.animated.tilemap gfx/pokemon/scizor/front.dimensions > gfx/pokemon/scizor/frames.asm
tools/lzpcompress -- gfx/pokemon/shuckle/front.animated.2bpp gfx/pokemon/shuckle/front.animated.2bpp.lzp
tools/lzpcompress -- gfx/pokemon/shuckle/back.2bpp gfx/pokemon/shuckle/back.2bpp.lzp
tools/pokemon_animation -f gfx/pokemon/shuckle/front.animated.tilemap gfx/pokemon/shuckle/front.dimensions > gfx/pokemon/shuckle/frames.asm
tools/lzpcompress -- gfx/pokemon/heracross/front.animated.2bpp gfx/pokemon/heracross/front.animated.2bpp.lzp
tools/lzpcompress -- gfx/pokemon/heracross/back.2bpp gfx/pokemon/heracross/back.2bpp.lzp
tools/pokemon_animation -f gfx/pokemon/heracross/front.animated.tilemap gfx/pokemon/heracross/front.dimensions > gfx/pokemon/heracross/frames.asm
tools/lzpcompress -- gfx/pokemon/teddiursa/front.animated.2bpp gfx/pokemon/teddiursa/front.animated.2bpp.lzp
tools/lzpcompress -- gfx/pokemon/teddiursa/back.2bpp gfx/pokemon/teddiursa/back.2bpp.lzp
tools/pokemon_animation -f gfx/pokemon/teddiursa/front.animated.tilemap gfx/pokemon/teddiursa/front.dimensions > gfx/pokemon/teddiursa/frames.asm
tools/lzpcompress -- gfx/pokemon/ursaring/front.animated.2bpp gfx/pokemon/ursaring/front.animated.2bpp.lzp
tools/lzpcompress -- gfx/pokemon/ursaring/back.2bpp gfx/pokemon/ursaring/back.2bpp.lzp
tools/pokemon_animation -f gfx/pokemon/ursaring/front.animated.tilemap gfx/pokemon/ursaring/front.dimensions > gfx/pokemon/ursaring/frames.asm
tools/lzpcompress -- gfx/pokemon/slugma/front.animated.2bpp gfx/pokemon/slugma/front.animated.2bpp.lzp
tools/lzpcompress -- gfx/pokemon/slugma/back.2bpp gfx/pokemon/slugma/back.2bpp.lzp
tools/pokemon_animation -f gfx/pokemon/slugma/front.animated.tilemap gfx/pokemon/slugma/front.dimensions > gfx/pokemon/slugma/frames.asm
tools/lzpcompress -- gfx/pokemon/magcargo/front.animated.2bpp gfx/pokemon/magcargo/front.animated.2bpp.lzp
tools/lzpcompress -- gfx/pokemon/magcargo/back.2bpp gfx/pokemon/magcargo/back.2bpp.lzp
tools/pokemon_animation -f gfx/pokemon/magcargo/front.animated.tilemap gfx/pokemon/magcargo/front.dimensions > gfx/pokemon/magcargo/frames.asm
tools/lzpcompress -- gfx/pokemon/swinub/front.animated.2bpp gfx/pokemon/swinub/front.animated.2bpp.lzp
tools/lzpcompress -- gfx/pokemon/swinub/back.2bpp gfx/pokemon/swinub/back.2bpp.lzp
tools/pokemon_animation -f gfx/pokemon/swinub/front.animated.tilemap gfx/pokemon/swinub/front.dimensions > gfx/pokemon/swinub/frames.asm
tools/lzpcompress -- gfx/pokemon/piloswine/front.animated.2bpp gfx/pokemon/piloswine/front.animated.2bpp.lzp
tools/lzpcompress -- gfx/pokemon/piloswine/back.2bpp gfx/pokemon/piloswine/back.2bpp.lzp
tools/pokemon_animation -f gfx/pokemon/piloswine/front.animated.tilemap gfx/pokemon/piloswine/front.dimensions > gfx/pokemon/piloswine/frames.asm
tools/lzpcompress -- gfx/pokemon/mamoswine/front.animated.2bpp gfx/pokemon/mamoswine/front.animated.2bpp.lzp
tools/lzpcompress -- gfx/pokemon/mamoswine/back.2bpp gfx/pokemon/mamoswine/back.2bpp.lzp
tools/pokemon_animation -f gfx/pokemon/mamoswine/front.animated.tilemap gfx/pokemon/mamoswine/front.dimensions > gfx/pokemon/mamoswine/frames.asm
tools/lzpcompress -- gfx/pokemon/remoraid/front.animated.2bpp gfx/pokemon/remoraid/front.animated.2bpp.lzp
tools/lzpcompress -- gfx/pokemon/remoraid/back.2bpp gfx/pokemon/remoraid/back.2bpp.lzp
tools/pokemon_animation -f gfx/pokemon/remoraid/front.animated.tilemap gfx/pokemon/remoraid/front.dimensions > gfx/pokemon/remoraid/frames.asm
tools/lzpcompress -- gfx/pokemon/octillery/front.animated.2bpp gfx/pokemon/octillery/front.animated.2bpp.lzp
tools/lzpcompress -- gfx/pokemon/octillery/back.2bpp gfx/pokemon/octillery/back.2bpp.lzp
tools/pokemon_animation -f gfx/pokemon/octillery/front.animated.tilemap gfx/pokemon/octillery/front.dimensions > gfx/pokemon/octillery/frames.asm
tools/lzpcompress -- gfx/pokemon/delibird/front.animated.2bpp gfx/pokemon/delibird/front.animated.2bpp.lzp
tools/lzpcompress -- gfx/pokemon/delibird/back.2bpp gfx/pokemon/delibird/back.2bpp.lzp
tools/pokemon_animation -f gfx/pokemon/delibird/front.animated.tilemap gfx/pokemon/delibird/front.dimensions > gfx/pokemon/delibird/frames.asm
tools/lzpcompress -- gfx/pokemon/mantine/front.animated.2bpp gfx/pokemon/mantine/front.animated.2bpp.lzp
tools/lzpcompress -- gfx/pokemon/mantine/back.2bpp gfx/pokemon/mantine/back.2bpp.lzp
tools/pokemon_animation -f gfx/pokemon/mantine/front.animated.tilemap gfx/pokemon/mantine/front.dimensions > gfx/pokemon/mantine/frames.asm
tools/lzpcompress -- gfx/pokemon/skarmory/front.animated.2bpp gfx/pokemon/skarmory/front.animated.2bpp.lzp
tools/lzpcompress -- gfx/pokemon/skarmory/back.2bpp gfx/pokemon/skarmory/back.2bpp.lzp
tools/pokemon_animation -f gfx/pokemon/skarmory/front.animated.tilemap gfx/pokemon/skarmory/front.dimensions > gfx/pokemon/skarmory/frames.asm
tools/lzpcompress -- gfx/pokemon/houndour/front.animated.2bpp gfx/pokemon/houndour/front.animated.2bpp.lzp
tools/lzpcompress -- gfx/pokemon/houndour/back.2bpp gfx/pokemon/houndour/back.2bpp.lzp
tools/pokemon_animation -f gfx/pokemon/houndour/front.animated.tilemap gfx/pokemon/houndour/front.dimensions > gfx/pokemon/houndour/frames.asm
tools/lzpcompress -- gfx/pokemon/houndoom/front.animated.2bpp gfx/pokemon/houndoom/front.animated.2bpp.lzp
tools/lzpcompress -- gfx/pokemon/houndoom/back.2bpp gfx/pokemon/houndoom/back.2bpp.lzp
tools/pokemon_animation -f gfx/pokemon/houndoom/front.animated.tilemap gfx/pokemon/houndoom/front.dimensions > gfx/pokemon/houndoom/frames.asm
tools/lzpcompress -- gfx/pokemon/kingdra/front.animated.2bpp gfx/pokemon/kingdra/front.animated.2bpp.lzp
tools/lzpcompress -- gfx/pokemon/kingdra/back.2bpp gfx/pokemon/kingdra/back.2bpp.lzp
tools/pokemon_animation -f gfx/pokemon/kingdra/front.animated.tilemap gfx/pokemon/kingdra/front.dimensions > gfx/pokemon/kingdra/frames.asm
tools/lzpcompress -- gfx/pokemon/phanpy/front.animated.2bpp gfx/pokemon/phanpy/front.animated.2bpp.lzp
tools/lzpcompress -- gfx/pokemon/phanpy/back.2bpp gfx/pokemon/phanpy/back.2bpp.lzp
tools/pokemon_animation -f gfx/pokemon/phanpy/front.animated.tilemap gfx/pokemon/phanpy/front.dimensions > gfx/pokemon/phanpy/frames.asm
tools/lzpcompress -- gfx/pokemon/donphan/front.animated.2bpp gfx/pokemon/donphan/front.animated.2bpp.lzp
tools/lzpcompress -- gfx/pokemon/donphan/back.2bpp gfx/pokemon/donphan/back.2bpp.lzp
tools/pokemon_animation -f gfx/pokemon/donphan/front.animated.tilemap gfx/pokemon/donphan/front.dimensions > gfx/pokemon/donphan/frames.asm
tools/lzpcompress -- gfx/pokemon/porygon2/front.animated.2bpp gfx/pokemon/porygon2/front.animated.2bpp.lzp
tools/lzpcompress -- gfx/pokemon/porygon2/back.2bpp gfx/pokemon/porygon2/back.2bpp.lzp
tools/pokemon_animation -f gfx/pokemon/porygon2/front.animated.tilemap gfx/pokemon/porygon2/front.dimensions > gfx/pokemon/porygon2/frames.asm
tools/lzpcompress -- gfx/pokemon/porygon_z/front.animated.2bpp gfx/pokemon/porygon_z/front.animated.2bpp.lzp
tools/lzpcompress -- gfx/pokemon/porygon_z/back.2bpp gfx/pokemon/porygon_z/back.2bpp.lzp
tools/pokemon_animation -f gfx/pokemon/porygon_z/front.animated.tilemap gfx/pokemon/porygon_z/front.dimensions > gfx/pokemon/porygon_z/frames.asm
tools/lzpcompress -- gfx/pokemon/smeargle/front.animated.2bpp gfx/pokemon/smeargle/front.animated.2bpp.lzp
tools/lzpcompress -- gfx/pokemon/smeargle/back.2bpp gfx/pokemon/smeargle/back.2bpp.lzp
tools/pokemon_animation -f gfx/pokemon/smeargle/front.animated.tilemap gfx/pokemon/smeargle/front.dimensions > gfx/pokemon/smeargle/frames.asm
tools/lzpcompress -- gfx/pokemon/tyrogue/front.animated.2bpp gfx/pokemon/tyrogue/front.animated.2bpp.lzp
tools/lzpcompress -- gfx/pokemon/tyrogue/back.2bpp gfx/pokemon/tyrogue/back.2bpp.lzp
tools/pokemon_animation -f gfx/pokemon/tyrogue/front.animated.tilemap gfx/pokemon/tyrogue/front.dimensions > gfx/pokemon/tyrogue/frames.asm
tools/lzpcompress -- gfx/pokemon/hitmontop/front.animated.2bpp gfx/pokemon/hitmontop/front.animated.2bpp.lzp
tools/lzpcompress -- gfx/pokemon/hitmontop/back.2bpp gfx/pokemon/hitmontop/back.2bpp.lzp
tools/pokemon_animation -f gfx/pokemon/hitmontop/front.animated.tilemap gfx/pokemon/hitmontop/front.dimensions > gfx/pokemon/hitmontop/frames.asm
tools/lzpcompress -- gfx/pokemon/elekid/front.animated.2bpp gfx/pokemon/elekid/front.animated.2bpp.lzp
tools/lzpcompress -- gfx/pokemon/elekid/back.2bpp gfx/pokemon/elekid/back.2bpp.lzp
tools/pokemon_animation -f gfx/pokemon/elekid/front.animated.tilemap gfx/pokemon/elekid/front.dimensions > gfx/pokemon/elekid/frames.asm
tools/lzpcompress -- gfx/pokemon/electivire/front.animated.2bpp gfx/pokemon/electivire/front.animated.2bpp.lzp
tools/lzpcompress -- gfx/pokemon/electivire/back.2bpp gfx/pokemon/electivire/back.2bpp.lzp
tools/pokemon_animation -f gfx/pokemon/electivire/front.animated.tilemap gfx/pokemon/electivire/front.dimensions > gfx/pokemon/electivire/frames.asm
tools/lzpcompress -- gfx/pokemon/magby/front.animated.2bpp gfx/pokemon/magby/front.animated.2bpp.lzp
tools/lzpcompress -- gfx/pokemon/magby/back.2bpp gfx/pokemon/magby/back.2bpp.lzp
tools/pokemon_animation -f gfx/pokemon/magby/front.animated.tilemap gfx/pokemon/magby/front.dimensions > gfx/pokemon/magby/frames.asm
tools/lzpcompress -- gfx/pokemon/magmortar/front.animated.2bpp gfx/pokemon/magmortar/front.animated.2bpp.lzp
tools/lzpcompress -- gfx/pokemon/magmortar/back.2bpp gfx/pokemon/magmortar/back.2bpp.lzp
tools/pokemon_animation -f gfx/pokemon/magmortar/front.animated.tilemap gfx/pokemon/magmortar/front.dimensions > gfx/pokemon/magmortar/frames.asm
tools/lzpcompress -- gfx/pokemon/miltank/front.animated.2bpp gfx/pokemon/miltank/front.animated.2bpp.lzp
tools/lzpcompress -- gfx/pokemon/miltank/back.2bpp gfx/pokemon/miltank/back.2bpp.lzp
tools/pokemon_animation -f gfx/pokemon/miltank/front.animated.tilemap gfx/pokemon/miltank/front.dimensions > gfx/pokemon/miltank/frames.asm
tools/lzpcompress -- gfx/pokemon/blissey/front.animated.2bpp gfx/pokemon/blissey/front.animated.2bpp.lzp
tools/lzpcompress -- gfx/pokemon/blissey/back.2bpp gfx/pokemon/blissey/back.2bpp.lzp
tools/pokemon_animation -f gfx/pokemon/blissey/front.animated.tilemap gfx/pokemon/blissey/front.dimensions > gfx/pokemon/blissey/frames.asm
tools/lzpcompress -- gfx/pokemon/raikou/front.animated.2bpp gfx/pokemon/raikou/front.animated.2bpp.lzp
tools/lzpcompress -- gfx/pokemon/raikou/back.2bpp gfx/pokemon/raikou/back.2bpp.lzp
tools/pokemon_animation -f gfx/pokemon/raikou/front.animated.tilemap gfx/pokemon/raikou/front.dimensions > gfx/pokemon/raikou/frames.asm
tools/lzpcompress -- gfx/pokemon/entei/front.animated.2bpp gfx/pokemon/entei/front.animated.2bpp.lzp
tools/lzpcompress -- gfx/pokemon/entei/back.2bpp gfx/pokemon/entei/back.2bpp.lzp
tools/pokemon_animation -f gfx/pokemon/entei/front.animated.tilemap gfx/pokemon/entei/front.dimensions > gfx/pokemon/entei/frames.asm
tools/lzpcompress -- gfx/pokemon/suicune/front.animated.2bpp gfx/pokemon/suicune/front.animated.2bpp.lzp
tools/lzpcompress -- gfx/pokemon/suicune/back.2bpp gfx/pokemon/suicune/back.2bpp.lzp
tools/pokemon_animation -f gfx/pokemon/suicune/front.animated.tilemap gfx/pokemon/suicune/front.dimensions > gfx/pokemon/suicune/frames.asm
tools/lzpcompress -- gfx/pokemon/larvitar/front.animated.2bpp gfx/pokemon/larvitar/front.animated.2bpp.lzp
tools/lzpcompress -- gfx/pokemon/larvitar/back.2bpp gfx/pokemon/larvitar/back.2bpp.lzp
tools/pokemon_animation -f gfx/pokemon/larvitar/front.animated.tilemap gfx/pokemon/larvitar/front.dimensions > gfx/pokemon/larvitar/frames.asm
tools/lzpcompress -- gfx/pokemon/pupitar/front.animated.2bpp gfx/pokemon/pupitar/front.animated.2bpp.lzp
tools/lzpcompress -- gfx/pokemon/pupitar/back.2bpp gfx/pokemon/pupitar/back.2bpp.lzp
tools/pokemon_animation -f gfx/pokemon/pupitar/front.animated.tilemap gfx/pokemon/pupitar/front.dimensions > gfx/pokemon/pupitar/frames.asm
tools/lzpcompress -- gfx/pokemon/tyranitar/front.animated.2bpp gfx/pokemon/tyranitar/front.animated.2bpp.lzp
tools/lzpcompress -- gfx/pokemon/tyranitar/back.2bpp gfx/pokemon/tyranitar/back.2bpp.lzp
tools/pokemon_animation -f gfx/pokemon/tyranitar/front.animated.tilemap gfx/pokemon/tyranitar/front.dimensions > gfx/pokemon/tyranitar/frames.asm
tools/lzpcompress -- gfx/pokemon/lugia/front.animated.2bpp gfx/pokemon/lugia/front.animated.2bpp.lzp
tools/lzpcompress -- gfx/pokemon/lugia/back.2bpp gfx/pokemon/lugia/back.2bpp.lzp
tools/pokemon_animation -f gfx/pokemon/lugia/front.animated.tilemap gfx/pokemon/lugia/front.dimensions > gfx/pokemon/lugia/frames.asm
tools/lzpcompress -- gfx/pokemon/ho_oh/front.animated.2bpp gfx/pokemon/ho_oh/front.animated.2bpp.lzp
tools/lzpcompress -- gfx/pokemon/ho_oh/back.2bpp gfx/pokemon/ho_oh/back.2bpp.lzp
tools/pokemon_animation -f gfx/pokemon/ho_oh/front.animated.tilemap gfx/pokemon/ho_oh/front.dimensions > gfx/pokemon/ho_oh/frames.asm
tools/lzpcompress -- gfx/pokemon/spearow/front.animated.2bpp gfx/pokemon/spearow/front.animated.2bpp.lzp
tools/lzpcompress -- gfx/pokemon/spearow/back.2bpp gfx/pokemon/spearow/back.2bpp.lzp
tools/pokemon_animation -f gfx/pokemon/spearow/front.animated.tilemap gfx/pokemon/spearow/front.dimensions > gfx/pokemon/spearow/frames.asm
tools/lzpcompress -- gfx/pokemon/fearow/front.animated.2bpp gfx/pokemon/fearow/front.animated.2bpp.lzp
tools/lzpcompress -- gfx/pokemon/fearow/back.2bpp gfx/pokemon/fearow/back.2bpp.lzp
tools/pokemon_animation -f gfx/pokemon/fearow/front.animated.tilemap gfx/pokemon/fearow/front.dimensions > gfx/pokemon/fearow/frames.asm
tools/lzpcompress -- gfx/pokemon/goldeen/front.animated.2bpp gfx/pokemon/goldeen/front.animated.2bpp.lzp
tools/lzpcompress -- gfx/pokemon/goldeen/back.2bpp gfx/pokemon/goldeen/back.2bpp.lzp
tools/pokemon_animation -f gfx/pokemon/goldeen/front.animated.tilemap gfx/pokemon/goldeen/front.dimensions > gfx/pokemon/goldeen/frames.asm
tools/lzpcompress -- gfx/pokemon/seaking/front.animated.2bpp gfx/pokemon/seaking/front.animated.2bpp.lzp
tools/lzpcompress -- gfx/pokemon/seaking/back.2bpp gfx/pokemon/seaking/back.2bpp.lzp
tools/pokemon_animation -f gfx/pokemon/seaking/front.animated.tilemap gfx/pokemon/seaking/front.dimensions > gfx/pokemon/seaking/frames.asm
tools/lzpcompress -- gfx/pokemon/igglybuff/front.animated.2bpp gfx/pokemon/igglybuff/front.animated.2bpp.lzp
tools/lzpcompress -- gfx/pokemon/igglybuff/back.2bpp gfx/pokemon/igglybuff/back.2bpp.lzp
tools/pokemon_animation -f gfx/pokemon/igglybuff/front.animated.tilemap gfx/pokemon/igglybuff/front.dimensions > gfx/pokemon/igglybuff/frames.asm
tools/lzpcompress -- gfx/pokemon/hoppip/front.animated.2bpp gfx/pokemon/hoppip/front.animated.2bpp.lzp
tools/lzpcompress -- gfx/pokemon/hoppip/back.2bpp gfx/pokemon/hoppip/back.2bpp.lzp
tools/pokemon_animation -f gfx/pokemon/hoppip/front.animated.tilemap gfx/pokemon/hoppip/front.dimensions > gfx/pokemon/hoppip/frames.asm
tools/lzpcompress -- gfx/pokemon/skiploom/front.animated.2bpp gfx/pokemon/skiploom/front.animated.2bpp.lzp
tools/lzpcompress -- gfx/pokemon/skiploom/back.2bpp gfx/pokemon/skiploom/back.2bpp.lzp
tools/pokemon_animation -f gfx/pokemon/skiploom/front.animated.tilemap gfx/pokemon/skiploom/front.dimensions > gfx/pokemon/skiploom/frames.asm
tools/lzpcompress -- gfx/pokemon/jumpluff/front.animated.2bpp gfx/pokemon/jumpluff/front.animated.2bpp.lzp
tools/lzpcompress -- gfx/pokemon/jumpluff/back.2bpp gfx/pokemon/jumpluff/back.2bpp.lzp
tools/pokemon_animation -f gfx/pokemon/jumpluff/front.animated.tilemap gfx/pokemon/jumpluff/front.dimensions > gfx/pokemon/jumpluff/frames.asm
tools/lzpcompress -- gfx/pokemon/aipom/front.animated.2bpp gfx/pokemon/aipom/front.animated.2bpp.lzp
tools/lzpcompress -- gfx/pokemon/aipom/back.2bpp gfx/pokemon/aipom/back.2bpp.lzp
tools/pokemon_animation -f gfx/pokemon/aipom/front.animated.tilemap gfx/pokemon/aipom/front.dimensions > gfx/pokemon/aipom/frames.asm
tools/lzpcompress -- gfx/pokemon/stantler/front.animated.2bpp gfx/pokemon/stantler/front.animated.2bpp.lzp
tools/lzpcompress -- gfx/pokemon/stantler/back.2bpp gfx/pokemon/stantler/back.2bpp.lzp
tools/pokemon_animation -f gfx/pokemon/stantler/front.animated.tilemap gfx/pokemon/stantler/front.dimensions > gfx/pokemon/stantler/frames.asm
tools/lzpcompress -- gfx/pokemon/smoochum/front.animated.2bpp gfx/pokemon/smoochum/front.animated.2bpp.lzp
tools/lzpcompress -- gfx/pokemon/smoochum/back.2bpp gfx/pokemon/smoochum/back.2bpp.lzp
tools/pokemon_animation -f gfx/pokemon/smoochum/front.animated.tilemap gfx/pokemon/smoochum/front.dimensions > gfx/pokemon/smoochum/frames.asm
tools/lzpcompress -- gfx/pokemon/celebi/front.animated.2bpp gfx/pokemon/celebi/front.animated.2bpp.lzp
tools/lzpcompress -- gfx/pokemon/celebi/back.2bpp gfx/pokemon/celebi/back.2bpp.lzp
tools/pokemon_animation -f gfx/pokemon/celebi/front.animated.tilemap gfx/pokemon/celebi/front.dimensions > gfx/pokemon/celebi/frames.asm
tools/lzpcompress -- gfx/pokemon/azurill/front.animated.2bpp gfx/pokemon/azurill/front.animated.2bpp.lzp
tools/lzpcompress -- gfx/pokemon/azurill/back.2bpp gfx/pokemon/azurill/back.2bpp.lzp
tools/pokemon_animation -f gfx/pokemon/azurill/front.animated.tilemap gfx/pokemon/azurill/front.dimensions > gfx/pokemon/azurill/frames.asm
tools/lzpcompress -- gfx/pokemon/wynaut/front.animated.2bpp gfx/pokemon/wynaut/front.animated.2bpp.lzp
tools/lzpcompress -- gfx/pokemon/wynaut/back.2bpp gfx/pokemon/wynaut/back.2bpp.lzp
tools/pokemon_animation -f gfx/pokemon/wynaut/front.animated.tilemap gfx/pokemon/wynaut/front.dimensions > gfx/pokemon/wynaut/frames.asm
tools/lzpcompress -- gfx/pokemon/ambipom/front.animated.2bpp gfx/pokemon/ambipom/front.animated.2bpp.lzp
tools/lzpcompress -- gfx/pokemon/ambipom/back.2bpp gfx/pokemon/ambipom/back.2bpp.lzp
tools/pokemon_animation -f gfx/pokemon/ambipom/front.animated.tilemap gfx/pokemon/ambipom/front.dimensions > gfx/pokemon/ambipom/frames.asm
tools/lzpcompress -- gfx/pokemon/bonsly/front.animated.2bpp gfx/pokemon/bonsly/front.animated.2bpp.lzp
tools/lzpcompress -- gfx/pokemon/bonsly/back.2bpp gfx/pokemon/bonsly/back.2bpp.lzp
tools/pokemon_animation -f gfx/pokemon/bonsly/front.animated.tilemap gfx/pokemon/bonsly/front.dimensions > gfx/pokemon/bonsly/frames.asm
tools/lzpcompress -- gfx/pokemon/happiny/front.animated.2bpp gfx/pokemon/happiny/front.animated.2bpp.lzp
tools/lzpcompress -- gfx/pokemon/happiny/back.2bpp gfx/pokemon/happiny/back.2bpp.lzp
tools/pokemon_animation -f gfx/pokemon/happiny/front.animated.tilemap gfx/pokemon/happiny/front.dimensions > gfx/pokemon/happiny/frames.asm
tools/lzpcompress -- gfx/pokemon/mantyke/front.animated.2bpp gfx/pokemon/mantyke/front.animated.2bpp.lzp
tools/lzpcompress -- gfx/pokemon/mantyke/back.2bpp gfx/pokemon/mantyke/back.2bpp.lzp
tools/pokemon_animation -f gfx/pokemon/mantyke/front.animated.tilemap gfx/pokemon/mantyke/front.dimensions > gfx/pokemon/mantyke/frames.asm
tools/lzpcompress -- gfx/pokemon/lickilicky/front.animated.2bpp gfx/pokemon/lickilicky/front.animated.2bpp.lzp
tools/lzpcompress -- gfx/pokemon/lickilicky/back.2bpp gfx/pokemon/lickilicky/back.2bpp.lzp
tools/pokemon_animation -f gfx/pokemon/lickilicky/front.animated.tilemap gfx/pokemon/lickilicky/front.dimensions > gfx/pokemon/lickilicky/frames.asm
tools/lzpcompress -- gfx/pokemon/leafeon/front.animated.2bpp gfx/pokemon/leafeon/front.animated.2bpp.lzp
tools/lzpcompress -- gfx/pokemon/leafeon/back.2bpp gfx/pokemon/leafeon/back.2bpp.lzp
tools/pokemon_animation -f gfx/pokemon/leafeon/front.animated.tilemap gfx/pokemon/leafeon/front.dimensions > gfx/pokemon/leafeon/frames.asm
tools/lzpcompress -- gfx/pokemon/glaceon/front.animated.2bpp gfx/pokemon/glaceon/front.animated.2bpp.lzp
tools/lzpcompress -- gfx/pokemon/glaceon/back.2bpp gfx/pokemon/glaceon/back.2bpp.lzp
tools/pokemon_animation -f gfx/pokemon/glaceon/front.animated.tilemap gfx/pokemon/glaceon/front.dimensions > gfx/pokemon/glaceon/frames.asm
tools/lzpcompress -- gfx/pokemon/sylveon/front.animated.2bpp gfx/pokemon/sylveon/front.animated.2bpp.lzp
tools/lzpcompress -- gfx/pokemon/sylveon/back.2bpp gfx/pokemon/sylveon/back.2bpp.lzp
tools/pokemon_animation -f gfx/pokemon/sylveon/front.animated.tilemap gfx/pokemon/sylveon/front.dimensions > gfx/pokemon/sylveon/frames.asm
tools/lzpcompress -- gfx/pokemon/wyrdeer/front.animated.2bpp gfx/pokemon/wyrdeer/front.animated.2bpp.lzp
tools/lzpcompress -- gfx/pokemon/wyrdeer/back.2bpp gfx/pokemon/wyrdeer/back.2bpp.lzp
tools/pokemon_animation -f gfx/pokemon/wyrdeer/front.animated.tilemap gfx/pokemon/wyrdeer/front.dimensions > gfx/pokemon/wyrdeer/frames.asm
tools/lzpcompress -- gfx/pokemon/kleavor/front.animated.2bpp gfx/pokemon/kleavor/front.animated.2bpp.lzp
tools/lzpcompress -- gfx/pokemon/kleavor/back.2bpp gfx/pokemon/kleavor/back.2bpp.lzp
tools/pokemon_animation -f gfx/pokemon/kleavor/front.animated.tilemap gfx/pokemon/kleavor/front.dimensions > gfx/pokemon/kleavor/frames.asm
tools/lzpcompress -- gfx/pokemon/ursaluna_plain/front.animated.2bpp gfx/pokemon/ursaluna_plain/front.animated.2bpp.lzp
tools/lzpcompress -- gfx/pokemon/ursaluna_plain/back.2bpp gfx/pokemon/ursaluna_plain/back.2bpp.lzp
tools/pokemon_animation -f gfx/pokemon/ursaluna_plain/front.animated.tilemap gfx/pokemon/ursaluna_plain/front.dimensions > gfx/pokemon/ursaluna_plain/frames.asm
tools/lzpcompress -- gfx/pokemon/ursaluna_bloodmoon/front.animated.2bpp gfx/pokemon/ursaluna_bloodmoon/front.animated.2bpp.lzp
tools/lzpcompress -- gfx/pokemon/ursaluna_bloodmoon/back.2bpp gfx/pokemon/ursaluna_bloodmoon/back.2bpp.lzp
tools/pokemon_animation -f gfx/pokemon/ursaluna_bloodmoon/front.animated.tilemap gfx/pokemon/ursaluna_bloodmoon/front.dimensions > gfx/pokemon/ursaluna_bloodmoon/frames.asm
tools/lzpcompress -- gfx/pokemon/egg/front.animated.2bpp gfx/pokemon/egg/front.animated.2bpp.lzp
tools/pokemon_animation -f gfx/pokemon/egg/front.animated.tilemap gfx/pokemon/egg/front.dimensions > gfx/pokemon/egg/frames.asm
tools/lzpcompress -- gfx/pokemon/unown_a/front.animated.2bpp gfx/pokemon/unown_a/front.animated.2bpp.lzp
tools/lzpcompress -- gfx/pokemon/unown_a/back.2bpp gfx/pokemon/unown_a/back.2bpp.lzp
tools/pokemon_animation -f gfx/pokemon/unown_a/front.animated.tilemap gfx/pokemon/unown_a/front.dimensions > gfx/pokemon/unown_a/frames.asm
tools/lzpcompress -- gfx/pokemon/unown_b/front.animated.2bpp gfx/pokemon/unown_b/front.animated.2bpp.lzp
tools/lzpcompress -- gfx/pokemon/unown_b/back.2bpp gfx/pokemon/unown_b/back.2bpp.lzp
tools/pokemon_animation -f gfx/pokemon/unown_b/front.animated.tilemap gfx/pokemon/unown_b/front.dimensions > gfx/pokemon/unown_b/frames.asm
tools/lzpcompress -- gfx/pokemon/unown_c/front.animated.2bpp gfx/pokemon/unown_c/front.animated.2bpp.lzp
tools/lzpcompress -- gfx/pokemon/unown_c/back.2bpp gfx/pokemon/unown_c/back.2bpp.lzp
tools/pokemon_animation -f gfx/pokemon/unown_c/front.animated.tilemap gfx/pokemon/unown_c/front.dimensions > gfx/pokemon/unown_c/frames.asm
tools/lzpcompress -- gfx/pokemon/unown_d/front.animated.2bpp gfx/pokemon/unown_d/front.animated.2bpp.lzp
tools/lzpcompress -- gfx/pokemon/unown_d/back.2bpp gfx/pokemon/unown_d/back.2bpp.lzp
tools/pokemon_animation -f gfx/pokemon/unown_d/front.animated.tilemap gfx/pokemon/unown_d/front.dimensions > gfx/pokemon/unown_d/frames.asm
tools/lzpcompress -- gfx/pokemon/unown_e/front.animated.2bpp gfx/pokemon/unown_e/front.animated.2bpp.lzp
tools/lzpcompress -- gfx/pokemon/unown_e/back.2bpp gfx/pokemon/unown_e/back.2bpp.lzp
tools/pokemon_animation -f gfx/pokemon/unown_e/front.animated.tilemap gfx/pokemon/unown_e/front.dimensions > gfx/pokemon/unown_e/frames.asm
tools/lzpcompress -- gfx/pokemon/unown_f/front.animated.2bpp gfx/pokemon/unown_f/front.animated.2bpp.lzp
tools/lzpcompress -- gfx/pokemon/unown_f/back.2bpp gfx/pokemon/unown_f/back.2bpp.lzp
tools/pokemon_animation -f gfx/pokemon/unown_f/front.animated.tilemap gfx/pokemon/unown_f/front.dimensions > gfx/pokemon/unown_f/frames.asm
tools/lzpcompress -- gfx/pokemon/unown_g/front.animated.2bpp gfx/pokemon/unown_g/front.animated.2bpp.lzp
tools/lzpcompress -- gfx/pokemon/unown_g/back.2bpp gfx/pokemon/unown_g/back.2bpp.lzp
tools/pokemon_animation -f gfx/pokemon/unown_g/front.animated.tilemap gfx/pokemon/unown_g/front.dimensions > gfx/pokemon/unown_g/frames.asm
tools/lzpcompress -- gfx/pokemon/unown_h/front.animated.2bpp gfx/pokemon/unown_h/front.animated.2bpp.lzp
tools/lzpcompress -- gfx/pokemon/unown_h/back.2bpp gfx/pokemon/unown_h/back.2bpp.lzp
tools/pokemon_animation -f gfx/pokemon/unown_h/front.animated.tilemap gfx/pokemon/unown_h/front.dimensions > gfx/pokemon/unown_h/frames.asm
tools/lzpcompress -- gfx/pokemon/unown_i/front.animated.2bpp gfx/pokemon/unown_i/front.animated.2bpp.lzp
tools/lzpcompress -- gfx/pokemon/unown_i/back.2bpp gfx/pokemon/unown_i/back.2bpp.lzp
tools/pokemon_animation -f gfx/pokemon/unown_i/front.animated.tilemap gfx/pokemon/unown_i/front.dimensions > gfx/pokemon/unown_i/frames.asm
tools/lzpcompress -- gfx/pokemon/unown_j/front.animated.2bpp gfx/pokemon/unown_j/front.animated.2bpp.lzp
tools/lzpcompress -- gfx/pokemon/unown_j/back.2bpp gfx/pokemon/unown_j/back.2bpp.lzp
tools/pokemon_animation -f gfx/pokemon/unown_j/front.animated.tilemap gfx/pokemon/unown_j/front.dimensions > gfx/pokemon/unown_j/frames.asm
tools/lzpcompress -- gfx/pokemon/unown_k/front.animated.2bpp gfx/pokemon/unown_k/front.animated.2bpp.lzp
tools/lzpcompress -- gfx/pokemon/unown_k/back.2bpp gfx/pokemon/unown_k/back.2bpp.lzp
tools/pokemon_animation -f gfx/pokemon/unown_k/front.animated.tilemap gfx/pokemon/unown_k/front.dimensions > gfx/pokemon/unown_k/frames.asm
tools/lzpcompress -- gfx/pokemon/unown_l/front.animated.2bpp gfx/pokemon/unown_l/front.animated.2bpp.lzp
tools/lzpcompress -- gfx/pokemon/unown_l/back.2bpp gfx/pokemon/unown_l/back.2bpp.lzp
tools/pokemon_animation -f gfx/pokemon/unown_l/front.animated.tilemap gfx/pokemon/unown_l/front.dimensions > gfx/pokemon/unown_l/frames.asm
tools/lzpcompress -- gfx/pokemon/unown_m/front.animated.2bpp gfx/pokemon/unown_m/front.animated.2bpp.lzp
tools/lzpcompress -- gfx/pokemon/unown_m/back.2bpp gfx/pokemon/unown_m/back.2bpp.lzp
tools/pokemon_animation -f gfx/pokemon/unown_m/front.animated.tilemap gfx/pokemon/unown_m/front.dimensions > gfx/pokemon/unown_m/frames.asm
tools/lzpcompress -- gfx/pokemon/unown_n/front.animated.2bpp gfx/pokemon/unown_n/front.animated.2bpp.lzp
tools/lzpcompress -- gfx/pokemon/unown_n/back.2bpp gfx/pokemon/unown_n/back.2bpp.lzp
tools/pokemon_animation -f gfx/pokemon/unown_n/front.animated.tilemap gfx/pokemon/unown_n/front.dimensions > gfx/pokemon/unown_n/frames.asm
tools/lzpcompress -- gfx/pokemon/unown_o/front.animated.2bpp gfx/pokemon/unown_o/front.animated.2bpp.lzp
tools/lzpcompress -- gfx/pokemon/unown_o/back.2bpp gfx/pokemon/unown_o/back.2bpp.lzp
tools/pokemon_animation -f gfx/pokemon/unown_o/front.animated.tilemap gfx/pokemon/unown_o/front.dimensions > gfx/pokemon/unown_o/frames.asm
tools/lzpcompress -- gfx/pokemon/unown_p/front.animated.2bpp gfx/pokemon/unown_p/front.animated.2bpp.lzp
tools/lzpcompress -- gfx/pokemon/unown_p/back.2bpp gfx/pokemon/unown_p/back.2bpp.lzp
tools/pokemon_animation -f gfx/pokemon/unown_p/front.animated.tilemap gfx/pokemon/unown_p/front.dimensions > gfx/pokemon/unown_p/frames.asm
tools/lzpcompress -- gfx/pokemon/unown_q/front.animated.2bpp gfx/pokemon/unown_q/front.animated.2bpp.lzp
tools/lzpcompress -- gfx/pokemon/unown_q/back.2bpp gfx/pokemon/unown_q/back.2bpp.lzp
tools/pokemon_animation -f gfx/pokemon/unown_q/front.animated.tilemap gfx/pokemon/unown_q/front.dimensions > gfx/pokemon/unown_q/frames.asm
tools/lzpcompress -- gfx/pokemon/unown_r/front.animated.2bpp gfx/pokemon/unown_r/front.animated.2bpp.lzp
tools/lzpcompress -- gfx/pokemon/unown_r/back.2bpp gfx/pokemon/unown_r/back.2bpp.lzp
tools/pokemon_animation -f gfx/pokemon/unown_r/front.animated.tilemap gfx/pokemon/unown_r/front.dimensions > gfx/pokemon/unown_r/frames.asm
tools/lzpcompress -- gfx/pokemon/unown_s/front.animated.2bpp gfx/pokemon/unown_s/front.animated.2bpp.lzp
tools/lzpcompress -- gfx/pokemon/unown_s/back.2bpp gfx/pokemon/unown_s/back.2bpp.lzp
tools/pokemon_animation -f gfx/pokemon/unown_s/front.animated.tilemap gfx/pokemon/unown_s/front.dimensions > gfx/pokemon/unown_s/frames.asm
tools/lzpcompress -- gfx/pokemon/unown_t/front.animated.2bpp gfx/pokemon/unown_t/front.animated.2bpp.lzp
tools/lzpcompress -- gfx/pokemon/unown_t/back.2bpp gfx/pokemon/unown_t/back.2bpp.lzp
tools/pokemon_animation -f gfx/pokemon/unown_t/front.animated.tilemap gfx/pokemon/unown_t/front.dimensions > gfx/pokemon/unown_t/frames.asm
tools/lzpcompress -- gfx/pokemon/unown_u/front.animated.2bpp gfx/pokemon/unown_u/front.animated.2bpp.lzp
tools/lzpcompress -- gfx/pokemon/unown_u/back.2bpp gfx/pokemon/unown_u/back.2bpp.lzp
tools/pokemon_animation -f gfx/pokemon/unown_u/front.animated.tilemap gfx/pokemon/unown_u/front.dimensions > gfx/pokemon/unown_u/frames.asm
tools/lzpcompress -- gfx/pokemon/unown_v/front.animated.2bpp gfx/pokemon/unown_v/front.animated.2bpp.lzp
tools/lzpcompress -- gfx/pokemon/unown_v/back.2bpp gfx/pokemon/unown_v/back.2bpp.lzp
tools/pokemon_animation -f gfx/pokemon/unown_v/front.animated.tilemap gfx/pokemon/unown_v/front.dimensions > gfx/pokemon/unown_v/frames.asm
tools/lzpcompress -- gfx/pokemon/unown_w/front.animated.2bpp gfx/pokemon/unown_w/front.animated.2bpp.lzp
tools/lzpcompress -- gfx/pokemon/unown_w/back.2bpp gfx/pokemon/unown_w/back.2bpp.lzp
tools/pokemon_animation -f gfx/pokemon/unown_w/front.animated.tilemap gfx/pokemon/unown_w/front.dimensions > gfx/pokemon/unown_w/frames.asm
tools/lzpcompress -- gfx/pokemon/unown_x/front.animated.2bpp gfx/pokemon/unown_x/front.animated.2bpp.lzp
tools/lzpcompress -- gfx/pokemon/unown_x/back.2bpp gfx/pokemon/unown_x/back.2bpp.lzp
tools/pokemon_animation -f gfx/pokemon/unown_x/front.animated.tilemap gfx/pokemon/unown_x/front.dimensions > gfx/pokemon/unown_x/frames.asm
tools/lzpcompress -- gfx/pokemon/unown_y/front.animated.2bpp gfx/pokemon/unown_y/front.animated.2bpp.lzp
tools/lzpcompress -- gfx/pokemon/unown_y/back.2bpp gfx/pokemon/unown_y/back.2bpp.lzp
tools/pokemon_animation -f gfx/pokemon/unown_y/front.animated.tilemap gfx/pokemon/unown_y/front.dimensions > gfx/pokemon/unown_y/frames.asm
tools/lzpcompress -- gfx/pokemon/unown_z/front.animated.2bpp gfx/pokemon/unown_z/front.animated.2bpp.lzp
tools/lzpcompress -- gfx/pokemon/unown_z/back.2bpp gfx/pokemon/unown_z/back.2bpp.lzp
tools/pokemon_animation -f gfx/pokemon/unown_z/front.animated.tilemap gfx/pokemon/unown_z/front.dimensions > gfx/pokemon/unown_z/frames.asm
tools/lzpcompress -- gfx/pokemon/unown_exclamation/front.animated.2bpp gfx/pokemon/unown_exclamation/front.animated.2bpp.lzp
tools/lzpcompress -- gfx/pokemon/unown_exclamation/back.2bpp gfx/pokemon/unown_exclamation/back.2bpp.lzp
tools/pokemon_animation -f gfx/pokemon/unown_exclamation/front.animated.tilemap gfx/pokemon/unown_exclamation/front.dimensions > gfx/pokemon/unown_exclamation/frames.asm
tools/lzpcompress -- gfx/pokemon/unown_question/front.animated.2bpp gfx/pokemon/unown_question/front.animated.2bpp.lzp
tools/lzpcompress -- gfx/pokemon/unown_question/back.2bpp gfx/pokemon/unown_question/back.2bpp.lzp
tools/pokemon_animation -f gfx/pokemon/unown_question/front.animated.tilemap gfx/pokemon/unown_question/front.dimensions > gfx/pokemon/unown_question/frames.asm
tools/lzpcompress -- gfx/pokemon/pikachu_plain/front.animated.2bpp gfx/pokemon/pikachu_plain/front.animated.2bpp.lzp
tools/lzpcompress -- gfx/pokemon/pikachu_surf/front.animated.2bpp gfx/pokemon/pikachu_surf/front.animated.2bpp.lzp
tools/lzpcompress -- gfx/pokemon/pikachu_pika/front.animated.2bpp gfx/pokemon/pikachu_pika/front.animated.2bpp.lzp
tools/lzpcompress -- gfx/pokemon/pikachu_spark/front.animated.2bpp gfx/pokemon/pikachu_spark/front.animated.2bpp.lzp
tools/lzpcompress -- gfx/pokemon/pikachu_plain/back.2bpp gfx/pokemon/pikachu_plain/back.2bpp.lzp
tools/pokemon_animation -f gfx/pokemon/pikachu_plain/front.animated.tilemap gfx/pokemon/pikachu_plain/front.dimensions > gfx/pokemon/pikachu_plain/frames.asm
tools/pokemon_animation -f gfx/pokemon/pikachu_surf/front.animated.tilemap gfx/pokemon/pikachu_surf/front.dimensions > gfx/pokemon/pikachu_surf/frames.asm
tools/pokemon_animation -f gfx/pokemon/pikachu_pika/front.animated.tilemap gfx/pokemon/pikachu_pika/front.dimensions > gfx/pokemon/pikachu_pika/frames.asm
tools/pokemon_animation -f gfx/pokemon/pikachu_spark/front.animated.tilemap gfx/pokemon/pikachu_spark/front.dimensions > gfx/pokemon/pikachu_spark/frames.asm
tools/lzpcompress -- gfx/pokemon/pikachu_fly/front.animated.2bpp gfx/pokemon/pikachu_fly/front.animated.2bpp.lzp
tools/lzpcompress -- gfx/pokemon/pikachu_fly/back.2bpp gfx/pokemon/pikachu_fly/back.2bpp.lzp
tools/pokemon_animation -f gfx/pokemon/pikachu_fly/front.animated.tilemap gfx/pokemon/pikachu_fly/front.dimensions > gfx/pokemon/pikachu_fly/frames.asm
tools/lzpcompress -- gfx/pokemon/pikachu_chuchu/front.animated.2bpp gfx/pokemon/pikachu_chuchu/front.animated.2bpp.lzp
tools/lzpcompress -- gfx/pokemon/pikachu_chuchu/back.2bpp gfx/pokemon/pikachu_chuchu/back.2bpp.lzp
tools/pokemon_animation -f gfx/pokemon/pikachu_chuchu/front.animated.tilemap gfx/pokemon/pikachu_chuchu/front.dimensions > gfx/pokemon/pikachu_chuchu/frames.asm
tools/lzpcompress -- gfx/pokemon/pichu_plain/front.animated.2bpp gfx/pokemon/pichu_plain/front.animated.2bpp.lzp
tools/lzpcompress -- gfx/pokemon/pichu_plain/back.2bpp gfx/pokemon/pichu_plain/back.2bpp.lzp
tools/pokemon_animation -f gfx/pokemon/pichu_plain/front.animated.tilemap gfx/pokemon/pichu_plain/front.dimensions > gfx/pokemon/pichu_plain/frames.asm
tools/lzpcompress -- gfx/pokemon/pichu_spiky/front.animated.2bpp gfx/pokemon/pichu_spiky/front.animated.2bpp.lzp
tools/lzpcompress -- gfx/pokemon/pichu_spiky/back.2bpp gfx/pokemon/pichu_spiky/back.2bpp.lzp
tools/pokemon_animation -f gfx/pokemon/pichu_spiky/front.animated.tilemap gfx/pokemon/pichu_spiky/front.dimensions > gfx/pokemon/pichu_spiky/frames.asm
tools/lzpcompress -- gfx/pokemon/arbok_johto/front.animated.2bpp gfx/pokemon/arbok_johto/front.animated.2bpp.lzp
tools/lzpcompress -- gfx/pokemon/arbok_kanto/front.animated.2bpp gfx/pokemon/arbok_kanto/front.animated.2bpp.lzp
tools/lzpcompress -- gfx/pokemon/arbok_orange/front.animated.2bpp gfx/pokemon/arbok_orange/front.animated.2bpp.lzp
tools/lzpcompress -- gfx/pokemon/arbok_koga/front.animated.2bpp gfx/pokemon/arbok_koga/front.animated.2bpp.lzp
tools/lzpcompress -- gfx/pokemon/arbok_agatha/front.animated.2bpp gfx/pokemon/arbok_agatha/front.animated.2bpp.lzp
tools/lzpcompress -- gfx/pokemon/arbok_ariana/front.animated.2bpp gfx/pokemon/arbok_ariana/front.animated.2bpp.lzp
tools/lzpcompress -- gfx/pokemon/arbok/back.2bpp gfx/pokemon/arbok/back.2bpp.lzp
tools/pokemon_animation -f gfx/pokemon/arbok_johto/front.animated.tilemap gfx/pokemon/arbok_johto/front.dimensions > gfx/pokemon/arbok_johto/frames.asm
tools/pokemon_animation -f gfx/pokemon/arbok_kanto/front.animated.tilemap gfx/pokemon/arbok_kanto/front.dimensions > gfx/pokemon/arbok_kanto/frames.asm
tools/pokemon_animation -f gfx/pokemon/arbok_orange/front.animated.tilemap gfx/pokemon/arbok_orange/front.dimensions > gfx/pokemon/arbok_orange/frames.asm
tools/pokemon_animation -f gfx/pokemon/arbok_koga/front.animated.tilemap gfx/pokemon/arbok_koga/front.dimensions > gfx/pokemon/arbok_koga/frames.asm
tools/pokemon_animation -f gfx/pokemon/arbok_agatha/front.animated.tilemap gfx/pokemon/arbok_agatha/front.dimensions > gfx/pokemon/arbok_agatha/frames.asm
tools/pokemon_animation -f gfx/pokemon/arbok_ariana/front.animated.tilemap gfx/pokemon/arbok_ariana/front.dimensions > gfx/pokemon/arbok_ariana/frames.asm
tools/lzpcompress -- gfx/pokemon/magikarp_plain/front.animated.2bpp gfx/pokemon/magikarp_plain/front.animated.2bpp.lzp
tools/lzpcompress -- gfx/pokemon/magikarp_plain/back.2bpp gfx/pokemon/magikarp_plain/back.2bpp.lzp
tools/pokemon_animation -f gfx/pokemon/magikarp_plain/front.animated.tilemap gfx/pokemon/magikarp_plain/front.dimensions > gfx/pokemon/magikarp_plain/frames.asm
tools/lzpcompress -- gfx/pokemon/magikarp_skelly/front.animated.2bpp gfx/pokemon/magikarp_skelly/front.animated.2bpp.lzp
tools/lzpcompress -- gfx/pokemon/magikarp_skelly/back.2bpp gfx/pokemon/magikarp_skelly/back.2bpp.lzp
tools/pokemon_animation -f gfx/pokemon/magikarp_skelly/front.animated.tilemap gfx/pokemon/magikarp_skelly/front.dimensions > gfx/pokemon/magikarp_skelly/frames.asm
tools/lzpcompress -- gfx/pokemon/magikarp_calico1/front.animated.2bpp gfx/pokemon/magikarp_calico1/front.animated.2bpp.lzp
tools/lzpcompress -- gfx/pokemon/magikarp_calico1/back.2bpp gfx/pokemon/magikarp_calico1/back.2bpp.lzp
tools/pokemon_animation -f gfx/pokemon/magikarp_calico1/front.animated.tilemap gfx/pokemon/magikarp_calico1/front.dimensions > gfx/pokemon/magikarp_calico1/frames.asm
tools/lzpcompress -- gfx/pokemon/magikarp_calico2/front.animated.2bpp gfx/pokemon/magikarp_calico2/front.animated.2bpp.lzp
tools/lzpcompress -- gfx/pokemon/magikarp_calico2/back.2bpp gfx/pokemon/magikarp_calico2/back.2bpp.lzp
tools/pokemon_animation -f gfx/pokemon/magikarp_calico2/front.animated.tilemap gfx/pokemon/magikarp_calico2/front.dimensions > gfx/pokemon/magikarp_calico2/frames.asm
tools/lzpcompress -- gfx/pokemon/magikarp_calico3/front.animated.2bpp gfx/pokemon/magikarp_calico3/front.animated.2bpp.lzp
tools/lzpcompress -- gfx/pokemon/magikarp_calico3/back.2bpp gfx/pokemon/magikarp_calico3/back.2bpp.lzp
tools/pokemon_animation -f gfx/pokemon/magikarp_calico3/front.animated.tilemap gfx/pokemon/magikarp_calico3/front.dimensions > gfx/pokemon/magikarp_calico3/frames.asm
tools/lzpcompress -- gfx/pokemon/magikarp_twotone/front.animated.2bpp gfx/pokemon/magikarp_twotone/front.animated.2bpp.lzp
tools/lzpcompress -- gfx/pokemon/magikarp_twotone/back.2bpp gfx/pokemon/magikarp_twotone/back.2bpp.lzp
tools/pokemon_animation -f gfx/pokemon/magikarp_twotone/front.animated.tilemap gfx/pokemon/magikarp_twotone/front.dimensions > gfx/pokemon/magikarp_twotone/frames.asm
tools/lzpcompress -- gfx/pokemon/magikarp_orca/front.animated.2bpp gfx/pokemon/magikarp_orca/front.animated.2bpp.lzp
tools/lzpcompress -- gfx/pokemon/magikarp_orca/back.2bpp gfx/pokemon/magikarp_orca/back.2bpp.lzp
tools/pokemon_animation -f gfx/pokemon/magikarp_orca/front.animated.tilemap gfx/pokemon/magikarp_orca/front.dimensions > gfx/pokemon/magikarp_orca/frames.asm
tools/lzpcompress -- gfx/pokemon/magikarp_dapples/front.animated.2bpp gfx/pokemon/magikarp_dapples/front.animated.2bpp.lzp
tools/lzpcompress -- gfx/pokemon/magikarp_dapples/back.2bpp gfx/pokemon/magikarp_dapples/back.2bpp.lzp
tools/pokemon_animation -f gfx/pokemon/magikarp_dapples/front.animated.tilemap gfx/pokemon/magikarp_dapples/front.dimensions > gfx/pokemon/magikarp_dapples/frames.asm
tools/lzpcompress -- gfx/pokemon/magikarp_tiger/front.animated.2bpp gfx/pokemon/magikarp_tiger/front.animated.2bpp.lzp
tools/lzpcompress -- gfx/pokemon/magikarp_tiger/back.2bpp gfx/pokemon/magikarp_tiger/back.2bpp.lzp
tools/pokemon_animation -f gfx/pokemon/magikarp_tiger/front.animated.tilemap gfx/pokemon/magikarp_tiger/front.dimensions > gfx/pokemon/magikarp_tiger/frames.asm
tools/lzpcompress -- gfx/pokemon/magikarp_zebra/front.animated.2bpp gfx/pokemon/magikarp_zebra/front.animated.2bpp.lzp
tools/lzpcompress -- gfx/pokemon/magikarp_zebra/back.2bpp gfx/pokemon/magikarp_zebra/back.2bpp.lzp
tools/pokemon_animation -f gfx/pokemon/magikarp_zebra/front.animated.tilemap gfx/pokemon/magikarp_zebra/front.dimensions > gfx/pokemon/magikarp_zebra/frames.asm
tools/lzpcompress -- gfx/pokemon/magikarp_stripe/front.animated.2bpp gfx/pokemon/magikarp_stripe/front.animated.2bpp.lzp
tools/lzpcompress -- gfx/pokemon/magikarp_stripe/back.2bpp gfx/pokemon/magikarp_stripe/back.2bpp.lzp
tools/pokemon_animation -f gfx/pokemon/magikarp_stripe/front.animated.tilemap gfx/pokemon/magikarp_stripe/front.dimensions > gfx/pokemon/magikarp_stripe/frames.asm
tools/lzpcompress -- gfx/pokemon/magikarp_bubbles/front.animated.2bpp gfx/pokemon/magikarp_bubbles/front.animated.2bpp.lzp
tools/lzpcompress -- gfx/pokemon/magikarp_bubbles/back.2bpp gfx/pokemon/magikarp_bubbles/back.2bpp.lzp
tools/pokemon_animation -f gfx/pokemon/magikarp_bubbles/front.animated.tilemap gfx/pokemon/magikarp_bubbles/front.dimensions > gfx/pokemon/magikarp_bubbles/frames.asm
tools/lzpcompress -- gfx/pokemon/magikarp_diamonds/front.animated.2bpp gfx/pokemon/magikarp_diamonds/front.animated.2bpp.lzp
tools/lzpcompress -- gfx/pokemon/magikarp_diamonds/back.2bpp gfx/pokemon/magikarp_diamonds/back.2bpp.lzp
tools/pokemon_animation -f gfx/pokemon/magikarp_diamonds/front.animated.tilemap gfx/pokemon/magikarp_diamonds/front.dimensions > gfx/pokemon/magikarp_diamonds/frames.asm
tools/lzpcompress -- gfx/pokemon/magikarp_patches/front.animated.2bpp gfx/pokemon/magikarp_patches/front.animated.2bpp.lzp
tools/lzpcompress -- gfx/pokemon/magikarp_patches/back.2bpp gfx/pokemon/magikarp_patches/back.2bpp.lzp
tools/pokemon_animation -f gfx/pokemon/magikarp_patches/front.animated.tilemap gfx/pokemon/magikarp_patches/front.dimensions > gfx/pokemon/magikarp_patches/frames.asm
tools/lzpcompress -- gfx/pokemon/magikarp_forehead1/front.animated.2bpp gfx/pokemon/magikarp_forehead1/front.animated.2bpp.lzp
tools/lzpcompress -- gfx/pokemon/magikarp_forehead1/back.2bpp gfx/pokemon/magikarp_forehead1/back.2bpp.lzp
tools/pokemon_animation -f gfx/pokemon/magikarp_forehead1/front.animated.tilemap gfx/pokemon/magikarp_forehead1/front.dimensions > gfx/pokemon/magikarp_forehead1/frames.asm
tools/lzpcompress -- gfx/pokemon/magikarp_mask1/front.animated.2bpp gfx/pokemon/magikarp_mask1/front.animated.2bpp.lzp
tools/lzpcompress -- gfx/pokemon/magikarp_mask1/back.2bpp gfx/pokemon/magikarp_mask1/back.2bpp.lzp
tools/pokemon_animation -f gfx/pokemon/magikarp_mask1/front.animated.tilemap gfx/pokemon/magikarp_mask1/front.dimensions > gfx/pokemon/magikarp_mask1/frames.asm
tools/lzpcompress -- gfx/pokemon/magikarp_forehead2/front.animated.2bpp gfx/pokemon/magikarp_forehead2/front.animated.2bpp.lzp
tools/lzpcompress -- gfx/pokemon/magikarp_forehead2/back.2bpp gfx/pokemon/magikarp_forehead2/back.2bpp.lzp
tools/pokemon_animation -f gfx/pokemon/magikarp_forehead2/front.animated.tilemap gfx/pokemon/magikarp_forehead2/front.dimensions > gfx/pokemon/magikarp_forehead2/frames.asm
tools/lzpcompress -- gfx/pokemon/magikarp_mask2/front.animated.2bpp gfx/pokemon/magikarp_mask2/front.animated.2bpp.lzp
tools/lzpcompress -- gfx/pokemon/magikarp_mask2/back.2bpp gfx/pokemon/magikarp_mask2/back.2bpp.lzp
tools/pokemon_animation -f gfx/pokemon/magikarp_mask2/front.animated.tilemap gfx/pokemon/magikarp_mask2/front.dimensions > gfx/pokemon/magikarp_mask2/frames.asm
tools/lzpcompress -- gfx/pokemon/magikarp_saucy/front.animated.2bpp gfx/pokemon/magikarp_saucy/front.animated.2bpp.lzp
tools/lzpcompress -- gfx/pokemon/magikarp_saucy/back.2bpp gfx/pokemon/magikarp_saucy/back.2bpp.lzp
tools/pokemon_animation -f gfx/pokemon/magikarp_saucy/front.animated.tilemap gfx/pokemon/magikarp_saucy/front.dimensions > gfx/pokemon/magikarp_saucy/frames.asm
tools/lzpcompress -- gfx/pokemon/magikarp_raindrop/front.animated.2bpp gfx/pokemon/magikarp_raindrop/front.animated.2bpp.lzp
tools/lzpcompress -- gfx/pokemon/magikarp_raindrop/back.2bpp gfx/pokemon/magikarp_raindrop/back.2bpp.lzp
tools/pokemon_animation -f gfx/pokemon/magikarp_raindrop/front.animated.tilemap gfx/pokemon/magikarp_raindrop/front.dimensions > gfx/pokemon/magikarp_raindrop/frames.asm
tools/lzpcompress -- gfx/pokemon/mewtwo_plain/front.animated.2bpp gfx/pokemon/mewtwo_plain/front.animated.2bpp.lzp
tools/lzpcompress -- gfx/pokemon/mewtwo_plain/back.2bpp gfx/pokemon/mewtwo_plain/back.2bpp.lzp
tools/pokemon_animation -f gfx/pokemon/mewtwo_plain/front.animated.tilemap gfx/pokemon/mewtwo_plain/front.dimensions > gfx/pokemon/mewtwo_plain/frames.asm
tools/lzpcompress -- gfx/pokemon/mewtwo_armored/front.animated.2bpp gfx/pokemon/mewtwo_armored/front.animated.2bpp.lzp
tools/lzpcompress -- gfx/pokemon/mewtwo_armored/back.2bpp gfx/pokemon/mewtwo_armored/back.2bpp.lzp
tools/pokemon_animation -f gfx/pokemon/mewtwo_armored/front.animated.tilemap gfx/pokemon/mewtwo_armored/front.dimensions > gfx/pokemon/mewtwo_armored/frames.asm
tools/lzpcompress -- gfx/pokemon/gyarados_plain/front.animated.2bpp gfx/pokemon/gyarados_plain/front.animated.2bpp.lzp
tools/lzpcompress -- gfx/pokemon/gyarados_red/front.animated.2bpp gfx/pokemon/gyarados_red/front.animated.2bpp.lzp
tools/lzpcompress -- gfx/pokemon/gyarados/back.2bpp gfx/pokemon/gyarados/back.2bpp.lzp
tools/pokemon_animation -f gfx/pokemon/gyarados_plain/front.animated.tilemap gfx/pokemon/gyarados_plain/front.dimensions > gfx/pokemon/gyarados_plain/frames.asm
tools/pokemon_animation -f gfx/pokemon/gyarados_red/front.animated.tilemap gfx/pokemon/gyarados_red/front.dimensions > gfx/pokemon/gyarados_red/frames.asm
tools/lzpcompress -- gfx/pokemon/rattata_plain/front.animated.2bpp gfx/pokemon/rattata_plain/front.animated.2bpp.lzp
tools/lzpcompress -- gfx/pokemon/rattata_plain/back.2bpp gfx/pokemon/rattata_plain/back.2bpp.lzp
tools/pokemon_animation -f gfx/pokemon/rattata_plain/front.animated.tilemap gfx/pokemon/rattata_plain/front.dimensions > gfx/pokemon/rattata_plain/frames.asm
tools/lzpcompress -- gfx/pokemon/raticate_plain/front.animated.2bpp gfx/pokemon/raticate_plain/front.animated.2bpp.lzp
tools/lzpcompress -- gfx/pokemon/raticate_plain/back.2bpp gfx/pokemon/raticate_plain/back.2bpp.lzp
tools/pokemon_animation -f gfx/pokemon/raticate_plain/front.animated.tilemap gfx/pokemon/raticate_plain/front.dimensions > gfx/pokemon/raticate_plain/frames.asm
tools/lzpcompress -- gfx/pokemon/rattata_alolan/front.animated.2bpp gfx/pokemon/rattata_alolan/front.animated.2bpp.lzp
tools/lzpcompress -- gfx/pokemon/rattata_alolan/back.2bpp gfx/pokemon/rattata_alolan/back.2bpp.lzp
tools/pokemon_animation -f gfx/pokemon/rattata_alolan/front.animated.tilemap gfx/pokemon/rattata_alolan/front.dimensions > gfx/pokemon/rattata_alolan/frames.asm
tools/lzpcompress -- gfx/pokemon/raticate_alolan/front.animated.2bpp gfx/pokemon/raticate_alolan/front.animated.2bpp.lzp
tools/lzpcompress -- gfx/pokemon/raticate_alolan/back.2bpp gfx/pokemon/raticate_alolan/back.2bpp.lzp
tools/pokemon_animation -f gfx/pokemon/raticate_alolan/front.animated.tilemap gfx/pokemon/raticate_alolan/front.dimensions > gfx/pokemon/raticate_alolan/frames.asm
tools/lzpcompress -- gfx/pokemon/sandshrew_plain/front.animated.2bpp gfx/pokemon/sandshrew_plain/front.animated.2bpp.lzp
tools/lzpcompress -- gfx/pokemon/sandshrew_plain/back.2bpp gfx/pokemon/sandshrew_plain/back.2bpp.lzp
tools/pokemon_animation -f gfx/pokemon/sandshrew_plain/front.animated.tilemap gfx/pokemon/sandshrew_plain/front.dimensions > gfx/pokemon/sandshrew_plain/frames.asm
tools/lzpcompress -- gfx/pokemon/sandslash_plain/front.animated.2bpp gfx/pokemon/sandslash_plain/front.animated.2bpp.lzp
tools/lzpcompress -- gfx/pokemon/sandslash_plain/back.2bpp gfx/pokemon/sandslash_plain/back.2bpp.lzp
tools/pokemon_animation -f gfx/pokemon/sandslash_plain/front.animated.tilemap gfx/pokemon/sandslash_plain/front.dimensions > gfx/pokemon/sandslash_plain/frames.asm
tools/lzpcompress -- gfx/pokemon/sandshrew_alolan/front.animated.2bpp gfx/pokemon/sandshrew_alolan/front.animated.2bpp.lzp
tools/lzpcompress -- gfx/pokemon/sandshrew_alolan/back.2bpp gfx/pokemon/sandshrew_alolan/back.2bpp.lzp
tools/pokemon_animation -f gfx/pokemon/sandshrew_alolan/front.animated.tilemap gfx/pokemon/sandshrew_alolan/front.dimensions > gfx/pokemon/sandshrew_alolan/frames.asm
tools/lzpcompress -- gfx/pokemon/sandslash_alolan/front.animated.2bpp gfx/pokemon/sandslash_alolan/front.animated.2bpp.lzp
tools/lzpcompress -- gfx/pokemon/sandslash_alolan/back.2bpp gfx/pokemon/sandslash_alolan/back.2bpp.lzp
tools/pokemon_animation -f gfx/pokemon/sandslash_alolan/front.animated.tilemap gfx/pokemon/sandslash_alolan/front.dimensions > gfx/pokemon/sandslash_alolan/frames.asm
tools/lzpcompress -- gfx/pokemon/vulpix_plain/front.animated.2bpp gfx/pokemon/vulpix_plain/front.animated.2bpp.lzp
tools/lzpcompress -- gfx/pokemon/vulpix_plain/back.2bpp gfx/pokemon/vulpix_plain/back.2bpp.lzp
tools/pokemon_animation -f gfx/pokemon/vulpix_plain/front.animated.tilemap gfx/pokemon/vulpix_plain/front.dimensions > gfx/pokemon/vulpix_plain/frames.asm
tools/lzpcompress -- gfx/pokemon/ninetales_plain/front.animated.2bpp gfx/pokemon/ninetales_plain/front.animated.2bpp.lzp
tools/lzpcompress -- gfx/pokemon/ninetales_plain/back.2bpp gfx/pokemon/ninetales_plain/back.2bpp.lzp
tools/pokemon_animation -f gfx/pokemon/ninetales_plain/front.animated.tilemap gfx/pokemon/ninetales_plain/front.dimensions > gfx/pokemon/ninetales_plain/frames.asm
tools/lzpcompress -- gfx/pokemon/vulpix_alolan/front.animated.2bpp gfx/pokemon/vulpix_alolan/front.animated.2bpp.lzp
tools/lzpcompress -- gfx/pokemon/vulpix_alolan/back.2bpp gfx/pokemon/vulpix_alolan/back.2bpp.lzp
tools/pokemon_animation -f gfx/pokemon/vulpix_alolan/front.animated.tilemap gfx/pokemon/vulpix_alolan/front.dimensions > gfx/pokemon/vulpix_alolan/frames.asm
tools/lzpcompress -- gfx/pokemon/ninetales_alolan/front.animated.2bpp gfx/pokemon/ninetales_alolan/front.animated.2bpp.lzp
tools/lzpcompress -- gfx/pokemon/ninetales_alolan/back.2bpp gfx/pokemon/ninetales_alolan/back.2bpp.lzp
tools/pokemon_animation -f gfx/pokemon/ninetales_alolan/front.animated.tilemap gfx/pokemon/ninetales_alolan/front.dimensions > gfx/pokemon/ninetales_alolan/frames.asm
tools/lzpcompress -- gfx/pokemon/diglett_plain/front.animated.2bpp gfx/pokemon/diglett_plain/front.animated.2bpp.lzp
tools/lzpcompress -- gfx/pokemon/diglett_plain/back.2bpp gfx/pokemon/diglett_plain/back.2bpp.lzp
tools/pokemon_animation -f gfx/pokemon/diglett_plain/front.animated.tilemap gfx/pokemon/diglett_plain/front.dimensions > gfx/pokemon/diglett_plain/frames.asm
tools/lzpcompress -- gfx/pokemon/dugtrio_plain/front.animated.2bpp gfx/pokemon/dugtrio_plain/front.animated.2bpp.lzp
tools/lzpcompress -- gfx/pokemon/dugtrio_plain/back.2bpp gfx/pokemon/dugtrio_plain/back.2bpp.lzp
tools/pokemon_animation -f gfx/pokemon/dugtrio_plain/front.animated.tilemap gfx/pokemon/dugtrio_plain/front.dimensions > gfx/pokemon/dugtrio_plain/frames.asm
tools/lzpcompress -- gfx/pokemon/diglett_alolan/front.animated.2bpp gfx/pokemon/diglett_alolan/front.animated.2bpp.lzp
tools/lzpcompress -- gfx/pokemon/diglett_alolan/back.2bpp gfx/pokemon/diglett_alolan/back.2bpp.lzp
tools/pokemon_animation -f gfx/pokemon/diglett_alolan/front.animated.tilemap gfx/pokemon/diglett_alolan/front.dimensions > gfx/pokemon/diglett_alolan/frames.asm
tools/lzpcompress -- gfx/pokemon/dugtrio_alolan/front.animated.2bpp gfx/pokemon/dugtrio_alolan/front.animated.2bpp.lzp
tools/lzpcompress -- gfx/pokemon/dugtrio_alolan/back.2bpp gfx/pokemon/dugtrio_alolan/back.2bpp.lzp
tools/pokemon_animation -f gfx/pokemon/dugtrio_alolan/front.animated.tilemap gfx/pokemon/dugtrio_alolan/front.dimensions > gfx/pokemon/dugtrio_alolan/frames.asm
tools/lzpcompress -- gfx/pokemon/meowth_plain/front.animated.2bpp gfx/pokemon/meowth_plain/front.animated.2bpp.lzp
tools/lzpcompress -- gfx/pokemon/meowth_plain/back.2bpp gfx/pokemon/meowth_plain/back.2bpp.lzp
tools/pokemon_animation -f gfx/pokemon/meowth_plain/front.animated.tilemap gfx/pokemon/meowth_plain/front.dimensions > gfx/pokemon/meowth_plain/frames.asm
tools/lzpcompress -- gfx/pokemon/persian_plain/front.animated.2bpp gfx/pokemon/persian_plain/front.animated.2bpp.lzp
tools/lzpcompress -- gfx/pokemon/persian_plain/back.2bpp gfx/pokemon/persian_plain/back.2bpp.lzp
tools/pokemon_animation -f gfx/pokemon/persian_plain/front.animated.tilemap gfx/pokemon/persian_plain/front.dimensions > gfx/pokemon/persian_plain/frames.asm
tools/lzpcompress -- gfx/pokemon/meowth_alolan/front.animated.2bpp gfx/pokemon/meowth_alolan/front.animated.2bpp.lzp
tools/lzpcompress -- gfx/pokemon/meowth_alolan/back.2bpp gfx/pokemon/meowth_alolan/back.2bpp.lzp
tools/pokemon_animation -f gfx/pokemon/meowth_alolan/front.animated.tilemap gfx/pokemon/meowth_alolan/front.dimensions > gfx/pokemon/meowth_alolan/frames.asm
tools/lzpcompress -- gfx/pokemon/persian_alolan/front.animated.2bpp gfx/pokemon/persian_alolan/front.animated.2bpp.lzp
tools/lzpcompress -- gfx/pokemon/persian_alolan/back.2bpp gfx/pokemon/persian_alolan/back.2bpp.lzp
tools/pokemon_animation -f gfx/pokemon/persian_alolan/front.animated.tilemap gfx/pokemon/persian_alolan/front.dimensions > gfx/pokemon/persian_alolan/frames.asm
tools/lzpcompress -- gfx/pokemon/meowth_galarian/front.animated.2bpp gfx/pokemon/meowth_galarian/front.animated.2bpp.lzp
tools/lzpcompress -- gfx/pokemon/meowth_galarian/back.2bpp gfx/pokemon/meowth_galarian/back.2bpp.lzp
tools/pokemon_animation -f gfx/pokemon/meowth_galarian/front.animated.tilemap gfx/pokemon/meowth_galarian/front.dimensions > gfx/pokemon/meowth_galarian/frames.asm
tools/lzpcompress -- gfx/pokemon/perrserker/front.animated.2bpp gfx/pokemon/perrserker/front.animated.2bpp.lzp
tools/lzpcompress -- gfx/pokemon/perrserker/back.2bpp gfx/pokemon/perrserker/back.2bpp.lzp
tools/pokemon_animation -f gfx/pokemon/perrserker/front.animated.tilemap gfx/pokemon/perrserker/front.dimensions > gfx/pokemon/perrserker/frames.asm
tools/lzpcompress -- gfx/pokemon/geodude_plain/front.animated.2bpp gfx/pokemon/geodude_plain/front.animated.2bpp.lzp
tools/lzpcompress -- gfx/pokemon/geodude_plain/back.2bpp gfx/pokemon/geodude_plain/back.2bpp.lzp
tools/pokemon_animation -f gfx/pokemon/geodude_plain/front.animated.tilemap gfx/pokemon/geodude_plain/front.dimensions > gfx/pokemon/geodude_plain/frames.asm
tools/lzpcompress -- gfx/pokemon/graveler_plain/front.animated.2bpp gfx/pokemon/graveler_plain/front.animated.2bpp.lzp
tools/lzpcompress -- gfx/pokemon/graveler_plain/back.2bpp gfx/pokemon/graveler_plain/back.2bpp.lzp
tools/pokemon_animation -f gfx/pokemon/graveler_plain/front.animated.tilemap gfx/pokemon/graveler_plain/front.dimensions > gfx/pokemon/graveler_plain/frames.asm
tools/lzpcompress -- gfx/pokemon/golem_plain/front.animated.2bpp gfx/pokemon/golem_plain/front.animated.2bpp.lzp
tools/lzpcompress -- gfx/pokemon/golem_plain/back.2bpp gfx/pokemon/golem_plain/back.2bpp.lzp
tools/pokemon_animation -f gfx/pokemon/golem_plain/front.animated.tilemap gfx/pokemon/golem_plain/front.dimensions > gfx/pokemon/golem_plain/frames.asm
tools/lzpcompress -- gfx/pokemon/geodude_alolan/front.animated.2bpp gfx/pokemon/geodude_alolan/front.animated.2bpp.lzp
tools/lzpcompress -- gfx/pokemon/geodude_alolan/back.2bpp gfx/pokemon/geodude_alolan/back.2bpp.lzp
tools/pokemon_animation -f gfx/pokemon/geodude_alolan/front.animated.tilemap gfx/pokemon/geodude_alolan/front.dimensions > gfx/pokemon/geodude_alolan/frames.asm
tools/lzpcompress -- gfx/pokemon/graveler_alolan/front.animated.2bpp gfx/pokemon/graveler_alolan/front.animated.2bpp.lzp
tools/lzpcompress -- gfx/pokemon/graveler_alolan/back.2bpp gfx/pokemon/graveler_alolan/back.2bpp.lzp
tools/pokemon_animation -f gfx/pokemon/graveler_alolan/front.animated.tilemap gfx/pokemon/graveler_alolan/front.dimensions > gfx/pokemon/graveler_alolan/frames.asm
tools/lzpcompress -- gfx/pokemon/golem_alolan/front.animated.2bpp gfx/pokemon/golem_alolan/front.animated.2bpp.lzp
tools/lzpcompress -- gfx/pokemon/golem_alolan/back.2bpp gfx/pokemon/golem_alolan/back.2bpp.lzp
tools/pokemon_animation -f gfx/pokemon/golem_alolan/front.animated.tilemap gfx/pokemon/golem_alolan/front.dimensions > gfx/pokemon/golem_alolan/frames.asm
tools/lzpcompress -- gfx/pokemon/grimer_plain/front.animated.2bpp gfx/pokemon/grimer_plain/front.animated.2bpp.lzp
tools/lzpcompress -- gfx/pokemon/grimer_plain/back.2bpp gfx/pokemon/grimer_plain/back.2bpp.lzp
tools/pokemon_animation -f gfx/pokemon/grimer_plain/front.animated.tilemap gfx/pokemon/grimer_plain/front.dimensions > gfx/pokemon/grimer_plain/frames.asm
tools/lzpcompress -- gfx/pokemon/muk_plain/front.animated.2bpp gfx/pokemon/muk_plain/front.animated.2bpp.lzp
tools/lzpcompress -- gfx/pokemon/muk_plain/back.2bpp gfx/pokemon/muk_plain/back.2bpp.lzp
tools/pokemon_animation -f gfx/pokemon/muk_plain/front.animated.tilemap gfx/pokemon/muk_plain/front.dimensions > gfx/pokemon/muk_plain/frames.asm
tools/lzpcompress -- gfx/pokemon/grimer_alolan/front.animated.2bpp gfx/pokemon/grimer_alolan/front.animated.2bpp.lzp
tools/lzpcompress -- gfx/pokemon/grimer_alolan/back.2bpp gfx/pokemon/grimer_alolan/back.2bpp.lzp
tools/pokemon_animation -f gfx/pokemon/grimer_alolan/front.animated.tilemap gfx/pokemon/grimer_alolan/front.dimensions > gfx/pokemon/grimer_alolan/frames.asm
tools/lzpcompress -- gfx/pokemon/muk_alolan/front.animated.2bpp gfx/pokemon/muk_alolan/front.animated.2bpp.lzp
tools/lzpcompress -- gfx/pokemon/muk_alolan/back.2bpp gfx/pokemon/muk_alolan/back.2bpp.lzp
tools/pokemon_animation -f gfx/pokemon/muk_alolan/front.animated.tilemap gfx/pokemon/muk_alolan/front.dimensions > gfx/pokemon/muk_alolan/frames.asm
tools/lzpcompress -- gfx/pokemon/raichu_plain/front.animated.2bpp gfx/pokemon/raichu_plain/front.animated.2bpp.lzp
tools/lzpcompress -- gfx/pokemon/raichu_plain/back.2bpp gfx/pokemon/raichu_plain/back.2bpp.lzp
tools/pokemon_animation -f gfx/pokemon/raichu_plain/front.animated.tilemap gfx/pokemon/raichu_plain/front.dimensions > gfx/pokemon/raichu_plain/frames.asm
tools/lzpcompress -- gfx/pokemon/raichu_alolan/front.animated.2bpp gfx/pokemon/raichu_alolan/front.animated.2bpp.lzp
tools/lzpcompress -- gfx/pokemon/raichu_alolan/back.2bpp gfx/pokemon/raichu_alolan/back.2bpp.lzp
tools/pokemon_animation -f gfx/pokemon/raichu_alolan/front.animated.tilemap gfx/pokemon/raichu_alolan/front.dimensions > gfx/pokemon/raichu_alolan/frames.asm
tools/lzpcompress -- gfx/pokemon/exeggutor_plain/front.animated.2bpp gfx/pokemon/exeggutor_plain/front.animated.2bpp.lzp
tools/lzpcompress -- gfx/pokemon/exeggutor_plain/back.2bpp gfx/pokemon/exeggutor_plain/back.2bpp.lzp
tools/pokemon_animation -f gfx/pokemon/exeggutor_plain/front.animated.tilemap gfx/pokemon/exeggutor_plain/front.dimensions > gfx/pokemon/exeggutor_plain/frames.asm
tools/lzpcompress -- gfx/pokemon/exeggutor_alolan/front.animated.2bpp gfx/pokemon/exeggutor_alolan/front.animated.2bpp.lzp
tools/lzpcompress -- gfx/pokemon/exeggutor_alolan/back.2bpp gfx/pokemon/exeggutor_alolan/back.2bpp.lzp
tools/pokemon_animation -f gfx/pokemon/exeggutor_alolan/front.animated.tilemap gfx/pokemon/exeggutor_alolan/front.dimensions > gfx/pokemon/exeggutor_alolan/frames.asm
tools/lzpcompress -- gfx/pokemon/marowak_plain/front.animated.2bpp gfx/pokemon/marowak_plain/front.animated.2bpp.lzp
tools/lzpcompress -- gfx/pokemon/marowak_plain/back.2bpp gfx/pokemon/marowak_plain/back.2bpp.lzp
tools/pokemon_animation -f gfx/pokemon/marowak_plain/front.animated.tilemap gfx/pokemon/marowak_plain/front.dimensions > gfx/pokemon/marowak_plain/frames.asm
tools/lzpcompress -- gfx/pokemon/marowak_alolan/front.animated.2bpp gfx/pokemon/marowak_alolan/front.animated.2bpp.lzp
tools/lzpcompress -- gfx/pokemon/marowak_alolan/back.2bpp gfx/pokemon/marowak_alolan/back.2bpp.lzp
tools/pokemon_animation -f gfx/pokemon/marowak_alolan/front.animated.tilemap gfx/pokemon/marowak_alolan/front.dimensions > gfx/pokemon/marowak_alolan/frames.asm
tools/lzpcompress -- gfx/pokemon/ponyta_plain/front.animated.2bpp gfx/pokemon/ponyta_plain/front.animated.2bpp.lzp
tools/lzpcompress -- gfx/pokemon/ponyta_plain/back.2bpp gfx/pokemon/ponyta_plain/back.2bpp.lzp
tools/pokemon_animation -f gfx/pokemon/ponyta_plain/front.animated.tilemap gfx/pokemon/ponyta_plain/front.dimensions > gfx/pokemon/ponyta_plain/frames.asm
tools/lzpcompress -- gfx/pokemon/rapidash_plain/front.animated.2bpp gfx/pokemon/rapidash_plain/front.animated.2bpp.lzp
tools/lzpcompress -- gfx/pokemon/rapidash_plain/back.2bpp gfx/pokemon/rapidash_plain/back.2bpp.lzp
tools/pokemon_animation -f gfx/pokemon/rapidash_plain/front.animated.tilemap gfx/pokemon/rapidash_plain/front.dimensions > gfx/pokemon/rapidash_plain/frames.asm
tools/lzpcompress -- gfx/pokemon/ponyta_galarian/front.animated.2bpp gfx/pokemon/ponyta_galarian/front.animated.2bpp.lzp
tools/lzpcompress -- gfx/pokemon/ponyta_galarian/back.2bpp gfx/pokemon/ponyta_galarian/back.2bpp.lzp
tools/pokemon_animation -f gfx/pokemon/ponyta_galarian/front.animated.tilemap gfx/pokemon/ponyta_galarian/front.dimensions > gfx/pokemon/ponyta_galarian/frames.asm
tools/lzpcompress -- gfx/pokemon/rapidash_galarian/front.animated.2bpp gfx/pokemon/rapidash_galarian/front.animated.2bpp.lzp
tools/lzpcompress -- gfx/pokemon/rapidash_galarian/back.2bpp gfx/pokemon/rapidash_galarian/back.2bpp.lzp
tools/pokemon_animation -f gfx/pokemon/rapidash_galarian/front.animated.tilemap gfx/pokemon/rapidash_galarian/front.dimensions > gfx/pokemon/rapidash_galarian/frames.asm
tools/lzpcompress -- gfx/pokemon/slowpoke_plain/front.animated.2bpp gfx/pokemon/slowpoke_plain/front.animated.2bpp.lzp
tools/lzpcompress -- gfx/pokemon/slowpoke_plain/back.2bpp gfx/pokemon/slowpoke_plain/back.2bpp.lzp
tools/pokemon_animation -f gfx/pokemon/slowpoke_plain/front.animated.tilemap gfx/pokemon/slowpoke_plain/front.dimensions > gfx/pokemon/slowpoke_plain/frames.asm
tools/lzpcompress -- gfx/pokemon/slowbro_plain/front.animated.2bpp gfx/pokemon/slowbro_plain/front.animated.2bpp.lzp
tools/lzpcompress -- gfx/pokemon/slowbro_plain/back.2bpp gfx/pokemon/slowbro_plain/back.2bpp.lzp
tools/pokemon_animation -f gfx/pokemon/slowbro_plain/front.animated.tilemap gfx/pokemon/slowbro_plain/front.dimensions > gfx/pokemon/slowbro_plain/frames.asm
tools/lzpcompress -- gfx/pokemon/slowking_plain/front.animated.2bpp gfx/pokemon/slowking_plain/front.animated.2bpp.lzp
tools/lzpcompress -- gfx/pokemon/slowking_plain/back.2bpp gfx/pokemon/slowking_plain/back.2bpp.lzp
tools/pokemon_animation -f gfx/pokemon/slowking_plain/front.animated.tilemap gfx/pokemon/slowking_plain/front.dimensions > gfx/pokemon/slowking_plain/frames.asm
tools/lzpcompress -- gfx/pokemon/slowpoke_galarian/front.animated.2bpp gfx/pokemon/slowpoke_galarian/front.animated.2bpp.lzp
tools/lzpcompress -- gfx/pokemon/slowpoke_galarian/back.2bpp gfx/pokemon/slowpoke_galarian/back.2bpp.lzp
tools/pokemon_animation -f gfx/pokemon/slowpoke_galarian/front.animated.tilemap gfx/pokemon/slowpoke_galarian/front.dimensions > gfx/pokemon/slowpoke_galarian/frames.asm
tools/lzpcompress -- gfx/pokemon/slowbro_galarian/front.animated.2bpp gfx/pokemon/slowbro_galarian/front.animated.2bpp.lzp
tools/lzpcompress -- gfx/pokemon/slowbro_galarian/back.2bpp gfx/pokemon/slowbro_galarian/back.2bpp.lzp
tools/pokemon_animation -f gfx/pokemon/slowbro_galarian/front.animated.tilemap gfx/pokemon/slowbro_galarian/front.dimensions > gfx/pokemon/slowbro_galarian/frames.asm
tools/lzpcompress -- gfx/pokemon/slowking_galarian/front.animated.2bpp gfx/pokemon/slowking_galarian/front.animated.2bpp.lzp
tools/lzpcompress -- gfx/pokemon/slowking_galarian/back.2bpp gfx/pokemon/slowking_galarian/back.2bpp.lzp
tools/pokemon_animation -f gfx/pokemon/slowking_galarian/front.animated.tilemap gfx/pokemon/slowking_galarian/front.dimensions > gfx/pokemon/slowking_galarian/frames.asm
tools/lzpcompress -- gfx/pokemon/farfetch_d_plain/front.animated.2bpp gfx/pokemon/farfetch_d_plain/front.animated.2bpp.lzp
tools/lzpcompress -- gfx/pokemon/farfetch_d_plain/back.2bpp gfx/pokemon/farfetch_d_plain/back.2bpp.lzp
tools/pokemon_animation -f gfx/pokemon/farfetch_d_plain/front.animated.tilemap gfx/pokemon/farfetch_d_plain/front.dimensions > gfx/pokemon/farfetch_d_plain/frames.asm
tools/lzpcompress -- gfx/pokemon/farfetch_d_galarian/front.animated.2bpp gfx/pokemon/farfetch_d_galarian/front.animated.2bpp.lzp
tools/lzpcompress -- gfx/pokemon/farfetch_d_galarian/back.2bpp gfx/pokemon/farfetch_d_galarian/back.2bpp.lzp
tools/pokemon_animation -f gfx/pokemon/farfetch_d_galarian/front.animated.tilemap gfx/pokemon/farfetch_d_galarian/front.dimensions > gfx/pokemon/farfetch_d_galarian/frames.asm
tools/lzpcompress -- gfx/pokemon/sirfetch_d/front.animated.2bpp gfx/pokemon/sirfetch_d/front.animated.2bpp.lzp
tools/lzpcompress -- gfx/pokemon/sirfetch_d/back.2bpp gfx/pokemon/sirfetch_d/back.2bpp.lzp
tools/pokemon_animation -f gfx/pokemon/sirfetch_d/front.animated.tilemap gfx/pokemon/sirfetch_d/front.dimensions > gfx/pokemon/sirfetch_d/frames.asm
tools/lzpcompress -- gfx/pokemon/weezing_plain/front.animated.2bpp gfx/pokemon/weezing_plain/front.animated.2bpp.lzp
tools/lzpcompress -- gfx/pokemon/weezing_plain/back.2bpp gfx/pokemon/weezing_plain/back.2bpp.lzp
tools/pokemon_animation -f gfx/pokemon/weezing_plain/front.animated.tilemap gfx/pokemon/weezing_plain/front.dimensions > gfx/pokemon/weezing_plain/frames.asm
tools/lzpcompress -- gfx/pokemon/weezing_galarian/front.animated.2bpp gfx/pokemon/weezing_galarian/front.animated.2bpp.lzp
tools/lzpcompress -- gfx/pokemon/weezing_galarian/back.2bpp gfx/pokemon/weezing_galarian/back.2bpp.lzp
tools/pokemon_animation -f gfx/pokemon/weezing_galarian/front.animated.tilemap gfx/pokemon/weezing_galarian/front.dimensions > gfx/pokemon/weezing_galarian/frames.asm
tools/lzpcompress -- gfx/pokemon/mr__mime_plain/front.animated.2bpp gfx/pokemon/mr__mime_plain/front.animated.2bpp.lzp
tools/lzpcompress -- gfx/pokemon/mr__mime_plain/back.2bpp gfx/pokemon/mr__mime_plain/back.2bpp.lzp
tools/pokemon_animation -f gfx/pokemon/mr__mime_plain/front.animated.tilemap gfx/pokemon/mr__mime_plain/front.dimensions > gfx/pokemon/mr__mime_plain/frames.asm
tools/lzpcompress -- gfx/pokemon/mr__mime_galarian/front.animated.2bpp gfx/pokemon/mr__mime_galarian/front.animated.2bpp.lzp
tools/lzpcompress -- gfx/pokemon/mr__mime_galarian/back.2bpp gfx/pokemon/mr__mime_galarian/back.2bpp.lzp
tools/pokemon_animation -f gfx/pokemon/mr__mime_galarian/front.animated.tilemap gfx/pokemon/mr__mime_galarian/front.dimensions > gfx/pokemon/mr__mime_galarian/frames.asm
tools/lzpcompress -- gfx/pokemon/mime_jr_/front.animated.2bpp gfx/pokemon/mime_jr_/front.animated.2bpp.lzp
tools/lzpcompress -- gfx/pokemon/mime_jr_/back.2bpp gfx/pokemon/mime_jr_/back.2bpp.lzp
tools/pokemon_animation -f gfx/pokemon/mime_jr_/front.animated.tilemap gfx/pokemon/mime_jr_/front.dimensions > gfx/pokemon/mime_jr_/frames.asm
tools/lzpcompress -- gfx/pokemon/mr__rime/front.animated.2bpp gfx/pokemon/mr__rime/front.animated.2bpp.lzp
tools/lzpcompress -- gfx/pokemon/mr__rime/back.2bpp gfx/pokemon/mr__rime/back.2bpp.lzp
tools/pokemon_animation -f gfx/pokemon/mr__rime/front.animated.tilemap gfx/pokemon/mr__rime/front.dimensions > gfx/pokemon/mr__rime/frames.asm
tools/lzpcompress -- gfx/pokemon/articuno_plain/front.animated.2bpp gfx/pokemon/articuno_plain/front.animated.2bpp.lzp
tools/lzpcompress -- gfx/pokemon/articuno_plain/back.2bpp gfx/pokemon/articuno_plain/back.2bpp.lzp
tools/pokemon_animation -f gfx/pokemon/articuno_plain/front.animated.tilemap gfx/pokemon/articuno_plain/front.dimensions > gfx/pokemon/articuno_plain/frames.asm
tools/lzpcompress -- gfx/pokemon/zapdos_plain/front.animated.2bpp gfx/pokemon/zapdos_plain/front.animated.2bpp.lzp
tools/lzpcompress -- gfx/pokemon/zapdos_plain/back.2bpp gfx/pokemon/zapdos_plain/back.2bpp.lzp
tools/pokemon_animation -f gfx/pokemon/zapdos_plain/front.animated.tilemap gfx/pokemon/zapdos_plain/front.dimensions > gfx/pokemon/zapdos_plain/frames.asm
tools/lzpcompress -- gfx/pokemon/moltres_plain/front.animated.2bpp gfx/pokemon/moltres_plain/front.animated.2bpp.lzp
tools/lzpcompress -- gfx/pokemon/moltres_plain/back.2bpp gfx/pokemon/moltres_plain/back.2bpp.lzp
tools/pokemon_animation -f gfx/pokemon/moltres_plain/front.animated.tilemap gfx/pokemon/moltres_plain/front.dimensions > gfx/pokemon/moltres_plain/frames.asm
tools/lzpcompress -- gfx/pokemon/articuno_galarian/front.animated.2bpp gfx/pokemon/articuno_galarian/front.animated.2bpp.lzp
tools/lzpcompress -- gfx/pokemon/articuno_galarian/back.2bpp gfx/pokemon/articuno_galarian/back.2bpp.lzp
tools/pokemon_animation -f gfx/pokemon/articuno_galarian/front.animated.tilemap gfx/pokemon/articuno_galarian/front.dimensions > gfx/pokemon/articuno_galarian/frames.asm
tools/lzpcompress -- gfx/pokemon/zapdos_galarian/front.animated.2bpp gfx/pokemon/zapdos_galarian/front.animated.2bpp.lzp
tools/lzpcompress -- gfx/pokemon/zapdos_galarian/back.2bpp gfx/pokemon/zapdos_galarian/back.2bpp.lzp
tools/pokemon_animation -f gfx/pokemon/zapdos_galarian/front.animated.tilemap gfx/pokemon/zapdos_galarian/front.dimensions > gfx/pokemon/zapdos_galarian/frames.asm
tools/lzpcompress -- gfx/pokemon/moltres_galarian/front.animated.2bpp gfx/pokemon/moltres_galarian/front.animated.2bpp.lzp
tools/lzpcompress -- gfx/pokemon/moltres_galarian/back.2bpp gfx/pokemon/moltres_galarian/back.2bpp.lzp
tools/pokemon_animation -f gfx/pokemon/moltres_galarian/front.animated.tilemap gfx/pokemon/moltres_galarian/front.dimensions > gfx/pokemon/moltres_galarian/frames.asm
tools/lzpcompress -- gfx/pokemon/corsola_plain/front.animated.2bpp gfx/pokemon/corsola_plain/front.animated.2bpp.lzp
tools/lzpcompress -- gfx/pokemon/corsola_plain/back.2bpp gfx/pokemon/corsola_plain/back.2bpp.lzp
tools/pokemon_animation -f gfx/pokemon/corsola_plain/front.animated.tilemap gfx/pokemon/corsola_plain/front.dimensions > gfx/pokemon/corsola_plain/frames.asm
tools/lzpcompress -- gfx/pokemon/corsola_galarian/front.animated.2bpp gfx/pokemon/corsola_galarian/front.animated.2bpp.lzp
tools/lzpcompress -- gfx/pokemon/corsola_galarian/back.2bpp gfx/pokemon/corsola_galarian/back.2bpp.lzp
tools/pokemon_animation -f gfx/pokemon/corsola_galarian/front.animated.tilemap gfx/pokemon/corsola_galarian/front.dimensions > gfx/pokemon/corsola_galarian/frames.asm
tools/lzpcompress -- gfx/pokemon/cursola/front.animated.2bpp gfx/pokemon/cursola/front.animated.2bpp.lzp
tools/lzpcompress -- gfx/pokemon/cursola/back.2bpp gfx/pokemon/cursola/back.2bpp.lzp
tools/pokemon_animation -f gfx/pokemon/cursola/front.animated.tilemap gfx/pokemon/cursola/front.dimensions > gfx/pokemon/cursola/frames.asm
tools/lzpcompress -- gfx/pokemon/growlithe_plain/front.animated.2bpp gfx/pokemon/growlithe_plain/front.animated.2bpp.lzp
tools/lzpcompress -- gfx/pokemon/growlithe_plain/back.2bpp gfx/pokemon/growlithe_plain/back.2bpp.lzp
tools/pokemon_animation -f gfx/pokemon/growlithe_plain/front.animated.tilemap gfx/pokemon/growlithe_plain/front.dimensions > gfx/pokemon/growlithe_plain/frames.asm
tools/lzpcompress -- gfx/pokemon/arcanine_plain/front.animated.2bpp gfx/pokemon/arcanine_plain/front.animated.2bpp.lzp
tools/lzpcompress -- gfx/pokemon/arcanine_plain/back.2bpp gfx/pokemon/arcanine_plain/back.2bpp.lzp
tools/pokemon_animation -f gfx/pokemon/arcanine_plain/front.animated.tilemap gfx/pokemon/arcanine_plain/front.dimensions > gfx/pokemon/arcanine_plain/frames.asm
tools/lzpcompress -- gfx/pokemon/growlithe_hisuian/front.animated.2bpp gfx/pokemon/growlithe_hisuian/front.animated.2bpp.lzp
tools/lzpcompress -- gfx/pokemon/growlithe_hisuian/back.2bpp gfx/pokemon/growlithe_hisuian/back.2bpp.lzp
tools/pokemon_animation -f gfx/pokemon/growlithe_hisuian/front.animated.tilemap gfx/pokemon/growlithe_hisuian/front.dimensions > gfx/pokemon/growlithe_hisuian/frames.asm
tools/lzpcompress -- gfx/pokemon/arcanine_hisuian/front.animated.2bpp gfx/pokemon/arcanine_hisuian/front.animated.2bpp.lzp
tools/lzpcompress -- gfx/pokemon/arcanine_hisuian/back.2bpp gfx/pokemon/arcanine_hisuian/back.2bpp.lzp
tools/pokemon_animation -f gfx/pokemon/arcanine_hisuian/front.animated.tilemap gfx/pokemon/arcanine_hisuian/front.dimensions > gfx/pokemon/arcanine_hisuian/frames.asm
tools/lzpcompress -- gfx/pokemon/voltorb_plain/front.animated.2bpp gfx/pokemon/voltorb_plain/front.animated.2bpp.lzp
tools/lzpcompress -- gfx/pokemon/voltorb_plain/back.2bpp gfx/pokemon/voltorb_plain/back.2bpp.lzp
tools/pokemon_animation -f gfx/pokemon/voltorb_plain/front.animated.tilemap gfx/pokemon/voltorb_plain/front.dimensions > gfx/pokemon/voltorb_plain/frames.asm
tools/lzpcompress -- gfx/pokemon/electrode_plain/front.animated.2bpp gfx/pokemon/electrode_plain/front.animated.2bpp.lzp
tools/lzpcompress -- gfx/pokemon/electrode_plain/back.2bpp gfx/pokemon/electrode_plain/back.2bpp.lzp
tools/pokemon_animation -f gfx/pokemon/electrode_plain/front.animated.tilemap gfx/pokemon/electrode_plain/front.dimensions > gfx/pokemon/electrode_plain/frames.asm
tools/lzpcompress -- gfx/pokemon/voltorb_hisuian/front.animated.2bpp gfx/pokemon/voltorb_hisuian/front.animated.2bpp.lzp
tools/lzpcompress -- gfx/pokemon/voltorb_hisuian/back.2bpp gfx/pokemon/voltorb_hisuian/back.2bpp.lzp
tools/pokemon_animation -f gfx/pokemon/voltorb_hisuian/front.animated.tilemap gfx/pokemon/voltorb_hisuian/front.dimensions > gfx/pokemon/voltorb_hisuian/frames.asm
tools/lzpcompress -- gfx/pokemon/electrode_hisuian/front.animated.2bpp gfx/pokemon/electrode_hisuian/front.animated.2bpp.lzp
tools/lzpcompress -- gfx/pokemon/electrode_hisuian/back.2bpp gfx/pokemon/electrode_hisuian/back.2bpp.lzp
tools/pokemon_animation -f gfx/pokemon/electrode_hisuian/front.animated.tilemap gfx/pokemon/electrode_hisuian/front.dimensions > gfx/pokemon/electrode_hisuian/frames.asm
tools/lzpcompress -- gfx/pokemon/qwilfish_plain/front.animated.2bpp gfx/pokemon/qwilfish_plain/front.animated.2bpp.lzp
tools/lzpcompress -- gfx/pokemon/qwilfish_plain/back.2bpp gfx/pokemon/qwilfish_plain/back.2bpp.lzp
tools/pokemon_animation -f gfx/pokemon/qwilfish_plain/front.animated.tilemap gfx/pokemon/qwilfish_plain/front.dimensions > gfx/pokemon/qwilfish_plain/frames.asm
tools/lzpcompress -- gfx/pokemon/qwilfish_hisuian/front.animated.2bpp gfx/pokemon/qwilfish_hisuian/front.animated.2bpp.lzp
tools/lzpcompress -- gfx/pokemon/qwilfish_hisuian/back.2bpp gfx/pokemon/qwilfish_hisuian/back.2bpp.lzp
tools/pokemon_animation -f gfx/pokemon/qwilfish_hisuian/front.animated.tilemap gfx/pokemon/qwilfish_hisuian/front.dimensions > gfx/pokemon/qwilfish_hisuian/frames.asm
tools/lzpcompress -- gfx/pokemon/overqwil/front.animated.2bpp gfx/pokemon/overqwil/front.animated.2bpp.lzp
tools/lzpcompress -- gfx/pokemon/overqwil/back.2bpp gfx/pokemon/overqwil/back.2bpp.lzp
tools/pokemon_animation -f gfx/pokemon/overqwil/front.animated.tilemap gfx/pokemon/overqwil/front.dimensions > gfx/pokemon/overqwil/frames.asm
tools/lzpcompress -- gfx/pokemon/dudunsparce_two_segment/front.animated.2bpp gfx/pokemon/dudunsparce_two_segment/front.animated.2bpp.lzp
tools/lzpcompress -- gfx/pokemon/dudunsparce_three_segment/front.animated.2bpp gfx/pokemon/dudunsparce_three_segment/front.animated.2bpp.lzp
tools/lzpcompress -- gfx/pokemon/dudunsparce_two_segment/back.2bpp gfx/pokemon/dudunsparce_two_segment/back.2bpp.lzp
tools/lzpcompress -- gfx/pokemon/dudunsparce_three_segment/back.2bpp gfx/pokemon/dudunsparce_three_segment/back.2bpp.lzp
tools/pokemon_animation -f gfx/pokemon/dudunsparce_two_segment/front.animated.tilemap gfx/pokemon/dudunsparce_two_segment/front.dimensions > gfx/pokemon/dudunsparce_two_segment/frames.asm
tools/pokemon_animation -f gfx/pokemon/dudunsparce_three_segment/front.animated.tilemap gfx/pokemon/dudunsparce_three_segment/front.dimensions > gfx/pokemon/dudunsparce_three_segment/frames.asm
tools/lzpcompress -- gfx/pokemon/farigiraf/front.animated.2bpp gfx/pokemon/farigiraf/front.animated.2bpp.lzp
tools/lzpcompress -- gfx/pokemon/farigiraf/back.2bpp gfx/pokemon/farigiraf/back.2bpp.lzp
tools/pokemon_animation -f gfx/pokemon/farigiraf/front.animated.tilemap gfx/pokemon/farigiraf/front.dimensions > gfx/pokemon/farigiraf/frames.asm
tools/lzpcompress -- gfx/pokemon/clodsire/front.animated.2bpp gfx/pokemon/clodsire/front.animated.2bpp.lzp
tools/lzpcompress -- gfx/pokemon/clodsire/back.2bpp gfx/pokemon/clodsire/back.2bpp.lzp
tools/pokemon_animation -f gfx/pokemon/clodsire/front.animated.tilemap gfx/pokemon/clodsire/front.dimensions > gfx/pokemon/clodsire/frames.asm
tools/lzpcompress -- gfx/pokemon/annihilape/front.animated.2bpp gfx/pokemon/annihilape/front.animated.2bpp.lzp
tools/lzpcompress -- gfx/pokemon/annihilape/back.2bpp gfx/pokemon/annihilape/back.2bpp.lzp
tools/pokemon_animation -f gfx/pokemon/annihilape/front.animated.tilemap gfx/pokemon/annihilape/front.dimensions > gfx/pokemon/annihilape/frames.asm
tools/lzpcompress -- gfx/pokemon/sneasel_plain/front.animated.2bpp gfx/pokemon/sneasel_plain/front.animated.2bpp.lzp
tools/lzpcompress -- gfx/pokemon/sneasel_plain/back.2bpp gfx/pokemon/sneasel_plain/back.2bpp.lzp
tools/pokemon_animation -f gfx/pokemon/sneasel_plain/front.animated.tilemap gfx/pokemon/sneasel_plain/front.dimensions > gfx/pokemon/sneasel_plain/frames.asm
tools/lzpcompress -- gfx/pokemon/weavile/front.animated.2bpp gfx/pokemon/weavile/front.animated.2bpp.lzp
tools/lzpcompress -- gfx/pokemon/weavile/back.2bpp gfx/pokemon/weavile/back.2bpp.lzp
tools/pokemon_animation -f gfx/pokemon/weavile/front.animated.tilemap gfx/pokemon/weavile/front.dimensions > gfx/pokemon/weavile/frames.asm
tools/lzpcompress -- gfx/pokemon/sneasel_hisuian/front.animated.2bpp gfx/pokemon/sneasel_hisuian/front.animated.2bpp.lzp
tools/lzpcompress -- gfx/pokemon/sneasel_hisuian/back.2bpp gfx/pokemon/sneasel_hisuian/back.2bpp.lzp
tools/pokemon_animation -f gfx/pokemon/sneasel_hisuian/front.animated.tilemap gfx/pokemon/sneasel_hisuian/front.dimensions > gfx/pokemon/sneasel_hisuian/frames.asm
tools/lzpcompress -- gfx/pokemon/sneasler/front.animated.2bpp gfx/pokemon/sneasler/front.animated.2bpp.lzp
tools/lzpcompress -- gfx/pokemon/sneasler/back.2bpp gfx/pokemon/sneasler/back.2bpp.lzp
tools/pokemon_animation -f gfx/pokemon/sneasler/front.animated.tilemap gfx/pokemon/sneasler/front.dimensions > gfx/pokemon/sneasler/frames.asm
tools/lzpcompress -- gfx/pokemon/wooper_plain/front.animated.2bpp gfx/pokemon/wooper_plain/front.animated.2bpp.lzp
tools/lzpcompress -- gfx/pokemon/wooper_plain/back.2bpp gfx/pokemon/wooper_plain/back.2bpp.lzp
tools/pokemon_animation -f gfx/pokemon/wooper_plain/front.animated.tilemap gfx/pokemon/wooper_plain/front.dimensions > gfx/pokemon/wooper_plain/frames.asm
tools/lzpcompress -- gfx/pokemon/wooper_paldean/front.animated.2bpp gfx/pokemon/wooper_paldean/front.animated.2bpp.lzp
tools/lzpcompress -- gfx/pokemon/wooper_paldean/back.2bpp gfx/pokemon/wooper_paldean/back.2bpp.lzp
tools/pokemon_animation -f gfx/pokemon/wooper_paldean/front.animated.tilemap gfx/pokemon/wooper_paldean/front.dimensions > gfx/pokemon/wooper_paldean/frames.asm
tools/lzpcompress -- gfx/pokemon/tauros_plain/front.animated.2bpp gfx/pokemon/tauros_plain/front.animated.2bpp.lzp
tools/lzpcompress -- gfx/pokemon/tauros_plain/back.2bpp gfx/pokemon/tauros_plain/back.2bpp.lzp
tools/pokemon_animation -f gfx/pokemon/tauros_plain/front.animated.tilemap gfx/pokemon/tauros_plain/front.dimensions > gfx/pokemon/tauros_plain/frames.asm
tools/lzpcompress -- gfx/pokemon/tauros_paldean/front.animated.2bpp gfx/pokemon/tauros_paldean/front.animated.2bpp.lzp
tools/lzpcompress -- gfx/pokemon/tauros_paldean/back.2bpp gfx/pokemon/tauros_paldean/back.2bpp.lzp
tools/pokemon_animation -f gfx/pokemon/tauros_paldean/front.animated.tilemap gfx/pokemon/tauros_paldean/front.dimensions > gfx/pokemon/tauros_paldean/frames.asm
tools/lzpcompress -- gfx/pokemon/tauros_paldean_fire/front.animated.2bpp gfx/pokemon/tauros_paldean_fire/front.animated.2bpp.lzp
tools/lzpcompress -- gfx/pokemon/tauros_paldean_fire/back.2bpp gfx/pokemon/tauros_paldean_fire/back.2bpp.lzp
tools/pokemon_animation -f gfx/pokemon/tauros_paldean_fire/front.animated.tilemap gfx/pokemon/tauros_paldean_fire/front.dimensions > gfx/pokemon/tauros_paldean_fire/frames.asm
tools/lzpcompress -- gfx/pokemon/tauros_paldean_water/front.animated.2bpp gfx/pokemon/tauros_paldean_water/front.animated.2bpp.lzp
tools/lzpcompress -- gfx/pokemon/tauros_paldean_water/back.2bpp gfx/pokemon/tauros_paldean_water/back.2bpp.lzp
tools/pokemon_animation -f gfx/pokemon/tauros_paldean_water/front.animated.tilemap gfx/pokemon/tauros_paldean_water/front.dimensions > gfx/pokemon/tauros_paldean_water/frames.asm
tools/lzpcompress -- gfx/sprites/chris.2bpp gfx/sprites/chris.2bpp.lzp
tools/lzpcompress -- gfx/sprites/chris_bike.2bpp gfx/sprites/chris_bike.2bpp.lzp
tools/lzpcompress -- gfx/sprites/chris_surf.2bpp gfx/sprites/chris_surf.2bpp.lzp
tools/lzpcompress -- gfx/sprites/chris_run.2bpp gfx/sprites/chris_run.2bpp.lzp
tools/lzpcompress -- gfx/sprites/kris.2bpp gfx/sprites/kris.2bpp.lzp
tools/lzpcompress -- gfx/sprites/kris_bike.2bpp gfx/sprites/kris_bike.2bpp.lzp
tools/lzpcompress -- gfx/sprites/kris_surf.2bpp gfx/sprites/kris_surf.2bpp.lzp
tools/lzpcompress -- gfx/sprites/kris_run.2bpp gfx/sprites/kris_run.2bpp.lzp
tools/lzpcompress -- gfx/sprites/mom.2bpp gfx/sprites/mom.2bpp.lzp
tools/lzpcompress -- gfx/sprites/dad.2bpp gfx/sprites/dad.2bpp.lzp
tools/lzpcompress -- gfx/sprites/lyra.2bpp gfx/sprites/lyra.2bpp.lzp
tools/lzpcompress -- gfx/sprites/rival.2bpp gfx/sprites/rival.2bpp.lzp
tools/lzpcompress -- gfx/sprites/falkner.2bpp gfx/sprites/falkner.2bpp.lzp
tools/lzpcompress -- gfx/sprites/whitney.2bpp gfx/sprites/whitney.2bpp.lzp
tools/lzpcompress -- gfx/sprites/bugsy.2bpp gfx/sprites/bugsy.2bpp.lzp
tools/lzpcompress -- gfx/sprites/morty.2bpp gfx/sprites/morty.2bpp.lzp
tools/lzpcompress -- gfx/sprites/chuck.2bpp gfx/sprites/chuck.2bpp.lzp
tools/lzpcompress -- gfx/sprites/jasmine.2bpp gfx/sprites/jasmine.2bpp.lzp
tools/lzpcompress -- gfx/sprites/pryce.2bpp gfx/sprites/pryce.2bpp.lzp
tools/lzpcompress -- gfx/sprites/clair.2bpp gfx/sprites/clair.2bpp.lzp
tools/lzpcompress -- gfx/sprites/will.2bpp gfx/sprites/will.2bpp.lzp
tools/lzpcompress -- gfx/sprites/koga.2bpp gfx/sprites/koga.2bpp.lzp
tools/lzpcompress -- gfx/sprites/bruno.2bpp gfx/sprites/bruno.2bpp.lzp
tools/lzpcompress -- gfx/sprites/karen.2bpp gfx/sprites/karen.2bpp.lzp
tools/lzpcompress -- gfx/sprites/lance.2bpp gfx/sprites/lance.2bpp.lzp
tools/lzpcompress -- gfx/sprites/brock.2bpp gfx/sprites/brock.2bpp.lzp
tools/lzpcompress -- gfx/sprites/misty.2bpp gfx/sprites/misty.2bpp.lzp
tools/lzpcompress -- gfx/sprites/surge.2bpp gfx/sprites/surge.2bpp.lzp
tools/lzpcompress -- gfx/sprites/erika.2bpp gfx/sprites/erika.2bpp.lzp
tools/lzpcompress -- gfx/sprites/janine.2bpp gfx/sprites/janine.2bpp.lzp
tools/lzpcompress -- gfx/sprites/sabrina.2bpp gfx/sprites/sabrina.2bpp.lzp
tools/lzpcompress -- gfx/sprites/blaine.2bpp gfx/sprites/blaine.2bpp.lzp
tools/lzpcompress -- gfx/sprites/blue.2bpp gfx/sprites/blue.2bpp.lzp
tools/lzpcompress -- gfx/sprites/red.2bpp gfx/sprites/red.2bpp.lzp
tools/lzpcompress -- gfx/sprites/leaf.2bpp gfx/sprites/leaf.2bpp.lzp
tools/lzpcompress -- gfx/sprites/yellow.2bpp gfx/sprites/yellow.2bpp.lzp
tools/lzpcompress -- gfx/sprites/oak.2bpp gfx/sprites/oak.2bpp.lzp
tools/lzpcompress -- gfx/sprites/elm.2bpp gfx/sprites/elm.2bpp.lzp
tools/lzpcompress -- gfx/sprites/ivy.2bpp gfx/sprites/ivy.2bpp.lzp
tools/lzpcompress -- gfx/sprites/westwood.2bpp gfx/sprites/westwood.2bpp.lzp
tools/lzpcompress -- gfx/sprites/willow.2bpp gfx/sprites/willow.2bpp.lzp
tools/lzpcompress -- gfx/sprites/andy.2bpp gfx/sprites/andy.2bpp.lzp
tools/lzpcompress -- gfx/sprites/bill.2bpp gfx/sprites/bill.2bpp.lzp
tools/lzpcompress -- gfx/sprites/eusine.2bpp gfx/sprites/eusine.2bpp.lzp
tools/lzpcompress -- gfx/sprites/kurt.2bpp gfx/sprites/kurt.2bpp.lzp
tools/lzpcompress -- gfx/sprites/reds_mom.2bpp gfx/sprites/reds_mom.2bpp.lzp
tools/lzpcompress -- gfx/sprites/daisy.2bpp gfx/sprites/daisy.2bpp.lzp
tools/lzpcompress -- gfx/sprites/lorelei.2bpp gfx/sprites/lorelei.2bpp.lzp
tools/lzpcompress -- gfx/sprites/agatha.2bpp gfx/sprites/agatha.2bpp.lzp
tools/lzpcompress -- gfx/sprites/palmer.2bpp gfx/sprites/palmer.2bpp.lzp
tools/lzpcompress -- gfx/sprites/walker.2bpp gfx/sprites/walker.2bpp.lzp
tools/lzpcompress -- gfx/sprites/imakuni.2bpp gfx/sprites/imakuni.2bpp.lzp
tools/lzpcompress -- gfx/sprites/lawrence.2bpp gfx/sprites/lawrence.2bpp.lzp
tools/lzpcompress -- gfx/sprites/james.2bpp gfx/sprites/james.2bpp.lzp
tools/lzpcompress -- gfx/sprites/jessie.2bpp gfx/sprites/jessie.2bpp.lzp
tools/lzpcompress -- gfx/sprites/proton.2bpp gfx/sprites/proton.2bpp.lzp
tools/lzpcompress -- gfx/sprites/petrel.2bpp gfx/sprites/petrel.2bpp.lzp
tools/lzpcompress -- gfx/sprites/archer.2bpp gfx/sprites/archer.2bpp.lzp
tools/lzpcompress -- gfx/sprites/ariana.2bpp gfx/sprites/ariana.2bpp.lzp
tools/lzpcompress -- gfx/sprites/giovanni.2bpp gfx/sprites/giovanni.2bpp.lzp
tools/lzpcompress -- gfx/sprites/cheryl.2bpp gfx/sprites/cheryl.2bpp.lzp
tools/lzpcompress -- gfx/sprites/riley.2bpp gfx/sprites/riley.2bpp.lzp
tools/lzpcompress -- gfx/sprites/buck.2bpp gfx/sprites/buck.2bpp.lzp
tools/lzpcompress -- gfx/sprites/marley.2bpp gfx/sprites/marley.2bpp.lzp
tools/lzpcompress -- gfx/sprites/mira.2bpp gfx/sprites/mira.2bpp.lzp
tools/lzpcompress -- gfx/sprites/anabel.2bpp gfx/sprites/anabel.2bpp.lzp
tools/lzpcompress -- gfx/sprites/flannery.2bpp gfx/sprites/flannery.2bpp.lzp
tools/lzpcompress -- gfx/sprites/maylene.2bpp gfx/sprites/maylene.2bpp.lzp
tools/lzpcompress -- gfx/sprites/marlon.2bpp gfx/sprites/marlon.2bpp.lzp
tools/lzpcompress -- gfx/sprites/valerie.2bpp gfx/sprites/valerie.2bpp.lzp
tools/lzpcompress -- gfx/sprites/kukui.2bpp gfx/sprites/kukui.2bpp.lzp
tools/lzpcompress -- gfx/sprites/caitlin.2bpp gfx/sprites/caitlin.2bpp.lzp
tools/lzpcompress -- gfx/sprites/darach.2bpp gfx/sprites/darach.2bpp.lzp
tools/lzpcompress -- gfx/sprites/steven.2bpp gfx/sprites/steven.2bpp.lzp
tools/lzpcompress -- gfx/sprites/cynthia.2bpp gfx/sprites/cynthia.2bpp.lzp
tools/lzpcompress -- gfx/sprites/candela.2bpp gfx/sprites/candela.2bpp.lzp
tools/lzpcompress -- gfx/sprites/blanche.2bpp gfx/sprites/blanche.2bpp.lzp
tools/lzpcompress -- gfx/sprites/spark.2bpp gfx/sprites/spark.2bpp.lzp
tools/lzpcompress -- gfx/sprites/mary.2bpp gfx/sprites/mary.2bpp.lzp
tools/lzpcompress -- gfx/sprites/buena.2bpp gfx/sprites/buena.2bpp.lzp
tools/lzpcompress -- gfx/sprites/captain.2bpp gfx/sprites/captain.2bpp.lzp
tools/lzpcompress -- gfx/sprites/matsumoto.2bpp gfx/sprites/matsumoto.2bpp.lzp
tools/lzpcompress -- gfx/sprites/ace_trainer_f.2bpp gfx/sprites/ace_trainer_f.2bpp.lzp
tools/lzpcompress -- gfx/sprites/ace_trainer_m.2bpp gfx/sprites/ace_trainer_m.2bpp.lzp
tools/lzpcompress -- gfx/sprites/aroma_lady.2bpp gfx/sprites/aroma_lady.2bpp.lzp
tools/lzpcompress -- gfx/sprites/artist.2bpp gfx/sprites/artist.2bpp.lzp
tools/lzpcompress -- gfx/sprites/baker.2bpp gfx/sprites/baker.2bpp.lzp
tools/lzpcompress -- gfx/sprites/battle_girl.2bpp gfx/sprites/battle_girl.2bpp.lzp
tools/lzpcompress -- gfx/sprites/beauty.2bpp gfx/sprites/beauty.2bpp.lzp
tools/lzpcompress -- gfx/sprites/biker.2bpp gfx/sprites/biker.2bpp.lzp
tools/lzpcompress -- gfx/sprites/bird_keeper.2bpp gfx/sprites/bird_keeper.2bpp.lzp
tools/lzpcompress -- gfx/sprites/black_belt.2bpp gfx/sprites/black_belt.2bpp.lzp
tools/lzpcompress -- gfx/sprites/boarder.2bpp gfx/sprites/boarder.2bpp.lzp
tools/lzpcompress -- gfx/sprites/breeder.2bpp gfx/sprites/breeder.2bpp.lzp
tools/lzpcompress -- gfx/sprites/bug_catcher.2bpp gfx/sprites/bug_catcher.2bpp.lzp
tools/lzpcompress -- gfx/sprites/bug_maniac.2bpp gfx/sprites/bug_maniac.2bpp.lzp
tools/lzpcompress -- gfx/sprites/burglar.2bpp gfx/sprites/burglar.2bpp.lzp
tools/lzpcompress -- gfx/sprites/camper.2bpp gfx/sprites/camper.2bpp.lzp
tools/lzpcompress -- gfx/sprites/child.2bpp gfx/sprites/child.2bpp.lzp
tools/lzpcompress -- gfx/sprites/cool_dude.2bpp gfx/sprites/cool_dude.2bpp.lzp
tools/lzpcompress -- gfx/sprites/cosplayer.2bpp gfx/sprites/cosplayer.2bpp.lzp
tools/lzpcompress -- gfx/sprites/cowgirl.2bpp gfx/sprites/cowgirl.2bpp.lzp
tools/lzpcompress -- gfx/sprites/cute_girl.2bpp gfx/sprites/cute_girl.2bpp.lzp
tools/lzpcompress -- gfx/sprites/dragon_tamer.2bpp gfx/sprites/dragon_tamer.2bpp.lzp
tools/lzpcompress -- gfx/sprites/elder.2bpp gfx/sprites/elder.2bpp.lzp
tools/lzpcompress -- gfx/sprites/engineer.2bpp gfx/sprites/engineer.2bpp.lzp
tools/lzpcompress -- gfx/sprites/fat_guy.2bpp gfx/sprites/fat_guy.2bpp.lzp
tools/lzpcompress -- gfx/sprites/firebreather.2bpp gfx/sprites/firebreather.2bpp.lzp
tools/lzpcompress -- gfx/sprites/fisher.2bpp gfx/sprites/fisher.2bpp.lzp
tools/lzpcompress -- gfx/sprites/gentleman.2bpp gfx/sprites/gentleman.2bpp.lzp
tools/lzpcompress -- gfx/sprites/gramps.2bpp gfx/sprites/gramps.2bpp.lzp
tools/lzpcompress -- gfx/sprites/granny.2bpp gfx/sprites/granny.2bpp.lzp
tools/lzpcompress -- gfx/sprites/hex_maniac.2bpp gfx/sprites/hex_maniac.2bpp.lzp
tools/lzpcompress -- gfx/sprites/hiker.2bpp gfx/sprites/hiker.2bpp.lzp
tools/lzpcompress -- gfx/sprites/juggler.2bpp gfx/sprites/juggler.2bpp.lzp
tools/lzpcompress -- gfx/sprites/kimono_girl.2bpp gfx/sprites/kimono_girl.2bpp.lzp
tools/lzpcompress -- gfx/sprites/lady.2bpp gfx/sprites/lady.2bpp.lzp
tools/lzpcompress -- gfx/sprites/lass.2bpp gfx/sprites/lass.2bpp.lzp
tools/lzpcompress -- gfx/sprites/matron.2bpp gfx/sprites/matron.2bpp.lzp
tools/lzpcompress -- gfx/sprites/nurse.2bpp gfx/sprites/nurse.2bpp.lzp
tools/lzpcompress -- gfx/sprites/officer.2bpp gfx/sprites/officer.2bpp.lzp
tools/lzpcompress -- gfx/sprites/officer_f.2bpp gfx/sprites/officer_f.2bpp.lzp
tools/lzpcompress -- gfx/sprites/pharmacist.2bpp gfx/sprites/pharmacist.2bpp.lzp
tools/lzpcompress -- gfx/sprites/pi.2bpp gfx/sprites/pi.2bpp.lzp
tools/lzpcompress -- gfx/sprites/picnicker.2bpp gfx/sprites/picnicker.2bpp.lzp
tools/lzpcompress -- gfx/sprites/pokefan_m.2bpp gfx/sprites/pokefan_m.2bpp.lzp
tools/lzpcompress -- gfx/sprites/pokefan_f.2bpp gfx/sprites/pokefan_f.2bpp.lzp
tools/lzpcompress -- gfx/sprites/pokemaniac.2bpp gfx/sprites/pokemaniac.2bpp.lzp
tools/lzpcompress -- gfx/sprites/psychic.2bpp gfx/sprites/psychic.2bpp.lzp
tools/lzpcompress -- gfx/sprites/rich_boy.2bpp gfx/sprites/rich_boy.2bpp.lzp
tools/lzpcompress -- gfx/sprites/rocker.2bpp gfx/sprites/rocker.2bpp.lzp
tools/lzpcompress -- gfx/sprites/rocket.2bpp gfx/sprites/rocket.2bpp.lzp
tools/lzpcompress -- gfx/sprites/rocket_girl.2bpp gfx/sprites/rocket_girl.2bpp.lzp
tools/lzpcompress -- gfx/sprites/roughneck.2bpp gfx/sprites/roughneck.2bpp.lzp
tools/lzpcompress -- gfx/sprites/sage.2bpp gfx/sprites/sage.2bpp.lzp
tools/lzpcompress -- gfx/sprites/sailor.2bpp gfx/sprites/sailor.2bpp.lzp
tools/lzpcompress -- gfx/sprites/schoolboy.2bpp gfx/sprites/schoolboy.2bpp.lzp
tools/lzpcompress -- gfx/sprites/schoolgirl.2bpp gfx/sprites/schoolgirl.2bpp.lzp
tools/lzpcompress -- gfx/sprites/scientist.2bpp gfx/sprites/scientist.2bpp.lzp
tools/lzpcompress -- gfx/sprites/scientist_f.2bpp gfx/sprites/scientist_f.2bpp.lzp
tools/lzpcompress -- gfx/sprites/sightseer_m.2bpp gfx/sprites/sightseer_m.2bpp.lzp
tools/lzpcompress -- gfx/sprites/skier.2bpp gfx/sprites/skier.2bpp.lzp
tools/lzpcompress -- gfx/sprites/super_nerd.2bpp gfx/sprites/super_nerd.2bpp.lzp
tools/lzpcompress -- gfx/sprites/swimmer_f.2bpp gfx/sprites/swimmer_f.2bpp.lzp
tools/lzpcompress -- gfx/sprites/swimmer_m.2bpp gfx/sprites/swimmer_m.2bpp.lzp
tools/lzpcompress -- gfx/sprites/tamer.2bpp gfx/sprites/tamer.2bpp.lzp
tools/lzpcompress -- gfx/sprites/teacher.2bpp gfx/sprites/teacher.2bpp.lzp
tools/lzpcompress -- gfx/sprites/twin.2bpp gfx/sprites/twin.2bpp.lzp
tools/lzpcompress -- gfx/sprites/veteran_m.2bpp gfx/sprites/veteran_m.2bpp.lzp
tools/lzpcompress -- gfx/sprites/veteran_f.2bpp gfx/sprites/veteran_f.2bpp.lzp
tools/lzpcompress -- gfx/sprites/waitress.2bpp gfx/sprites/waitress.2bpp.lzp
tools/lzpcompress -- gfx/sprites/youngster.2bpp gfx/sprites/youngster.2bpp.lzp
tools/lzpcompress -- gfx/sprites/bowing_nurse.2bpp gfx/sprites/bowing_nurse.2bpp.lzp
tools/lzpcompress -- gfx/sprites/clerk.2bpp gfx/sprites/clerk.2bpp.lzp
tools/lzpcompress -- gfx/sprites/receptionist.2bpp gfx/sprites/receptionist.2bpp.lzp
tools/lzpcompress -- gfx/sprites/link_receptionist.2bpp gfx/sprites/link_receptionist.2bpp.lzp
tools/lzpcompress -- gfx/sprites/gym_guy.2bpp gfx/sprites/gym_guy.2bpp.lzp
tools/lzpcompress -- gfx/sprites/fishing_guru.2bpp gfx/sprites/fishing_guru.2bpp.lzp
tools/lzpcompress -- gfx/sprites/gameboy_kid.2bpp gfx/sprites/gameboy_kid.2bpp.lzp
tools/lzpcompress -- gfx/sprites/gamer_girl.2bpp gfx/sprites/gamer_girl.2bpp.lzp
tools/lzpcompress -- gfx/sprites/silph_employee.2bpp gfx/sprites/silph_employee.2bpp.lzp
tools/lzpcompress -- gfx/sprites/safari_officer.2bpp gfx/sprites/safari_officer.2bpp.lzp
tools/lzpcompress -- gfx/sprites/swimming_officer.2bpp gfx/sprites/swimming_officer.2bpp.lzp
tools/lzpcompress -- gfx/sprites/swimming_officer_f.2bpp gfx/sprites/swimming_officer_f.2bpp.lzp
tools/lzpcompress -- gfx/sprites/clefairy.2bpp gfx/sprites/clefairy.2bpp.lzp
tools/lzpcompress -- gfx/sprites/farfetch_d.2bpp gfx/sprites/farfetch_d.2bpp.lzp
tools/lzpcompress -- gfx/sprites/lapras.2bpp gfx/sprites/lapras.2bpp.lzp
tools/lzpcompress -- gfx/sprites/eevee.2bpp gfx/sprites/eevee.2bpp.lzp
tools/lzpcompress -- gfx/sprites/dragonite.2bpp gfx/sprites/dragonite.2bpp.lzp
tools/lzpcompress -- gfx/sprites/mew.2bpp gfx/sprites/mew.2bpp.lzp
tools/lzpcompress -- gfx/sprites/celebi.2bpp gfx/sprites/celebi.2bpp.lzp
tools/lzpcompress -- gfx/sprites/surf_pikachu.2bpp gfx/sprites/surf_pikachu.2bpp.lzp
tools/lzpcompress -- gfx/sprites/armored_mewtwo.2bpp gfx/sprites/armored_mewtwo.2bpp.lzp
tools/lzpcompress -- gfx/sprites/big_snorlax.2bpp gfx/sprites/big_snorlax.2bpp.lzp
tools/lzpcompress -- gfx/sprites/big_lapras.2bpp gfx/sprites/big_lapras.2bpp.lzp
tools/lzpcompress -- gfx/sprites/big_onix.2bpp gfx/sprites/big_onix.2bpp.lzp
tools/lzpcompress -- gfx/sprites/big_gyarados.2bpp gfx/sprites/big_gyarados.2bpp.lzp
tools/lzpcompress -- gfx/sprites/slowpoketail.2bpp gfx/sprites/slowpoketail.2bpp.lzp
tools/lzpcompress -- gfx/sprites/pidgeotto_side.2bpp gfx/sprites/pidgeotto_side.2bpp.lzp
tools/lzpcompress -- gfx/sprites/rattata_back.2bpp gfx/sprites/rattata_back.2bpp.lzp
tools/lzpcompress -- gfx/sprites/weird_tree.2bpp gfx/sprites/weird_tree.2bpp.lzp
tools/lzpcompress -- gfx/sprites/ball_cut_tree.2bpp gfx/sprites/ball_cut_tree.2bpp.lzp
tools/lzpcompress -- gfx/sprites/boulder_rock.2bpp gfx/sprites/boulder_rock.2bpp.lzp
tools/lzpcompress -- gfx/sprites/book_paper_pokedex.2bpp gfx/sprites/book_paper_pokedex.2bpp.lzp
tools/lzpcompress -- gfx/sprites/snes.2bpp gfx/sprites/snes.2bpp.lzp
tools/lzpcompress -- gfx/sprites/n64.2bpp gfx/sprites/n64.2bpp.lzp
tools/lzpcompress -- gfx/sprites/gamecube.2bpp gfx/sprites/gamecube.2bpp.lzp
tools/lzpcompress -- gfx/sprites/wii.2bpp gfx/sprites/wii.2bpp.lzp
tools/lzpcompress -- gfx/sprites/silver_trophy.2bpp gfx/sprites/silver_trophy.2bpp.lzp
tools/lzpcompress -- gfx/sprites/gold_trophy.2bpp gfx/sprites/gold_trophy.2bpp.lzp
tools/lzpcompress -- gfx/sprites/electric_fence_left.2bpp gfx/sprites/electric_fence_left.2bpp.lzp
tools/lzpcompress -- gfx/sprites/electric_fence_right.2bpp gfx/sprites/electric_fence_right.2bpp.lzp
tools/lzpcompress -- gfx/sprites/sailboat.2bpp gfx/sprites/sailboat.2bpp.lzp
tools/lzpcompress -- gfx/sprites/ice_boulder_fossils.2bpp gfx/sprites/ice_boulder_fossils.2bpp.lzp
tools/lzpcompress -- gfx/sprites/beach_guy.2bpp gfx/sprites/beach_guy.2bpp.lzp
tools/lzpcompress -- gfx/sprites/beach_girl.2bpp gfx/sprites/beach_girl.2bpp.lzp
tools/lzpcompress -- gfx/sprites/piers.2bpp gfx/sprites/piers.2bpp.lzp
tools/lzpcompress -- gfx/sprites/larry.2bpp gfx/sprites/larry.2bpp.lzp
tools/lzpcompress -- gfx/sprites/alolan_exeggutor.2bpp gfx/sprites/alolan_exeggutor.2bpp.lzp
tools/lzpcompress -- gfx/sprites/crys.2bpp gfx/sprites/crys.2bpp.lzp
tools/lzpcompress -- gfx/sprites/crys_bike.2bpp gfx/sprites/crys_bike.2bpp.lzp
tools/lzpcompress -- gfx/sprites/crys_surf.2bpp gfx/sprites/crys_surf.2bpp.lzp
tools/lzpcompress -- gfx/sprites/crys_run.2bpp gfx/sprites/crys_run.2bpp.lzp
tools/lzpcompress -- gfx/sprites/thorton.2bpp gfx/sprites/thorton.2bpp.lzp
tools/lzpcompress -- gfx/sprites/blank_fruit.2bpp gfx/sprites/blank_fruit.2bpp.lzp
tools/lzpcompress -- gfx/sprites/big_ho_oh.2bpp gfx/sprites/big_ho_oh.2bpp.lzp
tools/lzpcompress -- gfx/sprites/big_lugia.2bpp gfx/sprites/big_lugia.2bpp.lzp
tools/lzpcompress -- gfx/sprites/beta.2bpp gfx/sprites/beta.2bpp.lzp
tools/lzpcompress -- gfx/sprites/beta_bike.2bpp gfx/sprites/beta_bike.2bpp.lzp
tools/lzpcompress -- gfx/sprites/beta_surf.2bpp gfx/sprites/beta_surf.2bpp.lzp
tools/lzpcompress -- gfx/sprites/beta_run.2bpp gfx/sprites/beta_run.2bpp.lzp
tools/lzpcompress -- gfx/sprites/floating_ball.2bpp gfx/sprites/floating_ball.2bpp.lzp
tools/lzpcompress -- gfx/sprites/spinarak_cart.2bpp gfx/sprites/spinarak_cart.2bpp.lzp
tools/lzpcompress -- gfx/sprites/pearl.2bpp gfx/sprites/pearl.2bpp.lzp
tools/lzpcompress -- gfx/sprites/pagoda.2bpp gfx/sprites/pagoda.2bpp.lzp
tools/lzpcompress -- gfx/sprites/campfire.2bpp gfx/sprites/campfire.2bpp.lzp
tools/lzpcompress -- gfx/trainers/cal.2bpp gfx/trainers/cal.2bpp.lzp
tools/lzpcompress -- gfx/trainers/carrie.2bpp gfx/trainers/carrie.2bpp.lzp
tools/lzpcompress -- gfx/trainers/jacky.2bpp gfx/trainers/jacky.2bpp.lzp
tools/lzpcompress -- gfx/trainers/euna.2bpp gfx/trainers/euna.2bpp.lzp
tools/lzpcompress -- gfx/trainers/falkner.2bpp gfx/trainers/falkner.2bpp.lzp
tools/lzpcompress -- gfx/trainers/bugsy.2bpp gfx/trainers/bugsy.2bpp.lzp
tools/lzpcompress -- gfx/trainers/whitney.2bpp gfx/trainers/whitney.2bpp.lzp
tools/lzpcompress -- gfx/trainers/morty.2bpp gfx/trainers/morty.2bpp.lzp
tools/lzpcompress -- gfx/trainers/chuck.2bpp gfx/trainers/chuck.2bpp.lzp
tools/lzpcompress -- gfx/trainers/jasmine.2bpp gfx/trainers/jasmine.2bpp.lzp
tools/lzpcompress -- gfx/trainers/pryce.2bpp gfx/trainers/pryce.2bpp.lzp
tools/lzpcompress -- gfx/trainers/clair.2bpp gfx/trainers/clair.2bpp.lzp
tools/lzpcompress -- gfx/trainers/will.2bpp gfx/trainers/will.2bpp.lzp
tools/lzpcompress -- gfx/trainers/koga.2bpp gfx/trainers/koga.2bpp.lzp
tools/lzpcompress -- gfx/trainers/bruno.2bpp gfx/trainers/bruno.2bpp.lzp
tools/lzpcompress -- gfx/trainers/karen.2bpp gfx/trainers/karen.2bpp.lzp
tools/lzpcompress -- gfx/trainers/champion.2bpp gfx/trainers/champion.2bpp.lzp
tools/lzpcompress -- gfx/trainers/brock.2bpp gfx/trainers/brock.2bpp.lzp
tools/lzpcompress -- gfx/trainers/misty.2bpp gfx/trainers/misty.2bpp.lzp
tools/lzpcompress -- gfx/trainers/lt_surge.2bpp gfx/trainers/lt_surge.2bpp.lzp
tools/lzpcompress -- gfx/trainers/erika.2bpp gfx/trainers/erika.2bpp.lzp
tools/lzpcompress -- gfx/trainers/janine.2bpp gfx/trainers/janine.2bpp.lzp
tools/lzpcompress -- gfx/trainers/sabrina.2bpp gfx/trainers/sabrina.2bpp.lzp
tools/lzpcompress -- gfx/trainers/blaine.2bpp gfx/trainers/blaine.2bpp.lzp
tools/lzpcompress -- gfx/trainers/blue.2bpp gfx/trainers/blue.2bpp.lzp
tools/lzpcompress -- gfx/trainers/red.2bpp gfx/trainers/red.2bpp.lzp
tools/lzpcompress -- gfx/trainers/leaf.2bpp gfx/trainers/leaf.2bpp.lzp
tools/lzpcompress -- gfx/trainers/rival1.2bpp gfx/trainers/rival1.2bpp.lzp
tools/lzpcompress -- gfx/trainers/rival2.2bpp gfx/trainers/rival2.2bpp.lzp
tools/lzpcompress -- gfx/trainers/lyra1.2bpp gfx/trainers/lyra1.2bpp.lzp
tools/lzpcompress -- gfx/trainers/lyra2.2bpp gfx/trainers/lyra2.2bpp.lzp
tools/lzpcompress -- gfx/trainers/youngster.2bpp gfx/trainers/youngster.2bpp.lzp
tools/lzpcompress -- gfx/trainers/bug_catcher.2bpp gfx/trainers/bug_catcher.2bpp.lzp
tools/lzpcompress -- gfx/trainers/camper.2bpp gfx/trainers/camper.2bpp.lzp
tools/lzpcompress -- gfx/trainers/picnicker.2bpp gfx/trainers/picnicker.2bpp.lzp
tools/lzpcompress -- gfx/trainers/twins.2bpp gfx/trainers/twins.2bpp.lzp
tools/lzpcompress -- gfx/trainers/fisher.2bpp gfx/trainers/fisher.2bpp.lzp
tools/lzpcompress -- gfx/trainers/bird_keeper.2bpp gfx/trainers/bird_keeper.2bpp.lzp
tools/lzpcompress -- gfx/trainers/hiker.2bpp gfx/trainers/hiker.2bpp.lzp
tools/lzpcompress -- gfx/trainers/grunt_m.2bpp gfx/trainers/grunt_m.2bpp.lzp
tools/lzpcompress -- gfx/trainers/grunt_f.2bpp gfx/trainers/grunt_f.2bpp.lzp
tools/lzpcompress -- gfx/trainers/pokefan_m.2bpp gfx/trainers/pokefan_m.2bpp.lzp
tools/lzpcompress -- gfx/trainers/pokefan_f.2bpp gfx/trainers/pokefan_f.2bpp.lzp
tools/lzpcompress -- gfx/trainers/officer_m.2bpp gfx/trainers/officer_m.2bpp.lzp
tools/lzpcompress -- gfx/trainers/officer_f.2bpp gfx/trainers/officer_f.2bpp.lzp
tools/lzpcompress -- gfx/trainers/nurse.2bpp gfx/trainers/nurse.2bpp.lzp
tools/lzpcompress -- gfx/trainers/pokemaniac.2bpp gfx/trainers/pokemaniac.2bpp.lzp
tools/lzpcompress -- gfx/trainers/cosplayer.2bpp gfx/trainers/cosplayer.2bpp.lzp
tools/lzpcompress -- gfx/trainers/super_nerd.2bpp gfx/trainers/super_nerd.2bpp.lzp
tools/lzpcompress -- gfx/trainers/lass.2bpp gfx/trainers/lass.2bpp.lzp
tools/lzpcompress -- gfx/trainers/beauty.2bpp gfx/trainers/beauty.2bpp.lzp
tools/lzpcompress -- gfx/trainers/bug_maniac.2bpp gfx/trainers/bug_maniac.2bpp.lzp
tools/lzpcompress -- gfx/trainers/ruin_maniac.2bpp gfx/trainers/ruin_maniac.2bpp.lzp
tools/lzpcompress -- gfx/trainers/firebreather.2bpp gfx/trainers/firebreather.2bpp.lzp
tools/lzpcompress -- gfx/trainers/juggler.2bpp gfx/trainers/juggler.2bpp.lzp
tools/lzpcompress -- gfx/trainers/schoolboy.2bpp gfx/trainers/schoolboy.2bpp.lzp
tools/lzpcompress -- gfx/trainers/schoolgirl.2bpp gfx/trainers/schoolgirl.2bpp.lzp
tools/lzpcompress -- gfx/trainers/psychic_t.2bpp gfx/trainers/psychic_t.2bpp.lzp
tools/lzpcompress -- gfx/trainers/hex_maniac.2bpp gfx/trainers/hex_maniac.2bpp.lzp
tools/lzpcompress -- gfx/trainers/sage.2bpp gfx/trainers/sage.2bpp.lzp
tools/lzpcompress -- gfx/trainers/medium.2bpp gfx/trainers/medium.2bpp.lzp
tools/lzpcompress -- gfx/trainers/kimono_girl.2bpp gfx/trainers/kimono_girl.2bpp.lzp
tools/lzpcompress -- gfx/trainers/elder.2bpp gfx/trainers/elder.2bpp.lzp
tools/lzpcompress -- gfx/trainers/sr_and_jr.2bpp gfx/trainers/sr_and_jr.2bpp.lzp
tools/lzpcompress -- gfx/trainers/couple.2bpp gfx/trainers/couple.2bpp.lzp
tools/lzpcompress -- gfx/trainers/gentleman.2bpp gfx/trainers/gentleman.2bpp.lzp
tools/lzpcompress -- gfx/trainers/rich_boy.2bpp gfx/trainers/rich_boy.2bpp.lzp
tools/lzpcompress -- gfx/trainers/lady.2bpp gfx/trainers/lady.2bpp.lzp
tools/lzpcompress -- gfx/trainers/breeder.2bpp gfx/trainers/breeder.2bpp.lzp
tools/lzpcompress -- gfx/trainers/baker.2bpp gfx/trainers/baker.2bpp.lzp
tools/lzpcompress -- gfx/trainers/cowgirl.2bpp gfx/trainers/cowgirl.2bpp.lzp
tools/lzpcompress -- gfx/trainers/sailor.2bpp gfx/trainers/sailor.2bpp.lzp
tools/lzpcompress -- gfx/trainers/swimmer_m.2bpp gfx/trainers/swimmer_m.2bpp.lzp
tools/lzpcompress -- gfx/trainers/swimmer_f.2bpp gfx/trainers/swimmer_f.2bpp.lzp
tools/lzpcompress -- gfx/trainers/burglar.2bpp gfx/trainers/burglar.2bpp.lzp
tools/lzpcompress -- gfx/trainers/pi.2bpp gfx/trainers/pi.2bpp.lzp
tools/lzpcompress -- gfx/trainers/scientist.2bpp gfx/trainers/scientist.2bpp.lzp
tools/lzpcompress -- gfx/trainers/boarder.2bpp gfx/trainers/boarder.2bpp.lzp
tools/lzpcompress -- gfx/trainers/skier.2bpp gfx/trainers/skier.2bpp.lzp
tools/lzpcompress -- gfx/trainers/blackbelt_t.2bpp gfx/trainers/blackbelt_t.2bpp.lzp
tools/lzpcompress -- gfx/trainers/battle_girl.2bpp gfx/trainers/battle_girl.2bpp.lzp
tools/lzpcompress -- gfx/trainers/dragon_tamer.2bpp gfx/trainers/dragon_tamer.2bpp.lzp
tools/lzpcompress -- gfx/trainers/engineer.2bpp gfx/trainers/engineer.2bpp.lzp
tools/lzpcompress -- gfx/trainers/teacher_f.2bpp gfx/trainers/teacher_f.2bpp.lzp
tools/lzpcompress -- gfx/trainers/teacher_m.2bpp gfx/trainers/teacher_m.2bpp.lzp
tools/lzpcompress -- gfx/trainers/guitarist_m.2bpp gfx/trainers/guitarist_m.2bpp.lzp
tools/lzpcompress -- gfx/trainers/guitarist_f.2bpp gfx/trainers/guitarist_f.2bpp.lzp
tools/lzpcompress -- gfx/trainers/biker.2bpp gfx/trainers/biker.2bpp.lzp
tools/lzpcompress -- gfx/trainers/roughneck.2bpp gfx/trainers/roughneck.2bpp.lzp
tools/lzpcompress -- gfx/trainers/tamer.2bpp gfx/trainers/tamer.2bpp.lzp
tools/lzpcompress -- gfx/trainers/artist.2bpp gfx/trainers/artist.2bpp.lzp
tools/lzpcompress -- gfx/trainers/aroma_lady.2bpp gfx/trainers/aroma_lady.2bpp.lzp
tools/lzpcompress -- gfx/trainers/soldier.2bpp gfx/trainers/soldier.2bpp.lzp
tools/lzpcompress -- gfx/trainers/waiter.2bpp gfx/trainers/waiter.2bpp.lzp
tools/lzpcompress -- gfx/trainers/waitress.2bpp gfx/trainers/waitress.2bpp.lzp
tools/lzpcompress -- gfx/trainers/sightseer_m.2bpp gfx/trainers/sightseer_m.2bpp.lzp
tools/lzpcompress -- gfx/trainers/sightseer_f.2bpp gfx/trainers/sightseer_f.2bpp.lzp
tools/lzpcompress -- gfx/trainers/sightseers.2bpp gfx/trainers/sightseers.2bpp.lzp
tools/lzpcompress -- gfx/trainers/cooltrainer_m.2bpp gfx/trainers/cooltrainer_m.2bpp.lzp
tools/lzpcompress -- gfx/trainers/cooltrainer_f.2bpp gfx/trainers/cooltrainer_f.2bpp.lzp
tools/lzpcompress -- gfx/trainers/ace_duo.2bpp gfx/trainers/ace_duo.2bpp.lzp
tools/lzpcompress -- gfx/trainers/veteran_m.2bpp gfx/trainers/veteran_m.2bpp.lzp
tools/lzpcompress -- gfx/trainers/veteran_f.2bpp gfx/trainers/veteran_f.2bpp.lzp
tools/lzpcompress -- gfx/trainers/proton.2bpp gfx/trainers/proton.2bpp.lzp
tools/lzpcompress -- gfx/trainers/petrel.2bpp gfx/trainers/petrel.2bpp.lzp
tools/lzpcompress -- gfx/trainers/archer.2bpp gfx/trainers/archer.2bpp.lzp
tools/lzpcompress -- gfx/trainers/ariana.2bpp gfx/trainers/ariana.2bpp.lzp
tools/lzpcompress -- gfx/trainers/giovanni.2bpp gfx/trainers/giovanni.2bpp.lzp
tools/lzpcompress -- gfx/trainers/oak.2bpp gfx/trainers/oak.2bpp.lzp
tools/lzpcompress -- gfx/trainers/elm.2bpp gfx/trainers/elm.2bpp.lzp
tools/lzpcompress -- gfx/trainers/ivy.2bpp gfx/trainers/ivy.2bpp.lzp
tools/lzpcompress -- gfx/trainers/mysticalman.2bpp gfx/trainers/mysticalman.2bpp.lzp
tools/lzpcompress -- gfx/trainers/karate_king.2bpp gfx/trainers/karate_king.2bpp.lzp
tools/lzpcompress -- gfx/trainers/towertycoon.2bpp gfx/trainers/towertycoon.2bpp.lzp
tools/lzpcompress -- gfx/trainers/factoryhead.2bpp gfx/trainers/factoryhead.2bpp.lzp
tools/lzpcompress -- gfx/trainers/jessie_james.2bpp gfx/trainers/jessie_james.2bpp.lzp
tools/lzpcompress -- gfx/trainers/lorelei.2bpp gfx/trainers/lorelei.2bpp.lzp
tools/lzpcompress -- gfx/trainers/agatha.2bpp gfx/trainers/agatha.2bpp.lzp
tools/lzpcompress -- gfx/trainers/steven.2bpp gfx/trainers/steven.2bpp.lzp
tools/lzpcompress -- gfx/trainers/cynthia.2bpp gfx/trainers/cynthia.2bpp.lzp
tools/lzpcompress -- gfx/trainers/inver.2bpp gfx/trainers/inver.2bpp.lzp
tools/lzpcompress -- gfx/trainers/cheryl.2bpp gfx/trainers/cheryl.2bpp.lzp
tools/lzpcompress -- gfx/trainers/riley.2bpp gfx/trainers/riley.2bpp.lzp
tools/lzpcompress -- gfx/trainers/buck.2bpp gfx/trainers/buck.2bpp.lzp
tools/lzpcompress -- gfx/trainers/marley.2bpp gfx/trainers/marley.2bpp.lzp
tools/lzpcompress -- gfx/trainers/mira.2bpp gfx/trainers/mira.2bpp.lzp
tools/lzpcompress -- gfx/trainers/anabel.2bpp gfx/trainers/anabel.2bpp.lzp
tools/lzpcompress -- gfx/trainers/darach.2bpp gfx/trainers/darach.2bpp.lzp
tools/lzpcompress -- gfx/trainers/caitlin.2bpp gfx/trainers/caitlin.2bpp.lzp
tools/lzpcompress -- gfx/trainers/candela.2bpp gfx/trainers/candela.2bpp.lzp
tools/lzpcompress -- gfx/trainers/blanche.2bpp gfx/trainers/blanche.2bpp.lzp
tools/lzpcompress -- gfx/trainers/spark.2bpp gfx/trainers/spark.2bpp.lzp
tools/lzpcompress -- gfx/trainers/flannery.2bpp gfx/trainers/flannery.2bpp.lzp
tools/lzpcompress -- gfx/trainers/maylene.2bpp gfx/trainers/maylene.2bpp.lzp
tools/lzpcompress -- gfx/trainers/marlon.2bpp gfx/trainers/marlon.2bpp.lzp
tools/lzpcompress -- gfx/trainers/valerie.2bpp gfx/trainers/valerie.2bpp.lzp
tools/lzpcompress -- gfx/trainers/kukui.2bpp gfx/trainers/kukui.2bpp.lzp
tools/lzpcompress -- gfx/trainers/piers.2bpp gfx/trainers/piers.2bpp.lzp
tools/lzpcompress -- gfx/trainers/larry.2bpp gfx/trainers/larry.2bpp.lzp
tools/lzpcompress -- gfx/trainers/victor.2bpp gfx/trainers/victor.2bpp.lzp
tools/lzpcompress -- gfx/trainers/bill.2bpp gfx/trainers/bill.2bpp.lzp
tools/lzpcompress -- gfx/trainers/yellow.2bpp gfx/trainers/yellow.2bpp.lzp
tools/lzpcompress -- gfx/trainers/walker.2bpp gfx/trainers/walker.2bpp.lzp
tools/lzpcompress -- gfx/trainers/imakuni.2bpp gfx/trainers/imakuni.2bpp.lzp
tools/lzpcompress -- gfx/trainers/lawrence.2bpp gfx/trainers/lawrence.2bpp.lzp
tools/lzpcompress -- gfx/trainers/rei.2bpp gfx/trainers/rei.2bpp.lzp
tools/lzpcompress -- gfx/trainers/firebreather_ashes.2bpp gfx/trainers/firebreather_ashes.2bpp.lzp
tools/lzpcompress -- gfx/trainers/omastar_fossil.2bpp gfx/trainers/omastar_fossil.2bpp.lzp
tools/lzpcompress -- gfx/trainers/kabutops_fossil.2bpp gfx/trainers/kabutops_fossil.2bpp.lzp
tools/lzpcompress -- gfx/trainers/aerodactyl_fossil.2bpp gfx/trainers/aerodactyl_fossil.2bpp.lzp
tools/lzpcompress -- gfx/trainers/cubone_armor.2bpp gfx/trainers/cubone_armor.2bpp.lzp
tools/lzpcompress -- gfx/trainers/meteorite.2bpp gfx/trainers/meteorite.2bpp.lzp
tools/lzpcompress -- gfx/trainers/silhouette.2bpp gfx/trainers/silhouette.2bpp.lzp
tools/lzpcompress -- gfx/items/no_item.2bpp gfx/items/no_item.2bpp.lzp
tools/lzpcompress -- gfx/items/poke_ball.2bpp gfx/items/poke_ball.2bpp.lzp
tools/lzpcompress -- gfx/items/great_ball.2bpp gfx/items/great_ball.2bpp.lzp
tools/lzpcompress -- gfx/items/ultra_ball.2bpp gfx/items/ultra_ball.2bpp.lzp
tools/lzpcompress -- gfx/items/master_ball.2bpp gfx/items/master_ball.2bpp.lzp
tools/lzpcompress -- gfx/items/safari_ball.2bpp gfx/items/safari_ball.2bpp.lzp
tools/lzpcompress -- gfx/items/level_ball.2bpp gfx/items/level_ball.2bpp.lzp
tools/lzpcompress -- gfx/items/lure_ball.2bpp gfx/items/lure_ball.2bpp.lzp
tools/lzpcompress -- gfx/items/moon_ball.2bpp gfx/items/moon_ball.2bpp.lzp
tools/lzpcompress -- gfx/items/friend_ball.2bpp gfx/items/friend_ball.2bpp.lzp
tools/lzpcompress -- gfx/items/fast_ball.2bpp gfx/items/fast_ball.2bpp.lzp
tools/lzpcompress -- gfx/items/heavy_ball.2bpp gfx/items/heavy_ball.2bpp.lzp
tools/lzpcompress -- gfx/items/love_ball.2bpp gfx/items/love_ball.2bpp.lzp
tools/lzpcompress -- gfx/items/abilitypatch.2bpp gfx/items/abilitypatch.2bpp.lzp
tools/lzpcompress -- gfx/items/repeat_ball.2bpp gfx/items/repeat_ball.2bpp.lzp
tools/lzpcompress -- gfx/items/timer_ball.2bpp gfx/items/timer_ball.2bpp.lzp
tools/lzpcompress -- gfx/items/nest_ball.2bpp gfx/items/nest_ball.2bpp.lzp
tools/lzpcompress -- gfx/items/net_ball.2bpp gfx/items/net_ball.2bpp.lzp
tools/lzpcompress -- gfx/items/dive_ball.2bpp gfx/items/dive_ball.2bpp.lzp
tools/lzpcompress -- gfx/items/luxury_ball.2bpp gfx/items/luxury_ball.2bpp.lzp
tools/lzpcompress -- gfx/items/heal_ball.2bpp gfx/items/heal_ball.2bpp.lzp
tools/lzpcompress -- gfx/items/quick_ball.2bpp gfx/items/quick_ball.2bpp.lzp
tools/lzpcompress -- gfx/items/dusk_ball.2bpp gfx/items/dusk_ball.2bpp.lzp
tools/lzpcompress -- gfx/items/dream_ball.2bpp gfx/items/dream_ball.2bpp.lzp
tools/lzpcompress -- gfx/items/premier_ball.2bpp gfx/items/premier_ball.2bpp.lzp
tools/lzpcompress -- gfx/items/cherish_ball.2bpp gfx/items/cherish_ball.2bpp.lzp
tools/lzpcompress -- gfx/items/potion.2bpp gfx/items/potion.2bpp.lzp
tools/lzpcompress -- gfx/items/max_potion.2bpp gfx/items/max_potion.2bpp.lzp
tools/lzpcompress -- gfx/items/antidote.2bpp gfx/items/antidote.2bpp.lzp
tools/lzpcompress -- gfx/items/full_heal.2bpp gfx/items/full_heal.2bpp.lzp
tools/lzpcompress -- gfx/items/revive.2bpp gfx/items/revive.2bpp.lzp
tools/lzpcompress -- gfx/items/max_revive.2bpp gfx/items/max_revive.2bpp.lzp
tools/lzpcompress -- gfx/items/ether.2bpp gfx/items/ether.2bpp.lzp
tools/lzpcompress -- gfx/items/hp_up.2bpp gfx/items/hp_up.2bpp.lzp
tools/lzpcompress -- gfx/items/vitamin.2bpp gfx/items/vitamin.2bpp.lzp
tools/lzpcompress -- gfx/items/rare_candy.2bpp gfx/items/rare_candy.2bpp.lzp
tools/lzpcompress -- gfx/items/pp_up.2bpp gfx/items/pp_up.2bpp.lzp
tools/lzpcompress -- gfx/items/pp_max.2bpp gfx/items/pp_max.2bpp.lzp
tools/lzpcompress -- gfx/items/fresh_water.2bpp gfx/items/fresh_water.2bpp.lzp
tools/lzpcompress -- gfx/items/soda_pop.2bpp gfx/items/soda_pop.2bpp.lzp
tools/lzpcompress -- gfx/items/lemonade.2bpp gfx/items/lemonade.2bpp.lzp
tools/lzpcompress -- gfx/items/moomoo_milk.2bpp gfx/items/moomoo_milk.2bpp.lzp
tools/lzpcompress -- gfx/items/ragecandybar.2bpp gfx/items/ragecandybar.2bpp.lzp
tools/lzpcompress -- gfx/items/pewtercrunch.2bpp gfx/items/pewtercrunch.2bpp.lzp
tools/lzpcompress -- gfx/items/sand.2bpp gfx/items/sand.2bpp.lzp
tools/lzpcompress -- gfx/items/powder.2bpp gfx/items/powder.2bpp.lzp
tools/lzpcompress -- gfx/items/energy_root.2bpp gfx/items/energy_root.2bpp.lzp
tools/lzpcompress -- gfx/items/revival_herb.2bpp gfx/items/revival_herb.2bpp.lzp
tools/lzpcompress -- gfx/items/battle_item.2bpp gfx/items/battle_item.2bpp.lzp
tools/lzpcompress -- gfx/items/repel.2bpp gfx/items/repel.2bpp.lzp
tools/lzpcompress -- gfx/items/escape_rope.2bpp gfx/items/escape_rope.2bpp.lzp
tools/lzpcompress -- gfx/items/poke_doll.2bpp gfx/items/poke_doll.2bpp.lzp
tools/lzpcompress -- gfx/items/ability_cap.2bpp gfx/items/ability_cap.2bpp.lzp
tools/lzpcompress -- gfx/items/leaf_stone.2bpp gfx/items/leaf_stone.2bpp.lzp
tools/lzpcompress -- gfx/items/fire_stone.2bpp gfx/items/fire_stone.2bpp.lzp
tools/lzpcompress -- gfx/items/water_stone.2bpp gfx/items/water_stone.2bpp.lzp
tools/lzpcompress -- gfx/items/thunderstone.2bpp gfx/items/thunderstone.2bpp.lzp
tools/lzpcompress -- gfx/items/moon_stone.2bpp gfx/items/moon_stone.2bpp.lzp
tools/lzpcompress -- gfx/items/sun_stone.2bpp gfx/items/sun_stone.2bpp.lzp
tools/lzpcompress -- gfx/items/dusk_stone.2bpp gfx/items/dusk_stone.2bpp.lzp
tools/lzpcompress -- gfx/items/oval_stone.2bpp gfx/items/oval_stone.2bpp.lzp
tools/lzpcompress -- gfx/items/shiny_stone.2bpp gfx/items/shiny_stone.2bpp.lzp
tools/lzpcompress -- gfx/items/ice_stone.2bpp gfx/items/ice_stone.2bpp.lzp
tools/lzpcompress -- gfx/items/everstone.2bpp gfx/items/everstone.2bpp.lzp
tools/lzpcompress -- gfx/items/exp_share.2bpp gfx/items/exp_share.2bpp.lzp
tools/lzpcompress -- gfx/items/cheri_berry.2bpp gfx/items/cheri_berry.2bpp.lzp
tools/lzpcompress -- gfx/items/chesto_berry.2bpp gfx/items/chesto_berry.2bpp.lzp
tools/lzpcompress -- gfx/items/pecha_berry.2bpp gfx/items/pecha_berry.2bpp.lzp
tools/lzpcompress -- gfx/items/rawst_berry.2bpp gfx/items/rawst_berry.2bpp.lzp
tools/lzpcompress -- gfx/items/aspear_berry.2bpp gfx/items/aspear_berry.2bpp.lzp
tools/lzpcompress -- gfx/items/leppa_berry.2bpp gfx/items/leppa_berry.2bpp.lzp
tools/lzpcompress -- gfx/items/oran_berry.2bpp gfx/items/oran_berry.2bpp.lzp
tools/lzpcompress -- gfx/items/persim_berry.2bpp gfx/items/persim_berry.2bpp.lzp
tools/lzpcompress -- gfx/items/lum_berry.2bpp gfx/items/lum_berry.2bpp.lzp
tools/lzpcompress -- gfx/items/sitrus_berry.2bpp gfx/items/sitrus_berry.2bpp.lzp
tools/lzpcompress -- gfx/items/figy_berry.2bpp gfx/items/figy_berry.2bpp.lzp
tools/lzpcompress -- gfx/items/pomeg_berry.2bpp gfx/items/pomeg_berry.2bpp.lzp
tools/lzpcompress -- gfx/items/kelpsy_berry.2bpp gfx/items/kelpsy_berry.2bpp.lzp
tools/lzpcompress -- gfx/items/qualot_berry.2bpp gfx/items/qualot_berry.2bpp.lzp
tools/lzpcompress -- gfx/items/hondew_berry.2bpp gfx/items/hondew_berry.2bpp.lzp
tools/lzpcompress -- gfx/items/grepa_berry.2bpp gfx/items/grepa_berry.2bpp.lzp
tools/lzpcompress -- gfx/items/tamato_berry.2bpp gfx/items/tamato_berry.2bpp.lzp
tools/lzpcompress -- gfx/items/liechi_berry.2bpp gfx/items/liechi_berry.2bpp.lzp
tools/lzpcompress -- gfx/items/ganlon_berry.2bpp gfx/items/ganlon_berry.2bpp.lzp
tools/lzpcompress -- gfx/items/salac_berry.2bpp gfx/items/salac_berry.2bpp.lzp
tools/lzpcompress -- gfx/items/petaya_berry.2bpp gfx/items/petaya_berry.2bpp.lzp
tools/lzpcompress -- gfx/items/apicot_berry.2bpp gfx/items/apicot_berry.2bpp.lzp
tools/lzpcompress -- gfx/items/lansat_berry.2bpp gfx/items/lansat_berry.2bpp.lzp
tools/lzpcompress -- gfx/items/starf_berry.2bpp gfx/items/starf_berry.2bpp.lzp
tools/lzpcompress -- gfx/items/enigma_berry.2bpp gfx/items/enigma_berry.2bpp.lzp
tools/lzpcompress -- gfx/items/custap_berry.2bpp gfx/items/custap_berry.2bpp.lzp
tools/lzpcompress -- gfx/items/jaboca_berry.2bpp gfx/items/jaboca_berry.2bpp.lzp
tools/lzpcompress -- gfx/items/rowap_berry.2bpp gfx/items/rowap_berry.2bpp.lzp
tools/lzpcompress -- gfx/items/kee_berry.2bpp gfx/items/kee_berry.2bpp.lzp
tools/lzpcompress -- gfx/items/marangaberry.2bpp gfx/items/marangaberry.2bpp.lzp
tools/lzpcompress -- gfx/items/berry_juice.2bpp gfx/items/berry_juice.2bpp.lzp
tools/lzpcompress -- gfx/items/scarf.2bpp gfx/items/scarf.2bpp.lzp
tools/lzpcompress -- gfx/items/black_belt.2bpp gfx/items/black_belt.2bpp.lzp
tools/lzpcompress -- gfx/items/sharp_beak.2bpp gfx/items/sharp_beak.2bpp.lzp
tools/lzpcompress -- gfx/items/poison_barb.2bpp gfx/items/poison_barb.2bpp.lzp
tools/lzpcompress -- gfx/items/hard_stone.2bpp gfx/items/hard_stone.2bpp.lzp
tools/lzpcompress -- gfx/items/spell_tag.2bpp gfx/items/spell_tag.2bpp.lzp
tools/lzpcompress -- gfx/items/metal_coat.2bpp gfx/items/metal_coat.2bpp.lzp
tools/lzpcompress -- gfx/items/charcoal.2bpp gfx/items/charcoal.2bpp.lzp
tools/lzpcompress -- gfx/items/mystic_water.2bpp gfx/items/mystic_water.2bpp.lzp
tools/lzpcompress -- gfx/items/miracle_seed.2bpp gfx/items/miracle_seed.2bpp.lzp
tools/lzpcompress -- gfx/items/magnet.2bpp gfx/items/magnet.2bpp.lzp
tools/lzpcompress -- gfx/items/twistedspoon.2bpp gfx/items/twistedspoon.2bpp.lzp
tools/lzpcompress -- gfx/items/nevermeltice.2bpp gfx/items/nevermeltice.2bpp.lzp
tools/lzpcompress -- gfx/items/dragon_fang.2bpp gfx/items/dragon_fang.2bpp.lzp
tools/lzpcompress -- gfx/items/blackglasses.2bpp gfx/items/blackglasses.2bpp.lzp
tools/lzpcompress -- gfx/items/fairyfeather.2bpp gfx/items/fairyfeather.2bpp.lzp
tools/lzpcompress -- gfx/items/scope_lens.2bpp gfx/items/scope_lens.2bpp.lzp
tools/lzpcompress -- gfx/items/quick_claw.2bpp gfx/items/quick_claw.2bpp.lzp
tools/lzpcompress -- gfx/items/kings_rock.2bpp gfx/items/kings_rock.2bpp.lzp
tools/lzpcompress -- gfx/items/focus_band.2bpp gfx/items/focus_band.2bpp.lzp
tools/lzpcompress -- gfx/items/leftovers.2bpp gfx/items/leftovers.2bpp.lzp
tools/lzpcompress -- gfx/items/lucky_egg.2bpp gfx/items/lucky_egg.2bpp.lzp
tools/lzpcompress -- gfx/items/amulet_coin.2bpp gfx/items/amulet_coin.2bpp.lzp
tools/lzpcompress -- gfx/items/cleanse_tag.2bpp gfx/items/cleanse_tag.2bpp.lzp
tools/lzpcompress -- gfx/items/smoke_ball.2bpp gfx/items/smoke_ball.2bpp.lzp
tools/lzpcompress -- gfx/items/berserk_gene.2bpp gfx/items/berserk_gene.2bpp.lzp
tools/lzpcompress -- gfx/items/light_ball.2bpp gfx/items/light_ball.2bpp.lzp
tools/lzpcompress -- gfx/items/leek.2bpp gfx/items/leek.2bpp.lzp
tools/lzpcompress -- gfx/items/bone.2bpp gfx/items/bone.2bpp.lzp
tools/lzpcompress -- gfx/items/lucky_punch.2bpp gfx/items/lucky_punch.2bpp.lzp
tools/lzpcompress -- gfx/items/armor_suit.2bpp gfx/items/armor_suit.2bpp.lzp
tools/lzpcompress -- gfx/items/air_balloon.2bpp gfx/items/air_balloon.2bpp.lzp
tools/lzpcompress -- gfx/items/assault_vest.2bpp gfx/items/assault_vest.2bpp.lzp
tools/lzpcompress -- gfx/items/big_root.2bpp gfx/items/big_root.2bpp.lzp
tools/lzpcompress -- gfx/items/binding_band.2bpp gfx/items/binding_band.2bpp.lzp
tools/lzpcompress -- gfx/items/destiny_knot.2bpp gfx/items/destiny_knot.2bpp.lzp
tools/lzpcompress -- gfx/items/eviolite.2bpp gfx/items/eviolite.2bpp.lzp
tools/lzpcompress -- gfx/items/expert_belt.2bpp gfx/items/expert_belt.2bpp.lzp
tools/lzpcompress -- gfx/items/focus_sash.2bpp gfx/items/focus_sash.2bpp.lzp
tools/lzpcompress -- gfx/items/grip_claw.2bpp gfx/items/grip_claw.2bpp.lzp
tools/lzpcompress -- gfx/items/life_orb.2bpp gfx/items/life_orb.2bpp.lzp
tools/lzpcompress -- gfx/items/light_clay.2bpp gfx/items/light_clay.2bpp.lzp
tools/lzpcompress -- gfx/items/metronome_i.2bpp gfx/items/metronome_i.2bpp.lzp
tools/lzpcompress -- gfx/items/muscle_band.2bpp gfx/items/muscle_band.2bpp.lzp
tools/lzpcompress -- gfx/items/protect_pads.2bpp gfx/items/protect_pads.2bpp.lzp
tools/lzpcompress -- gfx/items/rocky_helmet.2bpp gfx/items/rocky_helmet.2bpp.lzp
tools/lzpcompress -- gfx/items/safe_goggles.2bpp gfx/items/safe_goggles.2bpp.lzp
tools/lzpcompress -- gfx/items/shed_shell.2bpp gfx/items/shed_shell.2bpp.lzp
tools/lzpcompress -- gfx/items/shell_bell.2bpp gfx/items/shell_bell.2bpp.lzp
tools/lzpcompress -- gfx/items/soothe_bell.2bpp gfx/items/soothe_bell.2bpp.lzp
tools/lzpcompress -- gfx/items/policy.2bpp gfx/items/policy.2bpp.lzp
tools/lzpcompress -- gfx/items/wide_lens.2bpp gfx/items/wide_lens.2bpp.lzp
tools/lzpcompress -- gfx/items/wise_glasses.2bpp gfx/items/wise_glasses.2bpp.lzp
tools/lzpcompress -- gfx/items/zoom_lens.2bpp gfx/items/zoom_lens.2bpp.lzp
tools/lzpcompress -- gfx/items/eject_button.2bpp gfx/items/eject_button.2bpp.lzp
tools/lzpcompress -- gfx/items/lagging_tail.2bpp gfx/items/lagging_tail.2bpp.lzp
tools/lzpcompress -- gfx/items/iron_ball.2bpp gfx/items/iron_ball.2bpp.lzp
tools/lzpcompress -- gfx/items/red_card.2bpp gfx/items/red_card.2bpp.lzp
tools/lzpcompress -- gfx/items/eject_pack.2bpp gfx/items/eject_pack.2bpp.lzp
tools/lzpcompress -- gfx/items/room_service.2bpp gfx/items/room_service.2bpp.lzp
tools/lzpcompress -- gfx/items/clear_amulet.2bpp gfx/items/clear_amulet.2bpp.lzp
tools/lzpcompress -- gfx/items/mirror_herb.2bpp gfx/items/mirror_herb.2bpp.lzp
tools/lzpcompress -- gfx/items/punchinglove.2bpp gfx/items/punchinglove.2bpp.lzp
tools/lzpcompress -- gfx/items/covert_cloak.2bpp gfx/items/covert_cloak.2bpp.lzp
tools/lzpcompress -- gfx/items/loaded_dice.2bpp gfx/items/loaded_dice.2bpp.lzp
tools/lzpcompress -- gfx/items/throat_spray.2bpp gfx/items/throat_spray.2bpp.lzp
tools/lzpcompress -- gfx/items/heavy_boots.2bpp gfx/items/heavy_boots.2bpp.lzp
tools/lzpcompress -- gfx/items/herb.2bpp gfx/items/herb.2bpp.lzp
tools/lzpcompress -- gfx/items/damp_rock.2bpp gfx/items/damp_rock.2bpp.lzp
tools/lzpcompress -- gfx/items/heat_rock.2bpp gfx/items/heat_rock.2bpp.lzp
tools/lzpcompress -- gfx/items/smooth_rock.2bpp gfx/items/smooth_rock.2bpp.lzp
tools/lzpcompress -- gfx/items/icy_rock.2bpp gfx/items/icy_rock.2bpp.lzp
tools/lzpcompress -- gfx/items/choice_band.2bpp gfx/items/choice_band.2bpp.lzp
tools/lzpcompress -- gfx/items/choice_specs.2bpp gfx/items/choice_specs.2bpp.lzp
tools/lzpcompress -- gfx/items/flame_orb.2bpp gfx/items/flame_orb.2bpp.lzp
tools/lzpcompress -- gfx/items/toxic_orb.2bpp gfx/items/toxic_orb.2bpp.lzp
tools/lzpcompress -- gfx/items/black_sludge.2bpp gfx/items/black_sludge.2bpp.lzp
tools/lzpcompress -- gfx/items/macho_brace.2bpp gfx/items/macho_brace.2bpp.lzp
tools/lzpcompress -- gfx/items/power_weight.2bpp gfx/items/power_weight.2bpp.lzp
tools/lzpcompress -- gfx/items/power_bracer.2bpp gfx/items/power_bracer.2bpp.lzp
tools/lzpcompress -- gfx/items/power_belt.2bpp gfx/items/power_belt.2bpp.lzp
tools/lzpcompress -- gfx/items/power_lens.2bpp gfx/items/power_lens.2bpp.lzp
tools/lzpcompress -- gfx/items/power_band.2bpp gfx/items/power_band.2bpp.lzp
tools/lzpcompress -- gfx/items/power_anklet.2bpp gfx/items/power_anklet.2bpp.lzp
tools/lzpcompress -- gfx/items/dragon_scale.2bpp gfx/items/dragon_scale.2bpp.lzp
tools/lzpcompress -- gfx/items/upgrade.2bpp gfx/items/upgrade.2bpp.lzp
tools/lzpcompress -- gfx/items/dubious_disc.2bpp gfx/items/dubious_disc.2bpp.lzp
tools/lzpcompress -- gfx/items/protector.2bpp gfx/items/protector.2bpp.lzp
tools/lzpcompress -- gfx/items/electirizer.2bpp gfx/items/electirizer.2bpp.lzp
tools/lzpcompress -- gfx/items/magmarizer.2bpp gfx/items/magmarizer.2bpp.lzp
tools/lzpcompress -- gfx/items/razor_fang.2bpp gfx/items/razor_fang.2bpp.lzp
tools/lzpcompress -- gfx/items/razor_claw.2bpp gfx/items/razor_claw.2bpp.lzp
tools/lzpcompress -- gfx/items/odd_souvenir.2bpp gfx/items/odd_souvenir.2bpp.lzp
tools/lzpcompress -- gfx/items/linking_cord.2bpp gfx/items/linking_cord.2bpp.lzp
tools/lzpcompress -- gfx/items/nugget.2bpp gfx/items/nugget.2bpp.lzp
tools/lzpcompress -- gfx/items/big_nugget.2bpp gfx/items/big_nugget.2bpp.lzp
tools/lzpcompress -- gfx/items/tinymushroom.2bpp gfx/items/tinymushroom.2bpp.lzp
tools/lzpcompress -- gfx/items/big_mushroom.2bpp gfx/items/big_mushroom.2bpp.lzp
tools/lzpcompress -- gfx/items/balmmushroom.2bpp gfx/items/balmmushroom.2bpp.lzp
tools/lzpcompress -- gfx/items/pearl.2bpp gfx/items/pearl.2bpp.lzp
tools/lzpcompress -- gfx/items/big_pearl.2bpp gfx/items/big_pearl.2bpp.lzp
tools/lzpcompress -- gfx/items/pearl_string.2bpp gfx/items/pearl_string.2bpp.lzp
tools/lzpcompress -- gfx/items/star_piece.2bpp gfx/items/star_piece.2bpp.lzp
tools/lzpcompress -- gfx/items/brick_piece.2bpp gfx/items/brick_piece.2bpp.lzp
tools/lzpcompress -- gfx/items/leaf.2bpp gfx/items/leaf.2bpp.lzp
tools/lzpcompress -- gfx/items/slowpoketail.2bpp gfx/items/slowpoketail.2bpp.lzp
tools/lzpcompress -- gfx/items/bottle_cap.2bpp gfx/items/bottle_cap.2bpp.lzp
tools/lzpcompress -- gfx/items/helix_fossil.2bpp gfx/items/helix_fossil.2bpp.lzp
tools/lzpcompress -- gfx/items/dome_fossil.2bpp gfx/items/dome_fossil.2bpp.lzp
tools/lzpcompress -- gfx/items/old_amber.2bpp gfx/items/old_amber.2bpp.lzp
tools/lzpcompress -- gfx/items/mulch.2bpp gfx/items/mulch.2bpp.lzp
tools/lzpcompress -- gfx/items/sweet_honey.2bpp gfx/items/sweet_honey.2bpp.lzp
tools/lzpcompress -- gfx/items/mint_leaf.2bpp gfx/items/mint_leaf.2bpp.lzp
tools/lzpcompress -- gfx/items/flower_mail.2bpp gfx/items/flower_mail.2bpp.lzp
tools/lzpcompress -- gfx/items/mail.2bpp gfx/items/mail.2bpp.lzp
tools/lzpcompress -- gfx/items/portraitmail.2bpp gfx/items/portraitmail.2bpp.lzp
tools/lzpcompress -- gfx/items/lovely_mail.2bpp gfx/items/lovely_mail.2bpp.lzp
tools/lzpcompress -- gfx/items/eon_mail.2bpp gfx/items/eon_mail.2bpp.lzp
tools/lzpcompress -- gfx/items/morph_mail.2bpp gfx/items/morph_mail.2bpp.lzp
tools/lzpcompress -- gfx/items/bluesky_mail.2bpp gfx/items/bluesky_mail.2bpp.lzp
tools/lzpcompress -- gfx/items/music_mail.2bpp gfx/items/music_mail.2bpp.lzp
tools/lzpcompress -- gfx/items/mirage_mail.2bpp gfx/items/mirage_mail.2bpp.lzp
tools/lzpcompress -- gfx/items/tm_hm.2bpp gfx/items/tm_hm.2bpp.lzp
tools/lzpcompress -- gfx/items/apricorn.2bpp gfx/items/apricorn.2bpp.lzp
tools/lzpcompress -- gfx/items/wing.2bpp gfx/items/wing.2bpp.lzp
tools/lzpcompress -- gfx/items/park_ball.2bpp gfx/items/park_ball.2bpp.lzp
tools/lzpcompress -- gfx/items/bicycle.2bpp gfx/items/bicycle.2bpp.lzp
tools/lzpcompress -- gfx/items/old_rod.2bpp gfx/items/old_rod.2bpp.lzp
tools/lzpcompress -- gfx/items/good_rod.2bpp gfx/items/good_rod.2bpp.lzp
tools/lzpcompress -- gfx/items/super_rod.2bpp gfx/items/super_rod.2bpp.lzp
tools/lzpcompress -- gfx/items/coin_case.2bpp gfx/items/coin_case.2bpp.lzp
tools/lzpcompress -- gfx/items/itemfinder.2bpp gfx/items/itemfinder.2bpp.lzp
tools/lzpcompress -- gfx/items/mystery_egg.2bpp gfx/items/mystery_egg.2bpp.lzp
tools/lzpcompress -- gfx/items/squirtbottle.2bpp gfx/items/squirtbottle.2bpp.lzp
tools/lzpcompress -- gfx/items/secretpotion.2bpp gfx/items/secretpotion.2bpp.lzp
tools/lzpcompress -- gfx/items/go_goggles.2bpp gfx/items/go_goggles.2bpp.lzp
tools/lzpcompress -- gfx/items/red_scale.2bpp gfx/items/red_scale.2bpp.lzp
tools/lzpcompress -- gfx/items/card_key.2bpp gfx/items/card_key.2bpp.lzp
tools/lzpcompress -- gfx/items/basement_key.2bpp gfx/items/basement_key.2bpp.lzp
tools/lzpcompress -- gfx/items/s_s_ticket.2bpp gfx/items/s_s_ticket.2bpp.lzp
tools/lzpcompress -- gfx/items/pass.2bpp gfx/items/pass.2bpp.lzp
tools/lzpcompress -- gfx/items/machine_part.2bpp gfx/items/machine_part.2bpp.lzp
tools/lzpcompress -- gfx/items/lost_item.2bpp gfx/items/lost_item.2bpp.lzp
tools/lzpcompress -- gfx/items/rainbow_wing.2bpp gfx/items/rainbow_wing.2bpp.lzp
tools/lzpcompress -- gfx/items/silver_wing.2bpp gfx/items/silver_wing.2bpp.lzp
tools/lzpcompress -- gfx/items/clear_bell.2bpp gfx/items/clear_bell.2bpp.lzp
tools/lzpcompress -- gfx/items/gs_ball.2bpp gfx/items/gs_ball.2bpp.lzp
tools/lzpcompress -- gfx/items/blue_card.2bpp gfx/items/blue_card.2bpp.lzp
tools/lzpcompress -- gfx/items/orangeticket.2bpp gfx/items/orangeticket.2bpp.lzp
tools/lzpcompress -- gfx/items/mysticticket.2bpp gfx/items/mysticticket.2bpp.lzp
tools/lzpcompress -- gfx/items/old_sea_map.2bpp gfx/items/old_sea_map.2bpp.lzp
tools/lzpcompress -- gfx/items/shiny_charm.2bpp gfx/items/shiny_charm.2bpp.lzp
tools/lzpcompress -- gfx/items/oval_charm.2bpp gfx/items/oval_charm.2bpp.lzp
tools/lzpcompress -- gfx/items/catch_charm.2bpp gfx/items/catch_charm.2bpp.lzp
tools/lzpcompress -- gfx/items/candy_jar.2bpp gfx/items/candy_jar.2bpp.lzp
tools/lzpcompress -- gfx/items/wing_case.2bpp gfx/items/wing_case.2bpp.lzp
tools/lzpcompress -- gfx/items/silphscope2.2bpp gfx/items/silphscope2.2bpp.lzp
tools/lzpcompress -- gfx/items/apricorn_box.2bpp gfx/items/apricorn_box.2bpp.lzp
tools/lzpcompress -- gfx/items/type_chart.2bpp gfx/items/type_chart.2bpp.lzp
tools/lzpcompress -- gfx/items/gbc_sounds.2bpp gfx/items/gbc_sounds.2bpp.lzp
tools/lzpcompress -- gfx/items/lure.2bpp gfx/items/lure.2bpp.lzp
tools/lzpcompress -- gfx/items/exp_candy_xs.2bpp gfx/items/exp_candy_xs.2bpp.lzp
tools/lzpcompress -- gfx/items/exp_candy_s.2bpp gfx/items/exp_candy_s.2bpp.lzp
tools/lzpcompress -- gfx/items/exp_candy_m.2bpp gfx/items/exp_candy_m.2bpp.lzp
tools/lzpcompress -- gfx/items/exp_candy_l.2bpp gfx/items/exp_candy_l.2bpp.lzp
tools/lzpcompress -- gfx/items/exp_candy_xl.2bpp gfx/items/exp_candy_xl.2bpp.lzp
tools/lzpcompress -- gfx/items/lift_key.2bpp gfx/items/lift_key.2bpp.lzp
tools/lzpcompress -- gfx/items/pokedex.2bpp gfx/items/pokedex.2bpp.lzp
tools/lzpcompress -- gfx/items/pokegear.2bpp gfx/items/pokegear.2bpp.lzp
tools/lzpcompress -- gfx/tilesets/roofs/new_bark.2bpp gfx/tilesets/roofs/new_bark.2bpp.lzp
tools/lzpcompress -- gfx/tilesets/roofs/violet.2bpp gfx/tilesets/roofs/violet.2bpp.lzp
tools/lzpcompress -- gfx/tilesets/roofs/azalea.2bpp gfx/tilesets/roofs/azalea.2bpp.lzp
tools/lzpcompress -- gfx/tilesets/roofs/olivine.2bpp gfx/tilesets/roofs/olivine.2bpp.lzp
tools/lzpcompress -- gfx/tilesets/roofs/park.2bpp gfx/tilesets/roofs/park.2bpp.lzp
tools/lzpcompress -- gfx/tilesets/roofs/sinjoh.2bpp gfx/tilesets/roofs/sinjoh.2bpp.lzp
tools/lzpcompress -- gfx/signs/wood.2bpp gfx/signs/wood.2bpp.lzp
tools/lzpcompress -- gfx/signs/city.2bpp gfx/signs/city.2bpp.lzp
tools/lzpcompress -- gfx/signs/forest.2bpp gfx/signs/forest.2bpp.lzp
tools/lzpcompress -- gfx/signs/cave.2bpp gfx/signs/cave.2bpp.lzp
tools/lzpcompress -- gfx/signs/route.2bpp gfx/signs/route.2bpp.lzp
tools/lzpcompress -- gfx/signs/water.2bpp gfx/signs/water.2bpp.lzp
tools/lzpcompress -- gfx/signs/building.2bpp gfx/signs/building.2bpp.lzp
cat gfx/overworld/puddle_splash.2bpp gfx/overworld/cut_grass.2bpp gfx/overworld/cut_tree.2bpp gfx/overworld/heal_machine.2bpp gfx/overworld/fishing_rod.2bpp gfx/overworld/shadow.2bpp gfx/overworld/shaking_grass.2bpp gfx/overworld/boulder_dust.2bpp > gfx/overworld/overworld.2bpp
tools/lzpcompress -- gfx/overworld/headbutt_tree.2bpp gfx/overworld/headbutt_tree.2bpp.lzp
tools/lzpcompress -- gfx/overworld/headbutt_tree_2.2bpp gfx/overworld/headbutt_tree_2.2bpp.lzp
tools/lzpcompress -- gfx/tilesets/animations/coast_sand.2bpp gfx/tilesets/animations/coast_sand.2bpp.lzp
tools/lzpcompress -- gfx/splash/copyright.2bpp gfx/splash/copyright.2bpp.lzp
tools/lzpcompress -- gfx/new_game/shrink1.2bpp gfx/new_game/shrink1.2bpp.lzp
tools/lzpcompress -- gfx/new_game/shrink2.2bpp gfx/new_game/shrink2.2bpp.lzp
tools/lzpcompress -- gfx/credits/border.2bpp gfx/credits/border.2bpp.lzp
tools/lzpcompress -- gfx/credits/theend.2bpp gfx/credits/theend.2bpp.lzp
tools/lzpcompress -- gfx/credits/sequence1.2bpp gfx/credits/sequence1.2bpp.lzp
tools/lzpcompress -- gfx/credits/sequence2.2bpp gfx/credits/sequence2.2bpp.lzp
cat gfx/trade/border.2bpp gfx/trade/textbox.2bpp > gfx/trade/trade_screen.2bpp
cat gfx/trade/poof.2bpp gfx/trade/cable.2bpp > gfx/trade/poof_cable.2bpp
cat gfx/trade/game_boy.2bpp gfx/trade/link_cable.2bpp > gfx/trade/game_boy_cable.2bpp
tools/lzpcompress -- gfx/evo/spotlight.2bpp gfx/evo/spotlight.2bpp.lzp
tools/lzpcompress -- gfx/stats/summary.2bpp gfx/stats/summary.2bpp.lzp
tools/lzpcompress -- gfx/stats/summary_sprites.2bpp gfx/stats/summary_sprites.2bpp.lzp
tools/lzpcompress -- gfx/stats/balls.2bpp gfx/stats/balls.2bpp.lzp
tools/lzpcompress -- gfx/town_map/town_map.2bpp gfx/town_map/town_map.2bpp.lzp
tools/lzpcompress -- gfx/pack/pack_m0.2bpp gfx/pack/pack_m0.2bpp.lzp
tools/lzpcompress -- gfx/pack/pack_m1.2bpp gfx/pack/pack_m1.2bpp.lzp
tools/lzpcompress -- gfx/pack/pack_m2.2bpp gfx/pack/pack_m2.2bpp.lzp
tools/lzpcompress -- gfx/pack/pack_m3.2bpp gfx/pack/pack_m3.2bpp.lzp
tools/lzpcompress -- gfx/pack/pack_m4.2bpp gfx/pack/pack_m4.2bpp.lzp
tools/lzpcompress -- gfx/pack/pack_m5.2bpp gfx/pack/pack_m5.2bpp.lzp
tools/lzpcompress -- gfx/pack/pack_f0.2bpp gfx/pack/pack_f0.2bpp.lzp
tools/lzpcompress -- gfx/pack/pack_f1.2bpp gfx/pack/pack_f1.2bpp.lzp
tools/lzpcompress -- gfx/pack/pack_f2.2bpp gfx/pack/pack_f2.2bpp.lzp
tools/lzpcompress -- gfx/pack/pack_f3.2bpp gfx/pack/pack_f3.2bpp.lzp
tools/lzpcompress -- gfx/pack/pack_f4.2bpp gfx/pack/pack_f4.2bpp.lzp
tools/lzpcompress -- gfx/pack/pack_f5.2bpp gfx/pack/pack_f5.2bpp.lzp
tools/lzpcompress -- gfx/pack/pack_x0.2bpp gfx/pack/pack_x0.2bpp.lzp
tools/lzpcompress -- gfx/pack/pack_x1.2bpp gfx/pack/pack_x1.2bpp.lzp
tools/lzpcompress -- gfx/pack/pack_x2.2bpp gfx/pack/pack_x2.2bpp.lzp
tools/lzpcompress -- gfx/pack/pack_x3.2bpp gfx/pack/pack_x3.2bpp.lzp
tools/lzpcompress -- gfx/pack/pack_x4.2bpp gfx/pack/pack_x4.2bpp.lzp
tools/lzpcompress -- gfx/pack/pack_x5.2bpp gfx/pack/pack_x5.2bpp.lzp
tools/lzpcompress -- gfx/pack/pack_b0.2bpp gfx/pack/pack_b0.2bpp.lzp
tools/lzpcompress -- gfx/pack/pack_b1.2bpp gfx/pack/pack_b1.2bpp.lzp
tools/lzpcompress -- gfx/pack/pack_b2.2bpp gfx/pack/pack_b2.2bpp.lzp
tools/lzpcompress -- gfx/pack/pack_b3.2bpp gfx/pack/pack_b3.2bpp.lzp
tools/lzpcompress -- gfx/pack/pack_b4.2bpp gfx/pack/pack_b4.2bpp.lzp
tools/lzpcompress -- gfx/pack/pack_b5.2bpp gfx/pack/pack_b5.2bpp.lzp
tools/lzpcompress -- gfx/player/chris_back.2bpp gfx/player/chris_back.2bpp.lzp
tools/lzpcompress -- gfx/player/kris_back.2bpp gfx/player/kris_back.2bpp.lzp
tools/lzpcompress -- gfx/player/crys_back.2bpp gfx/player/crys_back.2bpp.lzp
tools/lzpcompress -- gfx/player/beta_back.2bpp gfx/player/beta_back.2bpp.lzp
tools/lzpcompress -- gfx/battle/lyra_back.2bpp gfx/battle/lyra_back.2bpp.lzp
tools/lzpcompress -- gfx/emotes/shock.2bpp gfx/emotes/shock.2bpp.lzp
tools/lzpcompress -- gfx/emotes/question.2bpp gfx/emotes/question.2bpp.lzp
tools/lzpcompress -- gfx/emotes/happy.2bpp gfx/emotes/happy.2bpp.lzp
tools/lzpcompress -- gfx/emotes/sad.2bpp gfx/emotes/sad.2bpp.lzp
tools/lzpcompress -- gfx/emotes/heart.2bpp gfx/emotes/heart.2bpp.lzp
tools/lzpcompress -- gfx/emotes/bolt.2bpp gfx/emotes/bolt.2bpp.lzp
tools/lzpcompress -- gfx/emotes/sleep.2bpp gfx/emotes/sleep.2bpp.lzp
tools/lzpcompress -- gfx/emotes/fish.2bpp gfx/emotes/fish.2bpp.lzp
tools/lzpcompress -- gfx/battle/substitute-front.2bpp gfx/battle/substitute-front.2bpp.lzp
tools/lzpcompress -- gfx/battle/substitute-back.2bpp gfx/battle/substitute-back.2bpp.lzp
tools/lzpcompress -- gfx/battle/ghost.2bpp gfx/battle/ghost.2bpp.lzp
tools/lzpcompress -- gfx/battle_anims/hit.2bpp gfx/battle_anims/hit.2bpp.lzp
tools/lzpcompress -- gfx/battle_anims/cut.2bpp gfx/battle_anims/cut.2bpp.lzp
tools/lzpcompress -- gfx/battle_anims/fire.2bpp gfx/battle_anims/fire.2bpp.lzp
tools/lzpcompress -- gfx/battle_anims/water.2bpp gfx/battle_anims/water.2bpp.lzp
tools/lzpcompress -- gfx/battle_anims/lightning.2bpp gfx/battle_anims/lightning.2bpp.lzp
tools/lzpcompress -- gfx/battle_anims/smoke.2bpp gfx/battle_anims/smoke.2bpp.lzp
tools/lzpcompress -- gfx/battle_anims/explosion.2bpp gfx/battle_anims/explosion.2bpp.lzp
tools/lzpcompress -- gfx/battle_anims/ice.2bpp gfx/battle_anims/ice.2bpp.lzp
tools/lzpcompress -- gfx/battle_anims/rocks.2bpp gfx/battle_anims/rocks.2bpp.lzp
tools/lzpcompress -- gfx/battle_anims/poison.2bpp gfx/battle_anims/poison.2bpp.lzp
tools/lzpcompress -- gfx/battle_anims/plant.2bpp gfx/battle_anims/plant.2bpp.lzp
tools/lzpcompress -- gfx/battle_anims/bubble.2bpp gfx/battle_anims/bubble.2bpp.lzp
tools/lzpcompress -- gfx/battle_anims/noise.2bpp gfx/battle_anims/noise.2bpp.lzp
tools/lzpcompress -- gfx/battle_anims/reflect.2bpp gfx/battle_anims/reflect.2bpp.lzp
tools/lzpcompress -- gfx/battle_anims/powder.2bpp gfx/battle_anims/powder.2bpp.lzp
tools/lzpcompress -- gfx/battle_anims/beam.2bpp gfx/battle_anims/beam.2bpp.lzp
tools/lzpcompress -- gfx/battle_anims/speed.2bpp gfx/battle_anims/speed.2bpp.lzp
tools/lzpcompress -- gfx/battle_anims/charge.2bpp gfx/battle_anims/charge.2bpp.lzp
tools/lzpcompress -- gfx/battle_anims/wind.2bpp gfx/battle_anims/wind.2bpp.lzp
tools/lzpcompress -- gfx/battle_anims/wind_bg.2bpp gfx/battle_anims/wind_bg.2bpp.lzp
tools/lzpcompress -- gfx/battle_anims/whip.2bpp gfx/battle_anims/whip.2bpp.lzp
tools/lzpcompress -- gfx/battle_anims/rope.2bpp gfx/battle_anims/rope.2bpp.lzp
tools/lzpcompress -- gfx/battle_anims/egg.2bpp gfx/battle_anims/egg.2bpp.lzp
tools/lzpcompress -- gfx/battle_anims/psychic.2bpp gfx/battle_anims/psychic.2bpp.lzp
tools/lzpcompress -- gfx/battle_anims/sand.2bpp gfx/battle_anims/sand.2bpp.lzp
tools/lzpcompress -- gfx/battle_anims/web.2bpp gfx/battle_anims/web.2bpp.lzp
tools/lzpcompress -- gfx/battle_anims/haze.2bpp gfx/battle_anims/haze.2bpp.lzp
tools/lzpcompress -- gfx/battle_anims/horn.2bpp gfx/battle_anims/horn.2bpp.lzp
tools/lzpcompress -- gfx/battle_anims/flower.2bpp gfx/battle_anims/flower.2bpp.lzp
tools/lzpcompress -- gfx/battle_anims/misc.2bpp gfx/battle_anims/misc.2bpp.lzp
tools/lzpcompress -- gfx/battle_anims/skyattack.2bpp gfx/battle_anims/skyattack.2bpp.lzp
tools/lzpcompress -- gfx/battle_anims/globe.2bpp gfx/battle_anims/globe.2bpp.lzp
tools/lzpcompress -- gfx/battle_anims/moon.2bpp gfx/battle_anims/moon.2bpp.lzp
tools/lzpcompress -- gfx/battle_anims/aurasphere.2bpp gfx/battle_anims/aurasphere.2bpp.lzp
tools/lzpcompress -- gfx/battle_anims/bugbuzz.2bpp gfx/battle_anims/bugbuzz.2bpp.lzp
tools/lzpcompress -- gfx/battle_anims/midglowclear.2bpp gfx/battle_anims/midglowclear.2bpp.lzp
tools/lzpcompress -- gfx/battle_anims/tear.2bpp gfx/battle_anims/tear.2bpp.lzp
tools/lzpcompress -- gfx/battle_anims/vortex.2bpp gfx/battle_anims/vortex.2bpp.lzp
tools/lzpcompress -- gfx/battle_anims/bulkup.2bpp gfx/battle_anims/bulkup.2bpp.lzp
tools/lzpcompress -- gfx/battle_anims/rings.2bpp gfx/battle_anims/rings.2bpp.lzp
tools/lzpcompress -- gfx/battle_anims/bigrings.2bpp gfx/battle_anims/bigrings.2bpp.lzp
tools/lzpcompress -- gfx/battle_anims/gyroball.2bpp gfx/battle_anims/gyroball.2bpp.lzp
tools/lzpcompress -- gfx/battle_anims/hearts.2bpp gfx/battle_anims/hearts.2bpp.lzp
tools/lzpcompress -- gfx/battle_anims/stars.2bpp gfx/battle_anims/stars.2bpp.lzp
tools/lzpcompress -- gfx/battle_anims/shapes.2bpp gfx/battle_anims/shapes.2bpp.lzp
tools/lzpcompress -- gfx/battle_anims/status.2bpp gfx/battle_anims/status.2bpp.lzp
tools/lzpcompress -- gfx/battle_anims/objects.2bpp gfx/battle_anims/objects.2bpp.lzp
tools/lzpcompress -- gfx/battle_anims/shine.2bpp gfx/battle_anims/shine.2bpp.lzp
tools/lzpcompress -- gfx/battle_anims/angels.2bpp gfx/battle_anims/angels.2bpp.lzp
tools/lzpcompress -- gfx/battle_anims/wave.2bpp gfx/battle_anims/wave.2bpp.lzp
tools/lzpcompress -- gfx/battle_anims/aeroblast.2bpp gfx/battle_anims/aeroblast.2bpp.lzp
tools/lzpcompress -- gfx/battle_anims/uturn.2bpp gfx/battle_anims/uturn.2bpp.lzp
tools/lzpcompress -- gfx/battle_anims/misc2.2bpp gfx/battle_anims/misc2.2bpp.lzp
tools/lzpcompress -- gfx/battle_anims/beamaurora.2bpp gfx/battle_anims/beamaurora.2bpp.lzp
tools/lzpcompress -- gfx/battle_anims/smokepuff.2bpp gfx/battle_anims/smokepuff.2bpp.lzp
tools/lzpcompress -- gfx/battle_anims/focusblast.2bpp gfx/battle_anims/focusblast.2bpp.lzp
tools/lzpcompress -- gfx/battle_anims/energyball.2bpp gfx/battle_anims/energyball.2bpp.lzp
tools/lzpcompress -- gfx/battle_anims/trickroom.2bpp gfx/battle_anims/trickroom.2bpp.lzp
tools/lzpcompress -- gfx/battle_anims/bigglowclear.2bpp gfx/battle_anims/bigglowclear.2bpp.lzp
tools/lzpcompress -- gfx/battle_anims/objects2.2bpp gfx/battle_anims/objects2.2bpp.lzp
tools/lzpcompress -- gfx/battle_anims/bigwhip.2bpp gfx/battle_anims/bigwhip.2bpp.lzp
tools/lzpcompress -- gfx/battle_anims/swirl.2bpp gfx/battle_anims/swirl.2bpp.lzp
tools/lzpcompress -- gfx/battle_anims/triangle.2bpp gfx/battle_anims/triangle.2bpp.lzp
tools/lzpcompress -- gfx/battle_anims/mushroom.2bpp gfx/battle_anims/mushroom.2bpp.lzp
tools/lzpcompress -- gfx/battle_anims/berry.2bpp gfx/battle_anims/berry.2bpp.lzp
tools/lzpcompress -- gfx/battle_anims/stats.2bpp gfx/battle_anims/stats.2bpp.lzp
tools/lzpcompress -- gfx/battle_anims/glow.2bpp gfx/battle_anims/glow.2bpp.lzp
tools/lzpcompress -- gfx/battle_anims/aquajet.2bpp gfx/battle_anims/aquajet.2bpp.lzp
tools/lzpcompress -- gfx/battle_anims/hit2.2bpp gfx/battle_anims/hit2.2bpp.lzp
tools/lzpcompress -- gfx/battle_anims/iciclecrash.2bpp gfx/battle_anims/iciclecrash.2bpp.lzp
tools/lzpcompress -- gfx/battle_anims/voltswitch.2bpp gfx/battle_anims/voltswitch.2bpp.lzp
tools/lzpcompress -- gfx/battle_anims/psystrike.2bpp gfx/battle_anims/psystrike.2bpp.lzp
tools/lzpcompress -- gfx/battle_anims/hurricane.2bpp gfx/battle_anims/hurricane.2bpp.lzp
tools/lzpcompress -- gfx/battle_anims/waterball.2bpp gfx/battle_anims/waterball.2bpp.lzp
tools/lzpcompress -- gfx/battle_anims/beamsolar.2bpp gfx/battle_anims/beamsolar.2bpp.lzp
tools/lzpcompress -- gfx/battle_anims/glow_shadow.2bpp gfx/battle_anims/glow_shadow.2bpp.lzp
tools/lzpcompress -- gfx/battle_anims/petals.2bpp gfx/battle_anims/petals.2bpp.lzp
tools/lzpcompress -- gfx/battle_balls/background.2bpp gfx/battle_balls/background.2bpp.lzp
tools/lzpcompress -- gfx/weather/rain.2bpp gfx/weather/rain.2bpp.lzp
tools/lzpcompress -- gfx/weather/sun.2bpp gfx/weather/sun.2bpp.lzp
tools/lzpcompress -- gfx/weather/sandstorm.2bpp gfx/weather/sandstorm.2bpp.lzp
tools/lzpcompress -- gfx/weather/hail.2bpp gfx/weather/hail.2bpp.lzp
tools/lzpcompress -- gfx/battle_balls/poke_ball.2bpp gfx/battle_balls/poke_ball.2bpp.lzp
tools/lzpcompress -- gfx/battle_balls/great_ball.2bpp gfx/battle_balls/great_ball.2bpp.lzp
tools/lzpcompress -- gfx/battle_balls/ultra_ball.2bpp gfx/battle_balls/ultra_ball.2bpp.lzp
tools/lzpcompress -- gfx/battle_balls/master_ball.2bpp gfx/battle_balls/master_ball.2bpp.lzp
tools/lzpcompress -- gfx/battle_balls/safari_ball.2bpp gfx/battle_balls/safari_ball.2bpp.lzp
tools/lzpcompress -- gfx/battle_balls/level_ball.2bpp gfx/battle_balls/level_ball.2bpp.lzp
tools/lzpcompress -- gfx/battle_balls/lure_ball.2bpp gfx/battle_balls/lure_ball.2bpp.lzp
tools/lzpcompress -- gfx/battle_balls/moon_ball.2bpp gfx/battle_balls/moon_ball.2bpp.lzp
tools/lzpcompress -- gfx/battle_balls/friend_ball.2bpp gfx/battle_balls/friend_ball.2bpp.lzp
tools/lzpcompress -- gfx/battle_balls/fast_ball.2bpp gfx/battle_balls/fast_ball.2bpp.lzp
tools/lzpcompress -- gfx/battle_balls/heavy_ball.2bpp gfx/battle_balls/heavy_ball.2bpp.lzp
tools/lzpcompress -- gfx/battle_balls/love_ball.2bpp gfx/battle_balls/love_ball.2bpp.lzp
tools/lzpcompress -- gfx/battle_balls/park_ball.2bpp gfx/battle_balls/park_ball.2bpp.lzp
tools/lzpcompress -- gfx/battle_balls/repeat_ball.2bpp gfx/battle_balls/repeat_ball.2bpp.lzp
tools/lzpcompress -- gfx/battle_balls/timer_ball.2bpp gfx/battle_balls/timer_ball.2bpp.lzp
tools/lzpcompress -- gfx/battle_balls/nest_ball.2bpp gfx/battle_balls/nest_ball.2bpp.lzp
tools/lzpcompress -- gfx/battle_balls/net_ball.2bpp gfx/battle_balls/net_ball.2bpp.lzp
tools/lzpcompress -- gfx/battle_balls/dive_ball.2bpp gfx/battle_balls/dive_ball.2bpp.lzp
tools/lzpcompress -- gfx/battle_balls/luxury_ball.2bpp gfx/battle_balls/luxury_ball.2bpp.lzp
tools/lzpcompress -- gfx/battle_balls/heal_ball.2bpp gfx/battle_balls/heal_ball.2bpp.lzp
tools/lzpcompress -- gfx/battle_balls/quick_ball.2bpp gfx/battle_balls/quick_ball.2bpp.lzp
tools/lzpcompress -- gfx/battle_balls/dusk_ball.2bpp gfx/battle_balls/dusk_ball.2bpp.lzp
tools/lzpcompress -- gfx/battle_balls/dream_ball.2bpp gfx/battle_balls/dream_ball.2bpp.lzp
tools/lzpcompress -- gfx/battle_balls/premier_ball.2bpp gfx/battle_balls/premier_ball.2bpp.lzp
tools/lzpcompress -- gfx/battle_balls/cherish_ball.2bpp gfx/battle_balls/cherish_ball.2bpp.lzp
tools/lzpcompress -- gfx/paintings/ho_oh_painting.2bpp gfx/paintings/ho_oh_painting.2bpp.lzp
tools/lzpcompress -- gfx/paintings/lugia_painting.2bpp gfx/paintings/lugia_painting.2bpp.lzp
tools/lzpcompress -- gfx/paintings/bell_tower_painting.2bpp gfx/paintings/bell_tower_painting.2bpp.lzp
tools/lzpcompress -- gfx/paintings/kabuto_puzzle.2bpp gfx/paintings/kabuto_puzzle.2bpp.lzp
tools/lzpcompress -- gfx/paintings/omanyte_puzzle.2bpp gfx/paintings/omanyte_puzzle.2bpp.lzp
tools/lzpcompress -- gfx/paintings/aerodactyl_puzzle.2bpp gfx/paintings/aerodactyl_puzzle.2bpp.lzp
tools/lzpcompress -- gfx/paintings/ho_oh_puzzle.2bpp gfx/paintings/ho_oh_puzzle.2bpp.lzp
tools/lzpcompress -- gfx/pc/pc.2bpp gfx/pc/pc.2bpp.lzp
cat gfx/pc/modes.2bpp gfx/pc/bags.2bpp > gfx/pc/obj.2bpp
cat gfx/pokedex/pokedex0.2bpp gfx/pokedex/pokedex1.2bpp gfx/pokedex/area.2bpp > gfx/pokedex/pokedex.2bpp
tools/lzpcompress -- gfx/pokedex/slowpoke.2bpp gfx/pokedex/slowpoke.2bpp.lzp
tools/lzpcompress -- gfx/pokedex/question_mark.2bpp gfx/pokedex/question_mark.2bpp.lzp
tools/lzpcompress -- gfx/pokedex/oam.2bpp gfx/pokedex/oam.2bpp.lzp
tools/lzpcompress -- gfx/pokedex/main.bin gfx/pokedex/main.bin.lzp
tools/lzpcompress -- gfx/pokedex/description.bin gfx/pokedex/description.bin.lzp
tools/lzpcompress -- gfx/pokedex/bio.bin gfx/pokedex/bio.bin.lzp
tools/lzpcompress -- gfx/pokedex/stats.bin gfx/pokedex/stats.bin.lzp
tools/lzpcompress -- gfx/pokedex/search.bin gfx/pokedex/search.bin.lzp
tools/lzpcompress -- gfx/pokedex/mode.bin gfx/pokedex/mode.bin.lzp
tools/lzpcompress -- gfx/pokedex/unown.bin gfx/pokedex/unown.bin.lzp
tools/lzpcompress -- gfx/pokedex/kanto.bin gfx/pokedex/kanto.bin.lzp
tools/lzpcompress -- gfx/pokedex/johto.bin gfx/pokedex/johto.bin.lzp
tools/lzpcompress -- gfx/pokedex/orange.bin gfx/pokedex/orange.bin.lzp
tools/lzpcompress -- gfx/pack/pack_top_left.2bpp gfx/pack/pack_top_left.2bpp.lzp
tools/pokemon_animation -b gfx/pokemon/bulbasaur/front.animated.tilemap gfx/pokemon/bulbasaur/front.dimensions > gfx/pokemon/bulbasaur/bitmask.asm
tools/pokemon_animation -b gfx/pokemon/ivysaur/front.animated.tilemap gfx/pokemon/ivysaur/front.dimensions > gfx/pokemon/ivysaur/bitmask.asm
tools/pokemon_animation -b gfx/pokemon/venusaur/front.animated.tilemap gfx/pokemon/venusaur/front.dimensions > gfx/pokemon/venusaur/bitmask.asm
tools/pokemon_animation -b gfx/pokemon/charmander/front.animated.tilemap gfx/pokemon/charmander/front.dimensions > gfx/pokemon/charmander/bitmask.asm
tools/pokemon_animation -b gfx/pokemon/charmeleon/front.animated.tilemap gfx/pokemon/charmeleon/front.dimensions > gfx/pokemon/charmeleon/bitmask.asm
tools/pokemon_animation -b gfx/pokemon/charizard/front.animated.tilemap gfx/pokemon/charizard/front.dimensions > gfx/pokemon/charizard/bitmask.asm
tools/pokemon_animation -b gfx/pokemon/squirtle/front.animated.tilemap gfx/pokemon/squirtle/front.dimensions > gfx/pokemon/squirtle/bitmask.asm
tools/pokemon_animation -b gfx/pokemon/wartortle/front.animated.tilemap gfx/pokemon/wartortle/front.dimensions > gfx/pokemon/wartortle/bitmask.asm
tools/pokemon_animation -b gfx/pokemon/blastoise/front.animated.tilemap gfx/pokemon/blastoise/front.dimensions > gfx/pokemon/blastoise/bitmask.asm
tools/pokemon_animation -b gfx/pokemon/caterpie/front.animated.tilemap gfx/pokemon/caterpie/front.dimensions > gfx/pokemon/caterpie/bitmask.asm
tools/pokemon_animation -b gfx/pokemon/metapod/front.animated.tilemap gfx/pokemon/metapod/front.dimensions > gfx/pokemon/metapod/bitmask.asm
tools/pokemon_animation -b gfx/pokemon/butterfree/front.animated.tilemap gfx/pokemon/butterfree/front.dimensions > gfx/pokemon/butterfree/bitmask.asm
tools/pokemon_animation -b gfx/pokemon/weedle/front.animated.tilemap gfx/pokemon/weedle/front.dimensions > gfx/pokemon/weedle/bitmask.asm
tools/pokemon_animation -b gfx/pokemon/kakuna/front.animated.tilemap gfx/pokemon/kakuna/front.dimensions > gfx/pokemon/kakuna/bitmask.asm
tools/pokemon_animation -b gfx/pokemon/beedrill/front.animated.tilemap gfx/pokemon/beedrill/front.dimensions > gfx/pokemon/beedrill/bitmask.asm
tools/pokemon_animation -b gfx/pokemon/pidgey/front.animated.tilemap gfx/pokemon/pidgey/front.dimensions > gfx/pokemon/pidgey/bitmask.asm
tools/pokemon_animation -b gfx/pokemon/pidgeotto/front.animated.tilemap gfx/pokemon/pidgeotto/front.dimensions > gfx/pokemon/pidgeotto/bitmask.asm
tools/pokemon_animation -b gfx/pokemon/pidgeot/front.animated.tilemap gfx/pokemon/pidgeot/front.dimensions > gfx/pokemon/pidgeot/bitmask.asm
tools/pokemon_animation -b gfx/pokemon/spearow/front.animated.tilemap gfx/pokemon/spearow/front.dimensions > gfx/pokemon/spearow/bitmask.asm
tools/pokemon_animation -b gfx/pokemon/fearow/front.animated.tilemap gfx/pokemon/fearow/front.dimensions > gfx/pokemon/fearow/bitmask.asm
tools/pokemon_animation -b gfx/pokemon/ekans/front.animated.tilemap gfx/pokemon/ekans/front.dimensions > gfx/pokemon/ekans/bitmask.asm
tools/pokemon_animation -b gfx/pokemon/nidoran_f/front.animated.tilemap gfx/pokemon/nidoran_f/front.dimensions > gfx/pokemon/nidoran_f/bitmask.asm
tools/pokemon_animation -b gfx/pokemon/nidorina/front.animated.tilemap gfx/pokemon/nidorina/front.dimensions > gfx/pokemon/nidorina/bitmask.asm
tools/pokemon_animation -b gfx/pokemon/nidoqueen/front.animated.tilemap gfx/pokemon/nidoqueen/front.dimensions > gfx/pokemon/nidoqueen/bitmask.asm
tools/pokemon_animation -b gfx/pokemon/nidoran_m/front.animated.tilemap gfx/pokemon/nidoran_m/front.dimensions > gfx/pokemon/nidoran_m/bitmask.asm
tools/pokemon_animation -b gfx/pokemon/nidorino/front.animated.tilemap gfx/pokemon/nidorino/front.dimensions > gfx/pokemon/nidorino/bitmask.asm
tools/pokemon_animation -b gfx/pokemon/nidoking/front.animated.tilemap gfx/pokemon/nidoking/front.dimensions > gfx/pokemon/nidoking/bitmask.asm
tools/pokemon_animation -b gfx/pokemon/clefairy/front.animated.tilemap gfx/pokemon/clefairy/front.dimensions > gfx/pokemon/clefairy/bitmask.asm
tools/pokemon_animation -b gfx/pokemon/clefable/front.animated.tilemap gfx/pokemon/clefable/front.dimensions > gfx/pokemon/clefable/bitmask.asm
tools/pokemon_animation -b gfx/pokemon/jigglypuff/front.animated.tilemap gfx/pokemon/jigglypuff/front.dimensions > gfx/pokemon/jigglypuff/bitmask.asm
tools/pokemon_animation -b gfx/pokemon/wigglytuff/front.animated.tilemap gfx/pokemon/wigglytuff/front.dimensions > gfx/pokemon/wigglytuff/bitmask.asm
tools/pokemon_animation -b gfx/pokemon/zubat/front.animated.tilemap gfx/pokemon/zubat/front.dimensions > gfx/pokemon/zubat/bitmask.asm
tools/pokemon_animation -b gfx/pokemon/golbat/front.animated.tilemap gfx/pokemon/golbat/front.dimensions > gfx/pokemon/golbat/bitmask.asm
tools/pokemon_animation -b gfx/pokemon/oddish/front.animated.tilemap gfx/pokemon/oddish/front.dimensions > gfx/pokemon/oddish/bitmask.asm
tools/pokemon_animation -b gfx/pokemon/gloom/front.animated.tilemap gfx/pokemon/gloom/front.dimensions > gfx/pokemon/gloom/bitmask.asm
tools/pokemon_animation -b gfx/pokemon/vileplume/front.animated.tilemap gfx/pokemon/vileplume/front.dimensions > gfx/pokemon/vileplume/bitmask.asm
tools/pokemon_animation -b gfx/pokemon/paras/front.animated.tilemap gfx/pokemon/paras/front.dimensions > gfx/pokemon/paras/bitmask.asm
tools/pokemon_animation -b gfx/pokemon/parasect/front.animated.tilemap gfx/pokemon/parasect/front.dimensions > gfx/pokemon/parasect/bitmask.asm
tools/pokemon_animation -b gfx/pokemon/venonat/front.animated.tilemap gfx/pokemon/venonat/front.dimensions > gfx/pokemon/venonat/bitmask.asm
tools/pokemon_animation -b gfx/pokemon/venomoth/front.animated.tilemap gfx/pokemon/venomoth/front.dimensions > gfx/pokemon/venomoth/bitmask.asm
tools/pokemon_animation -b gfx/pokemon/psyduck/front.animated.tilemap gfx/pokemon/psyduck/front.dimensions > gfx/pokemon/psyduck/bitmask.asm
tools/pokemon_animation -b gfx/pokemon/golduck/front.animated.tilemap gfx/pokemon/golduck/front.dimensions > gfx/pokemon/golduck/bitmask.asm
tools/pokemon_animation -b gfx/pokemon/mankey/front.animated.tilemap gfx/pokemon/mankey/front.dimensions > gfx/pokemon/mankey/bitmask.asm
tools/pokemon_animation -b gfx/pokemon/primeape/front.animated.tilemap gfx/pokemon/primeape/front.dimensions > gfx/pokemon/primeape/bitmask.asm
tools/pokemon_animation -b gfx/pokemon/poliwag/front.animated.tilemap gfx/pokemon/poliwag/front.dimensions > gfx/pokemon/poliwag/bitmask.asm
tools/pokemon_animation -b gfx/pokemon/poliwhirl/front.animated.tilemap gfx/pokemon/poliwhirl/front.dimensions > gfx/pokemon/poliwhirl/bitmask.asm
tools/pokemon_animation -b gfx/pokemon/poliwrath/front.animated.tilemap gfx/pokemon/poliwrath/front.dimensions > gfx/pokemon/poliwrath/bitmask.asm
tools/pokemon_animation -b gfx/pokemon/abra/front.animated.tilemap gfx/pokemon/abra/front.dimensions > gfx/pokemon/abra/bitmask.asm
tools/pokemon_animation -b gfx/pokemon/kadabra/front.animated.tilemap gfx/pokemon/kadabra/front.dimensions > gfx/pokemon/kadabra/bitmask.asm
tools/pokemon_animation -b gfx/pokemon/alakazam/front.animated.tilemap gfx/pokemon/alakazam/front.dimensions > gfx/pokemon/alakazam/bitmask.asm
tools/pokemon_animation -b gfx/pokemon/machop/front.animated.tilemap gfx/pokemon/machop/front.dimensions > gfx/pokemon/machop/bitmask.asm
tools/pokemon_animation -b gfx/pokemon/machoke/front.animated.tilemap gfx/pokemon/machoke/front.dimensions > gfx/pokemon/machoke/bitmask.asm
tools/pokemon_animation -b gfx/pokemon/machamp/front.animated.tilemap gfx/pokemon/machamp/front.dimensions > gfx/pokemon/machamp/bitmask.asm
tools/pokemon_animation -b gfx/pokemon/bellsprout/front.animated.tilemap gfx/pokemon/bellsprout/front.dimensions > gfx/pokemon/bellsprout/bitmask.asm
tools/pokemon_animation -b gfx/pokemon/weepinbell/front.animated.tilemap gfx/pokemon/weepinbell/front.dimensions > gfx/pokemon/weepinbell/bitmask.asm
tools/pokemon_animation -b gfx/pokemon/victreebel/front.animated.tilemap gfx/pokemon/victreebel/front.dimensions > gfx/pokemon/victreebel/bitmask.asm
tools/pokemon_animation -b gfx/pokemon/tentacool/front.animated.tilemap gfx/pokemon/tentacool/front.dimensions > gfx/pokemon/tentacool/bitmask.asm
tools/pokemon_animation -b gfx/pokemon/tentacruel/front.animated.tilemap gfx/pokemon/tentacruel/front.dimensions > gfx/pokemon/tentacruel/bitmask.asm
tools/pokemon_animation -b gfx/pokemon/magnemite/front.animated.tilemap gfx/pokemon/magnemite/front.dimensions > gfx/pokemon/magnemite/bitmask.asm
tools/pokemon_animation -b gfx/pokemon/magneton/front.animated.tilemap gfx/pokemon/magneton/front.dimensions > gfx/pokemon/magneton/bitmask.asm
tools/pokemon_animation -b gfx/pokemon/doduo/front.animated.tilemap gfx/pokemon/doduo/front.dimensions > gfx/pokemon/doduo/bitmask.asm
tools/pokemon_animation -b gfx/pokemon/dodrio/front.animated.tilemap gfx/pokemon/dodrio/front.dimensions > gfx/pokemon/dodrio/bitmask.asm
tools/pokemon_animation -b gfx/pokemon/seel/front.animated.tilemap gfx/pokemon/seel/front.dimensions > gfx/pokemon/seel/bitmask.asm
tools/pokemon_animation -b gfx/pokemon/dewgong/front.animated.tilemap gfx/pokemon/dewgong/front.dimensions > gfx/pokemon/dewgong/bitmask.asm
tools/pokemon_animation -b gfx/pokemon/shellder/front.animated.tilemap gfx/pokemon/shellder/front.dimensions > gfx/pokemon/shellder/bitmask.asm
tools/pokemon_animation -b gfx/pokemon/cloyster/front.animated.tilemap gfx/pokemon/cloyster/front.dimensions > gfx/pokemon/cloyster/bitmask.asm
tools/pokemon_animation -b gfx/pokemon/gastly/front.animated.tilemap gfx/pokemon/gastly/front.dimensions > gfx/pokemon/gastly/bitmask.asm
tools/pokemon_animation -b gfx/pokemon/haunter/front.animated.tilemap gfx/pokemon/haunter/front.dimensions > gfx/pokemon/haunter/bitmask.asm
tools/pokemon_animation -b gfx/pokemon/gengar/front.animated.tilemap gfx/pokemon/gengar/front.dimensions > gfx/pokemon/gengar/bitmask.asm
tools/pokemon_animation -b gfx/pokemon/onix/front.animated.tilemap gfx/pokemon/onix/front.dimensions > gfx/pokemon/onix/bitmask.asm
tools/pokemon_animation -b gfx/pokemon/drowzee/front.animated.tilemap gfx/pokemon/drowzee/front.dimensions > gfx/pokemon/drowzee/bitmask.asm
tools/pokemon_animation -b gfx/pokemon/hypno/front.animated.tilemap gfx/pokemon/hypno/front.dimensions > gfx/pokemon/hypno/bitmask.asm
tools/pokemon_animation -b gfx/pokemon/krabby/front.animated.tilemap gfx/pokemon/krabby/front.dimensions > gfx/pokemon/krabby/bitmask.asm
tools/pokemon_animation -b gfx/pokemon/kingler/front.animated.tilemap gfx/pokemon/kingler/front.dimensions > gfx/pokemon/kingler/bitmask.asm
tools/pokemon_animation -b gfx/pokemon/exeggcute/front.animated.tilemap gfx/pokemon/exeggcute/front.dimensions > gfx/pokemon/exeggcute/bitmask.asm
tools/pokemon_animation -b gfx/pokemon/cubone/front.animated.tilemap gfx/pokemon/cubone/front.dimensions > gfx/pokemon/cubone/bitmask.asm
tools/pokemon_animation -b gfx/pokemon/hitmonlee/front.animated.tilemap gfx/pokemon/hitmonlee/front.dimensions > gfx/pokemon/hitmonlee/bitmask.asm
tools/pokemon_animation -b gfx/pokemon/hitmonchan/front.animated.tilemap gfx/pokemon/hitmonchan/front.dimensions > gfx/pokemon/hitmonchan/bitmask.asm
tools/pokemon_animation -b gfx/pokemon/lickitung/front.animated.tilemap gfx/pokemon/lickitung/front.dimensions > gfx/pokemon/lickitung/bitmask.asm
tools/pokemon_animation -b gfx/pokemon/koffing/front.animated.tilemap gfx/pokemon/koffing/front.dimensions > gfx/pokemon/koffing/bitmask.asm
tools/pokemon_animation -b gfx/pokemon/rhyhorn/front.animated.tilemap gfx/pokemon/rhyhorn/front.dimensions > gfx/pokemon/rhyhorn/bitmask.asm
tools/pokemon_animation -b gfx/pokemon/rhydon/front.animated.tilemap gfx/pokemon/rhydon/front.dimensions > gfx/pokemon/rhydon/bitmask.asm
tools/pokemon_animation -b gfx/pokemon/chansey/front.animated.tilemap gfx/pokemon/chansey/front.dimensions > gfx/pokemon/chansey/bitmask.asm
tools/pokemon_animation -b gfx/pokemon/tangela/front.animated.tilemap gfx/pokemon/tangela/front.dimensions > gfx/pokemon/tangela/bitmask.asm
tools/pokemon_animation -b gfx/pokemon/kangaskhan/front.animated.tilemap gfx/pokemon/kangaskhan/front.dimensions > gfx/pokemon/kangaskhan/bitmask.asm
tools/pokemon_animation -b gfx/pokemon/horsea/front.animated.tilemap gfx/pokemon/horsea/front.dimensions > gfx/pokemon/horsea/bitmask.asm
tools/pokemon_animation -b gfx/pokemon/seadra/front.animated.tilemap gfx/pokemon/seadra/front.dimensions > gfx/pokemon/seadra/bitmask.asm
tools/pokemon_animation -b gfx/pokemon/goldeen/front.animated.tilemap gfx/pokemon/goldeen/front.dimensions > gfx/pokemon/goldeen/bitmask.asm
tools/pokemon_animation -b gfx/pokemon/seaking/front.animated.tilemap gfx/pokemon/seaking/front.dimensions > gfx/pokemon/seaking/bitmask.asm
tools/pokemon_animation -b gfx/pokemon/staryu/front.animated.tilemap gfx/pokemon/staryu/front.dimensions > gfx/pokemon/staryu/bitmask.asm
tools/pokemon_animation -b gfx/pokemon/starmie/front.animated.tilemap gfx/pokemon/starmie/front.dimensions > gfx/pokemon/starmie/bitmask.asm
tools/pokemon_animation -b gfx/pokemon/scyther/front.animated.tilemap gfx/pokemon/scyther/front.dimensions > gfx/pokemon/scyther/bitmask.asm
tools/pokemon_animation -b gfx/pokemon/jynx/front.animated.tilemap gfx/pokemon/jynx/front.dimensions > gfx/pokemon/jynx/bitmask.asm
tools/pokemon_animation -b gfx/pokemon/electabuzz/front.animated.tilemap gfx/pokemon/electabuzz/front.dimensions > gfx/pokemon/electabuzz/bitmask.asm
tools/pokemon_animation -b gfx/pokemon/magmar/front.animated.tilemap gfx/pokemon/magmar/front.dimensions > gfx/pokemon/magmar/bitmask.asm
tools/pokemon_animation -b gfx/pokemon/pinsir/front.animated.tilemap gfx/pokemon/pinsir/front.dimensions > gfx/pokemon/pinsir/bitmask.asm
tools/pokemon_animation -b gfx/pokemon/lapras/front.animated.tilemap gfx/pokemon/lapras/front.dimensions > gfx/pokemon/lapras/bitmask.asm
tools/pokemon_animation -b gfx/pokemon/ditto/front.animated.tilemap gfx/pokemon/ditto/front.dimensions > gfx/pokemon/ditto/bitmask.asm
tools/pokemon_animation -b gfx/pokemon/eevee/front.animated.tilemap gfx/pokemon/eevee/front.dimensions > gfx/pokemon/eevee/bitmask.asm
tools/pokemon_animation -b gfx/pokemon/vaporeon/front.animated.tilemap gfx/pokemon/vaporeon/front.dimensions > gfx/pokemon/vaporeon/bitmask.asm
tools/pokemon_animation -b gfx/pokemon/jolteon/front.animated.tilemap gfx/pokemon/jolteon/front.dimensions > gfx/pokemon/jolteon/bitmask.asm
tools/pokemon_animation -b gfx/pokemon/flareon/front.animated.tilemap gfx/pokemon/flareon/front.dimensions > gfx/pokemon/flareon/bitmask.asm
tools/pokemon_animation -b gfx/pokemon/porygon/front.animated.tilemap gfx/pokemon/porygon/front.dimensions > gfx/pokemon/porygon/bitmask.asm
tools/pokemon_animation -b gfx/pokemon/omanyte/front.animated.tilemap gfx/pokemon/omanyte/front.dimensions > gfx/pokemon/omanyte/bitmask.asm
tools/pokemon_animation -b gfx/pokemon/omastar/front.animated.tilemap gfx/pokemon/omastar/front.dimensions > gfx/pokemon/omastar/bitmask.asm
tools/pokemon_animation -b gfx/pokemon/kabuto/front.animated.tilemap gfx/pokemon/kabuto/front.dimensions > gfx/pokemon/kabuto/bitmask.asm
tools/pokemon_animation -b gfx/pokemon/kabutops/front.animated.tilemap gfx/pokemon/kabutops/front.dimensions > gfx/pokemon/kabutops/bitmask.asm
tools/pokemon_animation -b gfx/pokemon/aerodactyl/front.animated.tilemap gfx/pokemon/aerodactyl/front.dimensions > gfx/pokemon/aerodactyl/bitmask.asm
tools/pokemon_animation -b gfx/pokemon/snorlax/front.animated.tilemap gfx/pokemon/snorlax/front.dimensions > gfx/pokemon/snorlax/bitmask.asm
tools/pokemon_animation -b gfx/pokemon/dratini/front.animated.tilemap gfx/pokemon/dratini/front.dimensions > gfx/pokemon/dratini/bitmask.asm
tools/pokemon_animation -b gfx/pokemon/dragonair/front.animated.tilemap gfx/pokemon/dragonair/front.dimensions > gfx/pokemon/dragonair/bitmask.asm
tools/pokemon_animation -b gfx/pokemon/dragonite/front.animated.tilemap gfx/pokemon/dragonite/front.dimensions > gfx/pokemon/dragonite/bitmask.asm
tools/pokemon_animation -b gfx/pokemon/mew/front.animated.tilemap gfx/pokemon/mew/front.dimensions > gfx/pokemon/mew/bitmask.asm
tools/pokemon_animation -b gfx/pokemon/chikorita/front.animated.tilemap gfx/pokemon/chikorita/front.dimensions > gfx/pokemon/chikorita/bitmask.asm
tools/pokemon_animation -b gfx/pokemon/bayleef/front.animated.tilemap gfx/pokemon/bayleef/front.dimensions > gfx/pokemon/bayleef/bitmask.asm
tools/pokemon_animation -b gfx/pokemon/meganium/front.animated.tilemap gfx/pokemon/meganium/front.dimensions > gfx/pokemon/meganium/bitmask.asm
tools/pokemon_animation -b gfx/pokemon/cyndaquil/front.animated.tilemap gfx/pokemon/cyndaquil/front.dimensions > gfx/pokemon/cyndaquil/bitmask.asm
tools/pokemon_animation -b gfx/pokemon/quilava/front.animated.tilemap gfx/pokemon/quilava/front.dimensions > gfx/pokemon/quilava/bitmask.asm
tools/pokemon_animation -b gfx/pokemon/totodile/front.animated.tilemap gfx/pokemon/totodile/front.dimensions > gfx/pokemon/totodile/bitmask.asm
tools/pokemon_animation -b gfx/pokemon/croconaw/front.animated.tilemap gfx/pokemon/croconaw/front.dimensions > gfx/pokemon/croconaw/bitmask.asm
tools/pokemon_animation -b gfx/pokemon/feraligatr/front.animated.tilemap gfx/pokemon/feraligatr/front.dimensions > gfx/pokemon/feraligatr/bitmask.asm
tools/pokemon_animation -b gfx/pokemon/sentret/front.animated.tilemap gfx/pokemon/sentret/front.dimensions > gfx/pokemon/sentret/bitmask.asm
tools/pokemon_animation -b gfx/pokemon/furret/front.animated.tilemap gfx/pokemon/furret/front.dimensions > gfx/pokemon/furret/bitmask.asm
tools/pokemon_animation -b gfx/pokemon/hoothoot/front.animated.tilemap gfx/pokemon/hoothoot/front.dimensions > gfx/pokemon/hoothoot/bitmask.asm
tools/pokemon_animation -b gfx/pokemon/noctowl/front.animated.tilemap gfx/pokemon/noctowl/front.dimensions > gfx/pokemon/noctowl/bitmask.asm
tools/pokemon_animation -b gfx/pokemon/ledyba/front.animated.tilemap gfx/pokemon/ledyba/front.dimensions > gfx/pokemon/ledyba/bitmask.asm
tools/pokemon_animation -b gfx/pokemon/ledian/front.animated.tilemap gfx/pokemon/ledian/front.dimensions > gfx/pokemon/ledian/bitmask.asm
tools/pokemon_animation -b gfx/pokemon/spinarak/front.animated.tilemap gfx/pokemon/spinarak/front.dimensions > gfx/pokemon/spinarak/bitmask.asm
tools/pokemon_animation -b gfx/pokemon/ariados/front.animated.tilemap gfx/pokemon/ariados/front.dimensions > gfx/pokemon/ariados/bitmask.asm
tools/pokemon_animation -b gfx/pokemon/crobat/front.animated.tilemap gfx/pokemon/crobat/front.dimensions > gfx/pokemon/crobat/bitmask.asm
tools/pokemon_animation -b gfx/pokemon/chinchou/front.animated.tilemap gfx/pokemon/chinchou/front.dimensions > gfx/pokemon/chinchou/bitmask.asm
tools/pokemon_animation -b gfx/pokemon/lanturn/front.animated.tilemap gfx/pokemon/lanturn/front.dimensions > gfx/pokemon/lanturn/bitmask.asm
tools/pokemon_animation -b gfx/pokemon/cleffa/front.animated.tilemap gfx/pokemon/cleffa/front.dimensions > gfx/pokemon/cleffa/bitmask.asm
tools/pokemon_animation -b gfx/pokemon/igglybuff/front.animated.tilemap gfx/pokemon/igglybuff/front.dimensions > gfx/pokemon/igglybuff/bitmask.asm
tools/pokemon_animation -b gfx/pokemon/togepi/front.animated.tilemap gfx/pokemon/togepi/front.dimensions > gfx/pokemon/togepi/bitmask.asm
tools/pokemon_animation -b gfx/pokemon/togetic/front.animated.tilemap gfx/pokemon/togetic/front.dimensions > gfx/pokemon/togetic/bitmask.asm
tools/pokemon_animation -b gfx/pokemon/natu/front.animated.tilemap gfx/pokemon/natu/front.dimensions > gfx/pokemon/natu/bitmask.asm
tools/pokemon_animation -b gfx/pokemon/xatu/front.animated.tilemap gfx/pokemon/xatu/front.dimensions > gfx/pokemon/xatu/bitmask.asm
tools/pokemon_animation -b gfx/pokemon/mareep/front.animated.tilemap gfx/pokemon/mareep/front.dimensions > gfx/pokemon/mareep/bitmask.asm
tools/pokemon_animation -b gfx/pokemon/flaaffy/front.animated.tilemap gfx/pokemon/flaaffy/front.dimensions > gfx/pokemon/flaaffy/bitmask.asm
tools/pokemon_animation -b gfx/pokemon/ampharos/front.animated.tilemap gfx/pokemon/ampharos/front.dimensions > gfx/pokemon/ampharos/bitmask.asm
tools/pokemon_animation -b gfx/pokemon/bellossom/front.animated.tilemap gfx/pokemon/bellossom/front.dimensions > gfx/pokemon/bellossom/bitmask.asm
tools/pokemon_animation -b gfx/pokemon/sudowoodo/front.animated.tilemap gfx/pokemon/sudowoodo/front.dimensions > gfx/pokemon/sudowoodo/bitmask.asm
tools/pokemon_animation -b gfx/pokemon/marill/front.animated.tilemap gfx/pokemon/marill/front.dimensions > gfx/pokemon/marill/bitmask.asm
tools/pokemon_animation -b gfx/pokemon/azumarill/front.animated.tilemap gfx/pokemon/azumarill/front.dimensions > gfx/pokemon/azumarill/bitmask.asm
tools/pokemon_animation -b gfx/pokemon/politoed/front.animated.tilemap gfx/pokemon/politoed/front.dimensions > gfx/pokemon/politoed/bitmask.asm
tools/pokemon_animation -b gfx/pokemon/hoppip/front.animated.tilemap gfx/pokemon/hoppip/front.dimensions > gfx/pokemon/hoppip/bitmask.asm
tools/pokemon_animation -b gfx/pokemon/skiploom/front.animated.tilemap gfx/pokemon/skiploom/front.dimensions > gfx/pokemon/skiploom/bitmask.asm
tools/pokemon_animation -b gfx/pokemon/jumpluff/front.animated.tilemap gfx/pokemon/jumpluff/front.dimensions > gfx/pokemon/jumpluff/bitmask.asm
tools/pokemon_animation -b gfx/pokemon/aipom/front.animated.tilemap gfx/pokemon/aipom/front.dimensions > gfx/pokemon/aipom/bitmask.asm
tools/pokemon_animation -b gfx/pokemon/sunkern/front.animated.tilemap gfx/pokemon/sunkern/front.dimensions > gfx/pokemon/sunkern/bitmask.asm
tools/pokemon_animation -b gfx/pokemon/sunflora/front.animated.tilemap gfx/pokemon/sunflora/front.dimensions > gfx/pokemon/sunflora/bitmask.asm
tools/pokemon_animation -b gfx/pokemon/yanma/front.animated.tilemap gfx/pokemon/yanma/front.dimensions > gfx/pokemon/yanma/bitmask.asm
tools/pokemon_animation -b gfx/pokemon/quagsire/front.animated.tilemap gfx/pokemon/quagsire/front.dimensions > gfx/pokemon/quagsire/bitmask.asm
tools/pokemon_animation -b gfx/pokemon/espeon/front.animated.tilemap gfx/pokemon/espeon/front.dimensions > gfx/pokemon/espeon/bitmask.asm
tools/pokemon_animation -b gfx/pokemon/umbreon/front.animated.tilemap gfx/pokemon/umbreon/front.dimensions > gfx/pokemon/umbreon/bitmask.asm
tools/pokemon_animation -b gfx/pokemon/murkrow/front.animated.tilemap gfx/pokemon/murkrow/front.dimensions > gfx/pokemon/murkrow/bitmask.asm
tools/pokemon_animation -b gfx/pokemon/misdreavus/front.animated.tilemap gfx/pokemon/misdreavus/front.dimensions > gfx/pokemon/misdreavus/bitmask.asm
tools/pokemon_animation -b gfx/pokemon/wobbuffet/front.animated.tilemap gfx/pokemon/wobbuffet/front.dimensions > gfx/pokemon/wobbuffet/bitmask.asm
tools/pokemon_animation -b gfx/pokemon/girafarig/front.animated.tilemap gfx/pokemon/girafarig/front.dimensions > gfx/pokemon/girafarig/bitmask.asm
tools/pokemon_animation -b gfx/pokemon/pineco/front.animated.tilemap gfx/pokemon/pineco/front.dimensions > gfx/pokemon/pineco/bitmask.asm
tools/pokemon_animation -b gfx/pokemon/forretress/front.animated.tilemap gfx/pokemon/forretress/front.dimensions > gfx/pokemon/forretress/bitmask.asm
tools/pokemon_animation -b gfx/pokemon/dunsparce/front.animated.tilemap gfx/pokemon/dunsparce/front.dimensions > gfx/pokemon/dunsparce/bitmask.asm
tools/pokemon_animation -b gfx/pokemon/gligar/front.animated.tilemap gfx/pokemon/gligar/front.dimensions > gfx/pokemon/gligar/bitmask.asm
tools/pokemon_animation -b gfx/pokemon/steelix/front.animated.tilemap gfx/pokemon/steelix/front.dimensions > gfx/pokemon/steelix/bitmask.asm
tools/pokemon_animation -b gfx/pokemon/snubbull/front.animated.tilemap gfx/pokemon/snubbull/front.dimensions > gfx/pokemon/snubbull/bitmask.asm
tools/pokemon_animation -b gfx/pokemon/granbull/front.animated.tilemap gfx/pokemon/granbull/front.dimensions > gfx/pokemon/granbull/bitmask.asm
tools/pokemon_animation -b gfx/pokemon/scizor/front.animated.tilemap gfx/pokemon/scizor/front.dimensions > gfx/pokemon/scizor/bitmask.asm
tools/pokemon_animation -b gfx/pokemon/shuckle/front.animated.tilemap gfx/pokemon/shuckle/front.dimensions > gfx/pokemon/shuckle/bitmask.asm
tools/pokemon_animation -b gfx/pokemon/heracross/front.animated.tilemap gfx/pokemon/heracross/front.dimensions > gfx/pokemon/heracross/bitmask.asm
tools/pokemon_animation -b gfx/pokemon/teddiursa/front.animated.tilemap gfx/pokemon/teddiursa/front.dimensions > gfx/pokemon/teddiursa/bitmask.asm
tools/pokemon_animation -b gfx/pokemon/ursaring/front.animated.tilemap gfx/pokemon/ursaring/front.dimensions > gfx/pokemon/ursaring/bitmask.asm
tools/pokemon_animation -b gfx/pokemon/slugma/front.animated.tilemap gfx/pokemon/slugma/front.dimensions > gfx/pokemon/slugma/bitmask.asm
tools/pokemon_animation -b gfx/pokemon/magcargo/front.animated.tilemap gfx/pokemon/magcargo/front.dimensions > gfx/pokemon/magcargo/bitmask.asm
tools/pokemon_animation -b gfx/pokemon/swinub/front.animated.tilemap gfx/pokemon/swinub/front.dimensions > gfx/pokemon/swinub/bitmask.asm
tools/pokemon_animation -b gfx/pokemon/piloswine/front.animated.tilemap gfx/pokemon/piloswine/front.dimensions > gfx/pokemon/piloswine/bitmask.asm
tools/pokemon_animation -b gfx/pokemon/remoraid/front.animated.tilemap gfx/pokemon/remoraid/front.dimensions > gfx/pokemon/remoraid/bitmask.asm
tools/pokemon_animation -b gfx/pokemon/octillery/front.animated.tilemap gfx/pokemon/octillery/front.dimensions > gfx/pokemon/octillery/bitmask.asm
tools/pokemon_animation -b gfx/pokemon/delibird/front.animated.tilemap gfx/pokemon/delibird/front.dimensions > gfx/pokemon/delibird/bitmask.asm
tools/pokemon_animation -b gfx/pokemon/mantine/front.animated.tilemap gfx/pokemon/mantine/front.dimensions > gfx/pokemon/mantine/bitmask.asm
tools/pokemon_animation -b gfx/pokemon/skarmory/front.animated.tilemap gfx/pokemon/skarmory/front.dimensions > gfx/pokemon/skarmory/bitmask.asm
tools/pokemon_animation -b gfx/pokemon/houndour/front.animated.tilemap gfx/pokemon/houndour/front.dimensions > gfx/pokemon/houndour/bitmask.asm
tools/pokemon_animation -b gfx/pokemon/houndoom/front.animated.tilemap gfx/pokemon/houndoom/front.dimensions > gfx/pokemon/houndoom/bitmask.asm
tools/pokemon_animation -b gfx/pokemon/kingdra/front.animated.tilemap gfx/pokemon/kingdra/front.dimensions > gfx/pokemon/kingdra/bitmask.asm
tools/pokemon_animation -b gfx/pokemon/phanpy/front.animated.tilemap gfx/pokemon/phanpy/front.dimensions > gfx/pokemon/phanpy/bitmask.asm
tools/pokemon_animation -b gfx/pokemon/donphan/front.animated.tilemap gfx/pokemon/donphan/front.dimensions > gfx/pokemon/donphan/bitmask.asm
tools/pokemon_animation -b gfx/pokemon/porygon2/front.animated.tilemap gfx/pokemon/porygon2/front.dimensions > gfx/pokemon/porygon2/bitmask.asm
tools/pokemon_animation -b gfx/pokemon/stantler/front.animated.tilemap gfx/pokemon/stantler/front.dimensions > gfx/pokemon/stantler/bitmask.asm
tools/pokemon_animation -b gfx/pokemon/smeargle/front.animated.tilemap gfx/pokemon/smeargle/front.dimensions > gfx/pokemon/smeargle/bitmask.asm
tools/pokemon_animation -b gfx/pokemon/tyrogue/front.animated.tilemap gfx/pokemon/tyrogue/front.dimensions > gfx/pokemon/tyrogue/bitmask.asm
tools/pokemon_animation -b gfx/pokemon/hitmontop/front.animated.tilemap gfx/pokemon/hitmontop/front.dimensions > gfx/pokemon/hitmontop/bitmask.asm
tools/pokemon_animation -b gfx/pokemon/smoochum/front.animated.tilemap gfx/pokemon/smoochum/front.dimensions > gfx/pokemon/smoochum/bitmask.asm
tools/pokemon_animation -b gfx/pokemon/elekid/front.animated.tilemap gfx/pokemon/elekid/front.dimensions > gfx/pokemon/elekid/bitmask.asm
tools/pokemon_animation -b gfx/pokemon/magby/front.animated.tilemap gfx/pokemon/magby/front.dimensions > gfx/pokemon/magby/bitmask.asm
tools/pokemon_animation -b gfx/pokemon/miltank/front.animated.tilemap gfx/pokemon/miltank/front.dimensions > gfx/pokemon/miltank/bitmask.asm
tools/pokemon_animation -b gfx/pokemon/blissey/front.animated.tilemap gfx/pokemon/blissey/front.dimensions > gfx/pokemon/blissey/bitmask.asm
tools/pokemon_animation -b gfx/pokemon/raikou/front.animated.tilemap gfx/pokemon/raikou/front.dimensions > gfx/pokemon/raikou/bitmask.asm
tools/pokemon_animation -b gfx/pokemon/entei/front.animated.tilemap gfx/pokemon/entei/front.dimensions > gfx/pokemon/entei/bitmask.asm
tools/pokemon_animation -b gfx/pokemon/suicune/front.animated.tilemap gfx/pokemon/suicune/front.dimensions > gfx/pokemon/suicune/bitmask.asm
tools/pokemon_animation -b gfx/pokemon/larvitar/front.animated.tilemap gfx/pokemon/larvitar/front.dimensions > gfx/pokemon/larvitar/bitmask.asm
tools/pokemon_animation -b gfx/pokemon/pupitar/front.animated.tilemap gfx/pokemon/pupitar/front.dimensions > gfx/pokemon/pupitar/bitmask.asm
tools/pokemon_animation -b gfx/pokemon/tyranitar/front.animated.tilemap gfx/pokemon/tyranitar/front.dimensions > gfx/pokemon/tyranitar/bitmask.asm
tools/pokemon_animation -b gfx/pokemon/lugia/front.animated.tilemap gfx/pokemon/lugia/front.dimensions > gfx/pokemon/lugia/bitmask.asm
tools/pokemon_animation -b gfx/pokemon/ho_oh/front.animated.tilemap gfx/pokemon/ho_oh/front.dimensions > gfx/pokemon/ho_oh/bitmask.asm
tools/pokemon_animation -b gfx/pokemon/celebi/front.animated.tilemap gfx/pokemon/celebi/front.dimensions > gfx/pokemon/celebi/bitmask.asm
tools/pokemon_animation -b gfx/pokemon/azurill/front.animated.tilemap gfx/pokemon/azurill/front.dimensions > gfx/pokemon/azurill/bitmask.asm
tools/pokemon_animation -b gfx/pokemon/wynaut/front.animated.tilemap gfx/pokemon/wynaut/front.dimensions > gfx/pokemon/wynaut/bitmask.asm
tools/pokemon_animation -b gfx/pokemon/ambipom/front.animated.tilemap gfx/pokemon/ambipom/front.dimensions > gfx/pokemon/ambipom/bitmask.asm
tools/pokemon_animation -b gfx/pokemon/mismagius/front.animated.tilemap gfx/pokemon/mismagius/front.dimensions > gfx/pokemon/mismagius/bitmask.asm
tools/pokemon_animation -b gfx/pokemon/honchkrow/front.animated.tilemap gfx/pokemon/honchkrow/front.dimensions > gfx/pokemon/honchkrow/bitmask.asm
tools/pokemon_animation -b gfx/pokemon/bonsly/front.animated.tilemap gfx/pokemon/bonsly/front.dimensions > gfx/pokemon/bonsly/bitmask.asm
tools/pokemon_animation -b gfx/pokemon/mime_jr_/front.animated.tilemap gfx/pokemon/mime_jr_/front.dimensions > gfx/pokemon/mime_jr_/bitmask.asm
tools/pokemon_animation -b gfx/pokemon/happiny/front.animated.tilemap gfx/pokemon/happiny/front.dimensions > gfx/pokemon/happiny/bitmask.asm
tools/pokemon_animation -b gfx/pokemon/munchlax/front.animated.tilemap gfx/pokemon/munchlax/front.dimensions > gfx/pokemon/munchlax/bitmask.asm
tools/pokemon_animation -b gfx/pokemon/mantyke/front.animated.tilemap gfx/pokemon/mantyke/front.dimensions > gfx/pokemon/mantyke/bitmask.asm
tools/pokemon_animation -b gfx/pokemon/weavile/front.animated.tilemap gfx/pokemon/weavile/front.dimensions > gfx/pokemon/weavile/bitmask.asm
tools/pokemon_animation -b gfx/pokemon/magnezone/front.animated.tilemap gfx/pokemon/magnezone/front.dimensions > gfx/pokemon/magnezone/bitmask.asm
tools/pokemon_animation -b gfx/pokemon/lickilicky/front.animated.tilemap gfx/pokemon/lickilicky/front.dimensions > gfx/pokemon/lickilicky/bitmask.asm
tools/pokemon_animation -b gfx/pokemon/rhyperior/front.animated.tilemap gfx/pokemon/rhyperior/front.dimensions > gfx/pokemon/rhyperior/bitmask.asm
tools/pokemon_animation -b gfx/pokemon/tangrowth/front.animated.tilemap gfx/pokemon/tangrowth/front.dimensions > gfx/pokemon/tangrowth/bitmask.asm
tools/pokemon_animation -b gfx/pokemon/electivire/front.animated.tilemap gfx/pokemon/electivire/front.dimensions > gfx/pokemon/electivire/bitmask.asm
tools/pokemon_animation -b gfx/pokemon/magmortar/front.animated.tilemap gfx/pokemon/magmortar/front.dimensions > gfx/pokemon/magmortar/bitmask.asm
tools/pokemon_animation -b gfx/pokemon/togekiss/front.animated.tilemap gfx/pokemon/togekiss/front.dimensions > gfx/pokemon/togekiss/bitmask.asm
tools/pokemon_animation -b gfx/pokemon/yanmega/front.animated.tilemap gfx/pokemon/yanmega/front.dimensions > gfx/pokemon/yanmega/bitmask.asm
tools/pokemon_animation -b gfx/pokemon/leafeon/front.animated.tilemap gfx/pokemon/leafeon/front.dimensions > gfx/pokemon/leafeon/bitmask.asm
tools/pokemon_animation -b gfx/pokemon/glaceon/front.animated.tilemap gfx/pokemon/glaceon/front.dimensions > gfx/pokemon/glaceon/bitmask.asm
tools/pokemon_animation -b gfx/pokemon/gliscor/front.animated.tilemap gfx/pokemon/gliscor/front.dimensions > gfx/pokemon/gliscor/bitmask.asm
tools/pokemon_animation -b gfx/pokemon/mamoswine/front.animated.tilemap gfx/pokemon/mamoswine/front.dimensions > gfx/pokemon/mamoswine/bitmask.asm
tools/pokemon_animation -b gfx/pokemon/porygon_z/front.animated.tilemap gfx/pokemon/porygon_z/front.dimensions > gfx/pokemon/porygon_z/bitmask.asm
tools/pokemon_animation -b gfx/pokemon/sylveon/front.animated.tilemap gfx/pokemon/sylveon/front.dimensions > gfx/pokemon/sylveon/bitmask.asm
tools/pokemon_animation -b gfx/pokemon/perrserker/front.animated.tilemap gfx/pokemon/perrserker/front.dimensions > gfx/pokemon/perrserker/bitmask.asm
tools/pokemon_animation -b gfx/pokemon/cursola/front.animated.tilemap gfx/pokemon/cursola/front.dimensions > gfx/pokemon/cursola/bitmask.asm
tools/pokemon_animation -b gfx/pokemon/sirfetch_d/front.animated.tilemap gfx/pokemon/sirfetch_d/front.dimensions > gfx/pokemon/sirfetch_d/bitmask.asm
tools/pokemon_animation -b gfx/pokemon/mr__rime/front.animated.tilemap gfx/pokemon/mr__rime/front.dimensions > gfx/pokemon/mr__rime/bitmask.asm
tools/pokemon_animation -b gfx/pokemon/wyrdeer/front.animated.tilemap gfx/pokemon/wyrdeer/front.dimensions > gfx/pokemon/wyrdeer/bitmask.asm
tools/pokemon_animation -b gfx/pokemon/kleavor/front.animated.tilemap gfx/pokemon/kleavor/front.dimensions > gfx/pokemon/kleavor/bitmask.asm
tools/pokemon_animation -b gfx/pokemon/sneasler/front.animated.tilemap gfx/pokemon/sneasler/front.dimensions > gfx/pokemon/sneasler/bitmask.asm
tools/pokemon_animation -b gfx/pokemon/overqwil/front.animated.tilemap gfx/pokemon/overqwil/front.dimensions > gfx/pokemon/overqwil/bitmask.asm
tools/pokemon_animation -b gfx/pokemon/farigiraf/front.animated.tilemap gfx/pokemon/farigiraf/front.dimensions > gfx/pokemon/farigiraf/bitmask.asm
tools/pokemon_animation -b gfx/pokemon/clodsire/front.animated.tilemap gfx/pokemon/clodsire/front.dimensions > gfx/pokemon/clodsire/bitmask.asm
tools/pokemon_animation -b gfx/pokemon/annihilape/front.animated.tilemap gfx/pokemon/annihilape/front.dimensions > gfx/pokemon/annihilape/bitmask.asm
tools/pokemon_animation -b gfx/pokemon/egg/front.animated.tilemap gfx/pokemon/egg/front.dimensions > gfx/pokemon/egg/bitmask.asm
tools/pokemon_animation -b gfx/pokemon/unown_a/front.animated.tilemap gfx/pokemon/unown_a/front.dimensions > gfx/pokemon/unown_a/bitmask.asm
tools/pokemon_animation -b gfx/pokemon/unown_b/front.animated.tilemap gfx/pokemon/unown_b/front.dimensions > gfx/pokemon/unown_b/bitmask.asm
tools/pokemon_animation -b gfx/pokemon/unown_c/front.animated.tilemap gfx/pokemon/unown_c/front.dimensions > gfx/pokemon/unown_c/bitmask.asm
tools/pokemon_animation -b gfx/pokemon/unown_d/front.animated.tilemap gfx/pokemon/unown_d/front.dimensions > gfx/pokemon/unown_d/bitmask.asm
tools/pokemon_animation -b gfx/pokemon/unown_e/front.animated.tilemap gfx/pokemon/unown_e/front.dimensions > gfx/pokemon/unown_e/bitmask.asm
tools/pokemon_animation -b gfx/pokemon/unown_f/front.animated.tilemap gfx/pokemon/unown_f/front.dimensions > gfx/pokemon/unown_f/bitmask.asm
tools/pokemon_animation -b gfx/pokemon/unown_g/front.animated.tilemap gfx/pokemon/unown_g/front.dimensions > gfx/pokemon/unown_g/bitmask.asm
tools/pokemon_animation -b gfx/pokemon/unown_h/front.animated.tilemap gfx/pokemon/unown_h/front.dimensions > gfx/pokemon/unown_h/bitmask.asm
tools/pokemon_animation -b gfx/pokemon/unown_i/front.animated.tilemap gfx/pokemon/unown_i/front.dimensions > gfx/pokemon/unown_i/bitmask.asm
tools/pokemon_animation -b gfx/pokemon/unown_j/front.animated.tilemap gfx/pokemon/unown_j/front.dimensions > gfx/pokemon/unown_j/bitmask.asm
tools/pokemon_animation -b gfx/pokemon/unown_k/front.animated.tilemap gfx/pokemon/unown_k/front.dimensions > gfx/pokemon/unown_k/bitmask.asm
tools/pokemon_animation -b gfx/pokemon/unown_l/front.animated.tilemap gfx/pokemon/unown_l/front.dimensions > gfx/pokemon/unown_l/bitmask.asm
tools/pokemon_animation -b gfx/pokemon/unown_m/front.animated.tilemap gfx/pokemon/unown_m/front.dimensions > gfx/pokemon/unown_m/bitmask.asm
tools/pokemon_animation -b gfx/pokemon/unown_n/front.animated.tilemap gfx/pokemon/unown_n/front.dimensions > gfx/pokemon/unown_n/bitmask.asm
tools/pokemon_animation -b gfx/pokemon/unown_o/front.animated.tilemap gfx/pokemon/unown_o/front.dimensions > gfx/pokemon/unown_o/bitmask.asm
tools/pokemon_animation -b gfx/pokemon/unown_p/front.animated.tilemap gfx/pokemon/unown_p/front.dimensions > gfx/pokemon/unown_p/bitmask.asm
tools/pokemon_animation -b gfx/pokemon/unown_q/front.animated.tilemap gfx/pokemon/unown_q/front.dimensions > gfx/pokemon/unown_q/bitmask.asm
tools/pokemon_animation -b gfx/pokemon/unown_r/front.animated.tilemap gfx/pokemon/unown_r/front.dimensions > gfx/pokemon/unown_r/bitmask.asm
tools/pokemon_animation -b gfx/pokemon/unown_s/front.animated.tilemap gfx/pokemon/unown_s/front.dimensions > gfx/pokemon/unown_s/bitmask.asm
tools/pokemon_animation -b gfx/pokemon/unown_t/front.animated.tilemap gfx/pokemon/unown_t/front.dimensions > gfx/pokemon/unown_t/bitmask.asm
tools/pokemon_animation -b gfx/pokemon/unown_u/front.animated.tilemap gfx/pokemon/unown_u/front.dimensions > gfx/pokemon/unown_u/bitmask.asm
tools/pokemon_animation -b gfx/pokemon/unown_v/front.animated.tilemap gfx/pokemon/unown_v/front.dimensions > gfx/pokemon/unown_v/bitmask.asm
tools/pokemon_animation -b gfx/pokemon/unown_w/front.animated.tilemap gfx/pokemon/unown_w/front.dimensions > gfx/pokemon/unown_w/bitmask.asm
tools/pokemon_animation -b gfx/pokemon/unown_x/front.animated.tilemap gfx/pokemon/unown_x/front.dimensions > gfx/pokemon/unown_x/bitmask.asm
tools/pokemon_animation -b gfx/pokemon/unown_y/front.animated.tilemap gfx/pokemon/unown_y/front.dimensions > gfx/pokemon/unown_y/bitmask.asm
tools/pokemon_animation -b gfx/pokemon/unown_z/front.animated.tilemap gfx/pokemon/unown_z/front.dimensions > gfx/pokemon/unown_z/bitmask.asm
tools/pokemon_animation -b gfx/pokemon/unown_exclamation/front.animated.tilemap gfx/pokemon/unown_exclamation/front.dimensions > gfx/pokemon/unown_exclamation/bitmask.asm
tools/pokemon_animation -b gfx/pokemon/unown_question/front.animated.tilemap gfx/pokemon/unown_question/front.dimensions > gfx/pokemon/unown_question/bitmask.asm
tools/pokemon_animation -b gfx/pokemon/pichu_plain/front.animated.tilemap gfx/pokemon/pichu_plain/front.dimensions > gfx/pokemon/pichu_plain/bitmask.asm
tools/pokemon_animation -b gfx/pokemon/pichu_spiky/front.animated.tilemap gfx/pokemon/pichu_spiky/front.dimensions > gfx/pokemon/pichu_spiky/bitmask.asm
tools/pokemon_animation -b gfx/pokemon/pikachu_plain/front.animated.tilemap gfx/pokemon/pikachu_plain/front.dimensions > gfx/pokemon/pikachu_plain/bitmask.asm
tools/pokemon_animation -b gfx/pokemon/pikachu_fly/front.animated.tilemap gfx/pokemon/pikachu_fly/front.dimensions > gfx/pokemon/pikachu_fly/bitmask.asm
tools/pokemon_animation -b gfx/pokemon/pikachu_surf/front.animated.tilemap gfx/pokemon/pikachu_surf/front.dimensions > gfx/pokemon/pikachu_surf/bitmask.asm
tools/pokemon_animation -b gfx/pokemon/pikachu_pika/front.animated.tilemap gfx/pokemon/pikachu_pika/front.dimensions > gfx/pokemon/pikachu_pika/bitmask.asm
tools/pokemon_animation -b gfx/pokemon/pikachu_chuchu/front.animated.tilemap gfx/pokemon/pikachu_chuchu/front.dimensions > gfx/pokemon/pikachu_chuchu/bitmask.asm
tools/pokemon_animation -b gfx/pokemon/pikachu_spark/front.animated.tilemap gfx/pokemon/pikachu_spark/front.dimensions > gfx/pokemon/pikachu_spark/bitmask.asm
tools/pokemon_animation -b gfx/pokemon/arbok_johto/front.animated.tilemap gfx/pokemon/arbok_johto/front.dimensions > gfx/pokemon/arbok_johto/bitmask.asm
tools/pokemon_animation -b gfx/pokemon/arbok_kanto/front.animated.tilemap gfx/pokemon/arbok_kanto/front.dimensions > gfx/pokemon/arbok_kanto/bitmask.asm
tools/pokemon_animation -b gfx/pokemon/arbok_orange/front.animated.tilemap gfx/pokemon/arbok_orange/front.dimensions > gfx/pokemon/arbok_orange/bitmask.asm
tools/pokemon_animation -b gfx/pokemon/arbok_koga/front.animated.tilemap gfx/pokemon/arbok_koga/front.dimensions > gfx/pokemon/arbok_koga/bitmask.asm
tools/pokemon_animation -b gfx/pokemon/arbok_agatha/front.animated.tilemap gfx/pokemon/arbok_agatha/front.dimensions > gfx/pokemon/arbok_agatha/bitmask.asm
tools/pokemon_animation -b gfx/pokemon/arbok_ariana/front.animated.tilemap gfx/pokemon/arbok_ariana/front.dimensions > gfx/pokemon/arbok_ariana/bitmask.asm
tools/pokemon_animation -b gfx/pokemon/magikarp_plain/front.animated.tilemap gfx/pokemon/magikarp_plain/front.dimensions > gfx/pokemon/magikarp_plain/bitmask.asm
tools/pokemon_animation -b gfx/pokemon/magikarp_skelly/front.animated.tilemap gfx/pokemon/magikarp_skelly/front.dimensions > gfx/pokemon/magikarp_skelly/bitmask.asm
tools/pokemon_animation -b gfx/pokemon/magikarp_calico1/front.animated.tilemap gfx/pokemon/magikarp_calico1/front.dimensions > gfx/pokemon/magikarp_calico1/bitmask.asm
tools/pokemon_animation -b gfx/pokemon/magikarp_calico2/front.animated.tilemap gfx/pokemon/magikarp_calico2/front.dimensions > gfx/pokemon/magikarp_calico2/bitmask.asm
tools/pokemon_animation -b gfx/pokemon/magikarp_calico3/front.animated.tilemap gfx/pokemon/magikarp_calico3/front.dimensions > gfx/pokemon/magikarp_calico3/bitmask.asm
tools/pokemon_animation -b gfx/pokemon/magikarp_twotone/front.animated.tilemap gfx/pokemon/magikarp_twotone/front.dimensions > gfx/pokemon/magikarp_twotone/bitmask.asm
tools/pokemon_animation -b gfx/pokemon/magikarp_orca/front.animated.tilemap gfx/pokemon/magikarp_orca/front.dimensions > gfx/pokemon/magikarp_orca/bitmask.asm
tools/pokemon_animation -b gfx/pokemon/magikarp_dapples/front.animated.tilemap gfx/pokemon/magikarp_dapples/front.dimensions > gfx/pokemon/magikarp_dapples/bitmask.asm
tools/pokemon_animation -b gfx/pokemon/magikarp_tiger/front.animated.tilemap gfx/pokemon/magikarp_tiger/front.dimensions > gfx/pokemon/magikarp_tiger/bitmask.asm
tools/pokemon_animation -b gfx/pokemon/magikarp_zebra/front.animated.tilemap gfx/pokemon/magikarp_zebra/front.dimensions > gfx/pokemon/magikarp_zebra/bitmask.asm
tools/pokemon_animation -b gfx/pokemon/magikarp_stripe/front.animated.tilemap gfx/pokemon/magikarp_stripe/front.dimensions > gfx/pokemon/magikarp_stripe/bitmask.asm
tools/pokemon_animation -b gfx/pokemon/magikarp_bubbles/front.animated.tilemap gfx/pokemon/magikarp_bubbles/front.dimensions > gfx/pokemon/magikarp_bubbles/bitmask.asm
tools/pokemon_animation -b gfx/pokemon/magikarp_diamonds/front.animated.tilemap gfx/pokemon/magikarp_diamonds/front.dimensions > gfx/pokemon/magikarp_diamonds/bitmask.asm
tools/pokemon_animation -b gfx/pokemon/magikarp_patches/front.animated.tilemap gfx/pokemon/magikarp_patches/front.dimensions > gfx/pokemon/magikarp_patches/bitmask.asm
tools/pokemon_animation -b gfx/pokemon/magikarp_forehead1/front.animated.tilemap gfx/pokemon/magikarp_forehead1/front.dimensions > gfx/pokemon/magikarp_forehead1/bitmask.asm
tools/pokemon_animation -b gfx/pokemon/magikarp_mask1/front.animated.tilemap gfx/pokemon/magikarp_mask1/front.dimensions > gfx/pokemon/magikarp_mask1/bitmask.asm
tools/pokemon_animation -b gfx/pokemon/magikarp_forehead2/front.animated.tilemap gfx/pokemon/magikarp_forehead2/front.dimensions > gfx/pokemon/magikarp_forehead2/bitmask.asm
tools/pokemon_animation -b gfx/pokemon/magikarp_mask2/front.animated.tilemap gfx/pokemon/magikarp_mask2/front.dimensions > gfx/pokemon/magikarp_mask2/bitmask.asm
tools/pokemon_animation -b gfx/pokemon/magikarp_saucy/front.animated.tilemap gfx/pokemon/magikarp_saucy/front.dimensions > gfx/pokemon/magikarp_saucy/bitmask.asm
tools/pokemon_animation -b gfx/pokemon/magikarp_raindrop/front.animated.tilemap gfx/pokemon/magikarp_raindrop/front.dimensions > gfx/pokemon/magikarp_raindrop/bitmask.asm
tools/pokemon_animation -b gfx/pokemon/dudunsparce_two_segment/front.animated.tilemap gfx/pokemon/dudunsparce_two_segment/front.dimensions > gfx/pokemon/dudunsparce_two_segment/bitmask.asm
tools/pokemon_animation -b gfx/pokemon/dudunsparce_three_segment/front.animated.tilemap gfx/pokemon/dudunsparce_three_segment/front.dimensions > gfx/pokemon/dudunsparce_three_segment/bitmask.asm
tools/pokemon_animation -b gfx/pokemon/gyarados_plain/front.animated.tilemap gfx/pokemon/gyarados_plain/front.dimensions > gfx/pokemon/gyarados_plain/bitmask.asm
tools/pokemon_animation -b gfx/pokemon/gyarados_red/front.animated.tilemap gfx/pokemon/gyarados_red/front.dimensions > gfx/pokemon/gyarados_red/bitmask.asm
tools/pokemon_animation -b gfx/pokemon/mewtwo_plain/front.animated.tilemap gfx/pokemon/mewtwo_plain/front.dimensions > gfx/pokemon/mewtwo_plain/bitmask.asm
tools/pokemon_animation -b gfx/pokemon/mewtwo_armored/front.animated.tilemap gfx/pokemon/mewtwo_armored/front.dimensions > gfx/pokemon/mewtwo_armored/bitmask.asm
tools/pokemon_animation -b gfx/pokemon/rattata_plain/front.animated.tilemap gfx/pokemon/rattata_plain/front.dimensions > gfx/pokemon/rattata_plain/bitmask.asm
tools/pokemon_animation -b gfx/pokemon/rattata_alolan/front.animated.tilemap gfx/pokemon/rattata_alolan/front.dimensions > gfx/pokemon/rattata_alolan/bitmask.asm
tools/pokemon_animation -b gfx/pokemon/raticate_plain/front.animated.tilemap gfx/pokemon/raticate_plain/front.dimensions > gfx/pokemon/raticate_plain/bitmask.asm
tools/pokemon_animation -b gfx/pokemon/raticate_alolan/front.animated.tilemap gfx/pokemon/raticate_alolan/front.dimensions > gfx/pokemon/raticate_alolan/bitmask.asm
tools/pokemon_animation -b gfx/pokemon/raichu_plain/front.animated.tilemap gfx/pokemon/raichu_plain/front.dimensions > gfx/pokemon/raichu_plain/bitmask.asm
tools/pokemon_animation -b gfx/pokemon/raichu_alolan/front.animated.tilemap gfx/pokemon/raichu_alolan/front.dimensions > gfx/pokemon/raichu_alolan/bitmask.asm
tools/pokemon_animation -b gfx/pokemon/sandshrew_plain/front.animated.tilemap gfx/pokemon/sandshrew_plain/front.dimensions > gfx/pokemon/sandshrew_plain/bitmask.asm
tools/pokemon_animation -b gfx/pokemon/sandshrew_alolan/front.animated.tilemap gfx/pokemon/sandshrew_alolan/front.dimensions > gfx/pokemon/sandshrew_alolan/bitmask.asm
tools/pokemon_animation -b gfx/pokemon/sandslash_plain/front.animated.tilemap gfx/pokemon/sandslash_plain/front.dimensions > gfx/pokemon/sandslash_plain/bitmask.asm
tools/pokemon_animation -b gfx/pokemon/sandslash_alolan/front.animated.tilemap gfx/pokemon/sandslash_alolan/front.dimensions > gfx/pokemon/sandslash_alolan/bitmask.asm
tools/pokemon_animation -b gfx/pokemon/vulpix_plain/front.animated.tilemap gfx/pokemon/vulpix_plain/front.dimensions > gfx/pokemon/vulpix_plain/bitmask.asm
tools/pokemon_animation -b gfx/pokemon/vulpix_alolan/front.animated.tilemap gfx/pokemon/vulpix_alolan/front.dimensions > gfx/pokemon/vulpix_alolan/bitmask.asm
tools/pokemon_animation -b gfx/pokemon/ninetales_plain/front.animated.tilemap gfx/pokemon/ninetales_plain/front.dimensions > gfx/pokemon/ninetales_plain/bitmask.asm
tools/pokemon_animation -b gfx/pokemon/ninetales_alolan/front.animated.tilemap gfx/pokemon/ninetales_alolan/front.dimensions > gfx/pokemon/ninetales_alolan/bitmask.asm
tools/pokemon_animation -b gfx/pokemon/diglett_plain/front.animated.tilemap gfx/pokemon/diglett_plain/front.dimensions > gfx/pokemon/diglett_plain/bitmask.asm
tools/pokemon_animation -b gfx/pokemon/diglett_alolan/front.animated.tilemap gfx/pokemon/diglett_alolan/front.dimensions > gfx/pokemon/diglett_alolan/bitmask.asm
tools/pokemon_animation -b gfx/pokemon/dugtrio_plain/front.animated.tilemap gfx/pokemon/dugtrio_plain/front.dimensions > gfx/pokemon/dugtrio_plain/bitmask.asm
tools/pokemon_animation -b gfx/pokemon/dugtrio_alolan/front.animated.tilemap gfx/pokemon/dugtrio_alolan/front.dimensions > gfx/pokemon/dugtrio_alolan/bitmask.asm
tools/pokemon_animation -b gfx/pokemon/meowth_plain/front.animated.tilemap gfx/pokemon/meowth_plain/front.dimensions > gfx/pokemon/meowth_plain/bitmask.asm
tools/pokemon_animation -b gfx/pokemon/meowth_alolan/front.animated.tilemap gfx/pokemon/meowth_alolan/front.dimensions > gfx/pokemon/meowth_alolan/bitmask.asm
tools/pokemon_animation -b gfx/pokemon/meowth_galarian/front.animated.tilemap gfx/pokemon/meowth_galarian/front.dimensions > gfx/pokemon/meowth_galarian/bitmask.asm
tools/pokemon_animation -b gfx/pokemon/persian_plain/front.animated.tilemap gfx/pokemon/persian_plain/front.dimensions > gfx/pokemon/persian_plain/bitmask.asm
tools/pokemon_animation -b gfx/pokemon/persian_alolan/front.animated.tilemap gfx/pokemon/persian_alolan/front.dimensions > gfx/pokemon/persian_alolan/bitmask.asm
tools/pokemon_animation -b gfx/pokemon/geodude_plain/front.animated.tilemap gfx/pokemon/geodude_plain/front.dimensions > gfx/pokemon/geodude_plain/bitmask.asm
tools/pokemon_animation -b gfx/pokemon/geodude_alolan/front.animated.tilemap gfx/pokemon/geodude_alolan/front.dimensions > gfx/pokemon/geodude_alolan/bitmask.asm
tools/pokemon_animation -b gfx/pokemon/graveler_plain/front.animated.tilemap gfx/pokemon/graveler_plain/front.dimensions > gfx/pokemon/graveler_plain/bitmask.asm
tools/pokemon_animation -b gfx/pokemon/graveler_alolan/front.animated.tilemap gfx/pokemon/graveler_alolan/front.dimensions > gfx/pokemon/graveler_alolan/bitmask.asm
tools/pokemon_animation -b gfx/pokemon/golem_plain/front.animated.tilemap gfx/pokemon/golem_plain/front.dimensions > gfx/pokemon/golem_plain/bitmask.asm
tools/pokemon_animation -b gfx/pokemon/golem_alolan/front.animated.tilemap gfx/pokemon/golem_alolan/front.dimensions > gfx/pokemon/golem_alolan/bitmask.asm
tools/pokemon_animation -b gfx/pokemon/grimer_plain/front.animated.tilemap gfx/pokemon/grimer_plain/front.dimensions > gfx/pokemon/grimer_plain/bitmask.asm
tools/pokemon_animation -b gfx/pokemon/grimer_alolan/front.animated.tilemap gfx/pokemon/grimer_alolan/front.dimensions > gfx/pokemon/grimer_alolan/bitmask.asm
tools/pokemon_animation -b gfx/pokemon/muk_plain/front.animated.tilemap gfx/pokemon/muk_plain/front.dimensions > gfx/pokemon/muk_plain/bitmask.asm
tools/pokemon_animation -b gfx/pokemon/muk_alolan/front.animated.tilemap gfx/pokemon/muk_alolan/front.dimensions > gfx/pokemon/muk_alolan/bitmask.asm
tools/pokemon_animation -b gfx/pokemon/exeggutor_plain/front.animated.tilemap gfx/pokemon/exeggutor_plain/front.dimensions > gfx/pokemon/exeggutor_plain/bitmask.asm
tools/pokemon_animation -b gfx/pokemon/exeggutor_alolan/front.animated.tilemap gfx/pokemon/exeggutor_alolan/front.dimensions > gfx/pokemon/exeggutor_alolan/bitmask.asm
tools/pokemon_animation -b gfx/pokemon/marowak_plain/front.animated.tilemap gfx/pokemon/marowak_plain/front.dimensions > gfx/pokemon/marowak_plain/bitmask.asm
tools/pokemon_animation -b gfx/pokemon/marowak_alolan/front.animated.tilemap gfx/pokemon/marowak_alolan/front.dimensions > gfx/pokemon/marowak_alolan/bitmask.asm
tools/pokemon_animation -b gfx/pokemon/ponyta_plain/front.animated.tilemap gfx/pokemon/ponyta_plain/front.dimensions > gfx/pokemon/ponyta_plain/bitmask.asm
tools/pokemon_animation -b gfx/pokemon/ponyta_galarian/front.animated.tilemap gfx/pokemon/ponyta_galarian/front.dimensions > gfx/pokemon/ponyta_galarian/bitmask.asm
tools/pokemon_animation -b gfx/pokemon/rapidash_plain/front.animated.tilemap gfx/pokemon/rapidash_plain/front.dimensions > gfx/pokemon/rapidash_plain/bitmask.asm
tools/pokemon_animation -b gfx/pokemon/rapidash_galarian/front.animated.tilemap gfx/pokemon/rapidash_galarian/front.dimensions > gfx/pokemon/rapidash_galarian/bitmask.asm
tools/pokemon_animation -b gfx/pokemon/slowpoke_plain/front.animated.tilemap gfx/pokemon/slowpoke_plain/front.dimensions > gfx/pokemon/slowpoke_plain/bitmask.asm
tools/pokemon_animation -b gfx/pokemon/slowpoke_galarian/front.animated.tilemap gfx/pokemon/slowpoke_galarian/front.dimensions > gfx/pokemon/slowpoke_galarian/bitmask.asm
tools/pokemon_animation -b gfx/pokemon/slowbro_plain/front.animated.tilemap gfx/pokemon/slowbro_plain/front.dimensions > gfx/pokemon/slowbro_plain/bitmask.asm
tools/pokemon_animation -b gfx/pokemon/slowbro_galarian/front.animated.tilemap gfx/pokemon/slowbro_galarian/front.dimensions > gfx/pokemon/slowbro_galarian/bitmask.asm
tools/pokemon_animation -b gfx/pokemon/farfetch_d_plain/front.animated.tilemap gfx/pokemon/farfetch_d_plain/front.dimensions > gfx/pokemon/farfetch_d_plain/bitmask.asm
tools/pokemon_animation -b gfx/pokemon/farfetch_d_galarian/front.animated.tilemap gfx/pokemon/farfetch_d_galarian/front.dimensions > gfx/pokemon/farfetch_d_galarian/bitmask.asm
tools/pokemon_animation -b gfx/pokemon/weezing_plain/front.animated.tilemap gfx/pokemon/weezing_plain/front.dimensions > gfx/pokemon/weezing_plain/bitmask.asm
tools/pokemon_animation -b gfx/pokemon/weezing_galarian/front.animated.tilemap gfx/pokemon/weezing_galarian/front.dimensions > gfx/pokemon/weezing_galarian/bitmask.asm
tools/pokemon_animation -b gfx/pokemon/mr__mime_plain/front.animated.tilemap gfx/pokemon/mr__mime_plain/front.dimensions > gfx/pokemon/mr__mime_plain/bitmask.asm
tools/pokemon_animation -b gfx/pokemon/mr__mime_galarian/front.animated.tilemap gfx/pokemon/mr__mime_galarian/front.dimensions > gfx/pokemon/mr__mime_galarian/bitmask.asm
tools/pokemon_animation -b gfx/pokemon/articuno_plain/front.animated.tilemap gfx/pokemon/articuno_plain/front.dimensions > gfx/pokemon/articuno_plain/bitmask.asm
tools/pokemon_animation -b gfx/pokemon/articuno_galarian/front.animated.tilemap gfx/pokemon/articuno_galarian/front.dimensions > gfx/pokemon/articuno_galarian/bitmask.asm
tools/pokemon_animation -b gfx/pokemon/zapdos_plain/front.animated.tilemap gfx/pokemon/zapdos_plain/front.dimensions > gfx/pokemon/zapdos_plain/bitmask.asm
tools/pokemon_animation -b gfx/pokemon/zapdos_galarian/front.animated.tilemap gfx/pokemon/zapdos_galarian/front.dimensions > gfx/pokemon/zapdos_galarian/bitmask.asm
tools/pokemon_animation -b gfx/pokemon/moltres_plain/front.animated.tilemap gfx/pokemon/moltres_plain/front.dimensions > gfx/pokemon/moltres_plain/bitmask.asm
tools/pokemon_animation -b gfx/pokemon/moltres_galarian/front.animated.tilemap gfx/pokemon/moltres_galarian/front.dimensions > gfx/pokemon/moltres_galarian/bitmask.asm
tools/pokemon_animation -b gfx/pokemon/slowking_plain/front.animated.tilemap gfx/pokemon/slowking_plain/front.dimensions > gfx/pokemon/slowking_plain/bitmask.asm
tools/pokemon_animation -b gfx/pokemon/slowking_galarian/front.animated.tilemap gfx/pokemon/slowking_galarian/front.dimensions > gfx/pokemon/slowking_galarian/bitmask.asm
tools/pokemon_animation -b gfx/pokemon/corsola_plain/front.animated.tilemap gfx/pokemon/corsola_plain/front.dimensions > gfx/pokemon/corsola_plain/bitmask.asm
tools/pokemon_animation -b gfx/pokemon/corsola_galarian/front.animated.tilemap gfx/pokemon/corsola_galarian/front.dimensions > gfx/pokemon/corsola_galarian/bitmask.asm
tools/pokemon_animation -b gfx/pokemon/growlithe_plain/front.animated.tilemap gfx/pokemon/growlithe_plain/front.dimensions > gfx/pokemon/growlithe_plain/bitmask.asm
tools/pokemon_animation -b gfx/pokemon/growlithe_hisuian/front.animated.tilemap gfx/pokemon/growlithe_hisuian/front.dimensions > gfx/pokemon/growlithe_hisuian/bitmask.asm
tools/pokemon_animation -b gfx/pokemon/arcanine_plain/front.animated.tilemap gfx/pokemon/arcanine_plain/front.dimensions > gfx/pokemon/arcanine_plain/bitmask.asm
tools/pokemon_animation -b gfx/pokemon/arcanine_hisuian/front.animated.tilemap gfx/pokemon/arcanine_hisuian/front.dimensions > gfx/pokemon/arcanine_hisuian/bitmask.asm
tools/pokemon_animation -b gfx/pokemon/voltorb_plain/front.animated.tilemap gfx/pokemon/voltorb_plain/front.dimensions > gfx/pokemon/voltorb_plain/bitmask.asm
tools/pokemon_animation -b gfx/pokemon/voltorb_hisuian/front.animated.tilemap gfx/pokemon/voltorb_hisuian/front.dimensions > gfx/pokemon/voltorb_hisuian/bitmask.asm
tools/pokemon_animation -b gfx/pokemon/electrode_plain/front.animated.tilemap gfx/pokemon/electrode_plain/front.dimensions > gfx/pokemon/electrode_plain/bitmask.asm
tools/pokemon_animation -b gfx/pokemon/electrode_hisuian/front.animated.tilemap gfx/pokemon/electrode_hisuian/front.dimensions > gfx/pokemon/electrode_hisuian/bitmask.asm
tools/pokemon_animation -b gfx/pokemon/typhlosion_plain/front.animated.tilemap gfx/pokemon/typhlosion_plain/front.dimensions > gfx/pokemon/typhlosion_plain/bitmask.asm
tools/pokemon_animation -b gfx/pokemon/typhlosion_hisuian/front.animated.tilemap gfx/pokemon/typhlosion_hisuian/front.dimensions > gfx/pokemon/typhlosion_hisuian/bitmask.asm
tools/pokemon_animation -b gfx/pokemon/qwilfish_plain/front.animated.tilemap gfx/pokemon/qwilfish_plain/front.dimensions > gfx/pokemon/qwilfish_plain/bitmask.asm
tools/pokemon_animation -b gfx/pokemon/qwilfish_hisuian/front.animated.tilemap gfx/pokemon/qwilfish_hisuian/front.dimensions > gfx/pokemon/qwilfish_hisuian/bitmask.asm
tools/pokemon_animation -b gfx/pokemon/sneasel_plain/front.animated.tilemap gfx/pokemon/sneasel_plain/front.dimensions > gfx/pokemon/sneasel_plain/bitmask.asm
tools/pokemon_animation -b gfx/pokemon/sneasel_hisuian/front.animated.tilemap gfx/pokemon/sneasel_hisuian/front.dimensions > gfx/pokemon/sneasel_hisuian/bitmask.asm
tools/pokemon_animation -b gfx/pokemon/wooper_plain/front.animated.tilemap gfx/pokemon/wooper_plain/front.dimensions > gfx/pokemon/wooper_plain/bitmask.asm
tools/pokemon_animation -b gfx/pokemon/wooper_paldean/front.animated.tilemap gfx/pokemon/wooper_paldean/front.dimensions > gfx/pokemon/wooper_paldean/bitmask.asm
tools/pokemon_animation -b gfx/pokemon/tauros_plain/front.animated.tilemap gfx/pokemon/tauros_plain/front.dimensions > gfx/pokemon/tauros_plain/bitmask.asm
tools/pokemon_animation -b gfx/pokemon/tauros_paldean/front.animated.tilemap gfx/pokemon/tauros_paldean/front.dimensions > gfx/pokemon/tauros_paldean/bitmask.asm
tools/pokemon_animation -b gfx/pokemon/tauros_paldean_fire/front.animated.tilemap gfx/pokemon/tauros_paldean_fire/front.dimensions > gfx/pokemon/tauros_paldean_fire/bitmask.asm
tools/pokemon_animation -b gfx/pokemon/tauros_paldean_water/front.animated.tilemap gfx/pokemon/tauros_paldean_water/front.dimensions > gfx/pokemon/tauros_paldean_water/bitmask.asm
tools/pokemon_animation -b gfx/pokemon/ursaluna_plain/front.animated.tilemap gfx/pokemon/ursaluna_plain/front.dimensions > gfx/pokemon/ursaluna_plain/bitmask.asm
tools/pokemon_animation -b gfx/pokemon/ursaluna_bloodmoon/front.animated.tilemap gfx/pokemon/ursaluna_bloodmoon/front.dimensions > gfx/pokemon/ursaluna_bloodmoon/bitmask.asm
tools/lzpcompress -- gfx/title/suicune_unowns.2bpp.vram0p gfx/title/suicune_unowns.2bpp.vram0p.lzp
tools/lzpcompress -- gfx/title/suicune_unowns.2bpp.vram1p gfx/title/suicune_unowns.2bpp.vram1p.lzp
cat gfx/type_chart/bg.2bpp.vram1p gfx/type_chart/bg.2bpp.vram0p > gfx/type_chart/bg0.2bpp
tools/lzpcompress -- gfx/type_chart/bg.2bpp.vram2p gfx/type_chart/bg.2bpp.vram2p.lzp
tools/lzpcompress -- gfx/music_player/music_player.2bpp gfx/music_player/music_player.2bpp.lzp
tools/lzpcompress -- gfx/tilesets/johto_traditional.johto_common.2bpp.vram0 gfx/tilesets/johto_traditional.johto_common.2bpp.vram0.lzp
tools/lzpcompress -- gfx/tilesets/johto_traditional.johto_common.2bpp.vram1 gfx/tilesets/johto_traditional.johto_common.2bpp.vram1.lzp
tools/lzpcompress -- gfx/tilesets/johto_modern.johto_common.2bpp.vram0 gfx/tilesets/johto_modern.johto_common.2bpp.vram0.lzp
tools/lzpcompress -- gfx/tilesets/johto_modern.johto_common.2bpp.vram1 gfx/tilesets/johto_modern.johto_common.2bpp.vram1.lzp
tools/lzpcompress -- gfx/tilesets/johto_outlands.johto_common.2bpp.vram0 gfx/tilesets/johto_outlands.johto_common.2bpp.vram0.lzp
tools/lzpcompress -- gfx/tilesets/johto_outlands.johto_common.2bpp.vram1 gfx/tilesets/johto_outlands.johto_common.2bpp.vram1.lzp
tools/lzpcompress -- gfx/tilesets/johto_ancient.johto_common.2bpp.vram0 gfx/tilesets/johto_ancient.johto_common.2bpp.vram0.lzp
tools/lzpcompress -- gfx/tilesets/shamouti_island.2bpp.vram0 gfx/tilesets/shamouti_island.2bpp.vram0.lzp
tools/lzpcompress -- gfx/tilesets/shamouti_island.2bpp.vram1 gfx/tilesets/shamouti_island.2bpp.vram1.lzp
tools/lzpcompress -- gfx/tilesets/valencia_island.2bpp.vram0 gfx/tilesets/valencia_island.2bpp.vram0.lzp
tools/lzpcompress -- gfx/tilesets/valencia_island.2bpp.vram1 gfx/tilesets/valencia_island.2bpp.vram1.lzp
tools/lzpcompress -- gfx/tilesets/faraway_island.2bpp.vram0 gfx/tilesets/faraway_island.2bpp.vram0.lzp
tools/lzpcompress -- gfx/tilesets/faraway_island.2bpp.vram1 gfx/tilesets/faraway_island.2bpp.vram1.lzp
tools/lzpcompress -- gfx/tilesets/johto_house.2bpp.vram0 gfx/tilesets/johto_house.2bpp.vram0.lzp
tools/lzpcompress -- gfx/tilesets/johto_house.2bpp.vram1 gfx/tilesets/johto_house.2bpp.vram1.lzp
tools/lzpcompress -- gfx/tilesets/kanto_house.2bpp.vram0 gfx/tilesets/kanto_house.2bpp.vram0.lzp
tools/lzpcompress -- gfx/tilesets/kanto_house.2bpp.vram1 gfx/tilesets/kanto_house.2bpp.vram1.lzp
tools/lzpcompress -- gfx/tilesets/traditional_house.2bpp.vram0 gfx/tilesets/traditional_house.2bpp.vram0.lzp
tools/lzpcompress -- gfx/tilesets/traditional_house.2bpp.vram1 gfx/tilesets/traditional_house.2bpp.vram1.lzp
tools/lzpcompress -- gfx/tilesets/pokecenter.2bpp.vram0 gfx/tilesets/pokecenter.2bpp.vram0.lzp
tools/lzpcompress -- gfx/tilesets/pokecenter.2bpp.vram1 gfx/tilesets/pokecenter.2bpp.vram1.lzp
tools/lzpcompress -- gfx/tilesets/pokecom_center.2bpp.vram0 gfx/tilesets/pokecom_center.2bpp.vram0.lzp
tools/lzpcompress -- gfx/tilesets/pokecom_center.2bpp.vram1 gfx/tilesets/pokecom_center.2bpp.vram1.lzp
tools/lzpcompress -- gfx/tilesets/mart.2bpp.vram0 gfx/tilesets/mart.2bpp.vram0.lzp
tools/lzpcompress -- gfx/tilesets/mart.2bpp.vram1 gfx/tilesets/mart.2bpp.vram1.lzp
tools/lzpcompress -- gfx/tilesets/gate.2bpp.vram0 gfx/tilesets/gate.2bpp.vram0.lzp
tools/lzpcompress -- gfx/tilesets/gate.2bpp.vram1 gfx/tilesets/gate.2bpp.vram1.lzp
tools/lzpcompress -- gfx/tilesets/gym.2bpp.vram0 gfx/tilesets/gym.2bpp.vram0.lzp
tools/lzpcompress -- gfx/tilesets/gym.2bpp.vram1 gfx/tilesets/gym.2bpp.vram1.lzp
tools/lzpcompress -- gfx/tilesets/gym.2bpp.vram2 gfx/tilesets/gym.2bpp.vram2.lzp
tools/lzpcompress -- gfx/tilesets/magnet_train.2bpp.vram0 gfx/tilesets/magnet_train.2bpp.vram0.lzp
tools/lzpcompress -- gfx/tilesets/magnet_train.2bpp.vram1 gfx/tilesets/magnet_train.2bpp.vram1.lzp
tools/lzpcompress -- gfx/tilesets/champions_room.2bpp.vram0 gfx/tilesets/champions_room.2bpp.vram0.lzp
tools/lzpcompress -- gfx/tilesets/champions_room.2bpp.vram1 gfx/tilesets/champions_room.2bpp.vram1.lzp
tools/lzpcompress -- gfx/tilesets/port.2bpp.vram0 gfx/tilesets/port.2bpp.vram0.lzp
tools/lzpcompress -- gfx/tilesets/port.2bpp.vram1 gfx/tilesets/port.2bpp.vram1.lzp
tools/lzpcompress -- gfx/tilesets/lab.2bpp.vram0 gfx/tilesets/lab.2bpp.vram0.lzp
tools/lzpcompress -- gfx/tilesets/lab.2bpp.vram1 gfx/tilesets/lab.2bpp.vram1.lzp
tools/lzpcompress -- gfx/tilesets/facility.2bpp.vram0 gfx/tilesets/facility.2bpp.vram0.lzp
tools/lzpcompress -- gfx/tilesets/facility.2bpp.vram1 gfx/tilesets/facility.2bpp.vram1.lzp
tools/lzpcompress -- gfx/tilesets/celadon_mansion.2bpp.vram0 gfx/tilesets/celadon_mansion.2bpp.vram0.lzp
tools/lzpcompress -- gfx/tilesets/celadon_mansion.2bpp.vram1 gfx/tilesets/celadon_mansion.2bpp.vram1.lzp
tools/lzpcompress -- gfx/tilesets/game_corner.2bpp.vram0 gfx/tilesets/game_corner.2bpp.vram0.lzp
tools/lzpcompress -- gfx/tilesets/game_corner.2bpp.vram1 gfx/tilesets/game_corner.2bpp.vram1.lzp
tools/lzpcompress -- gfx/tilesets/home_decor_store.2bpp.vram0 gfx/tilesets/home_decor_store.2bpp.vram0.lzp
tools/lzpcompress -- gfx/tilesets/home_decor_store.2bpp.vram1 gfx/tilesets/home_decor_store.2bpp.vram1.lzp
tools/lzpcompress -- gfx/tilesets/museum.2bpp.vram0 gfx/tilesets/museum.2bpp.vram0.lzp
tools/lzpcompress -- gfx/tilesets/museum.2bpp.vram1 gfx/tilesets/museum.2bpp.vram1.lzp
tools/lzpcompress -- gfx/tilesets/museum.2bpp.vram2 gfx/tilesets/museum.2bpp.vram2.lzp
tools/lzpcompress -- gfx/tilesets/hotel.2bpp.vram0 gfx/tilesets/hotel.2bpp.vram0.lzp
tools/lzpcompress -- gfx/tilesets/hotel.2bpp.vram1 gfx/tilesets/hotel.2bpp.vram1.lzp
tools/lzpcompress -- gfx/tilesets/sprout_tower.2bpp.vram0 gfx/tilesets/sprout_tower.2bpp.vram0.lzp
tools/lzpcompress -- gfx/tilesets/sprout_tower.2bpp.vram1 gfx/tilesets/sprout_tower.2bpp.vram1.lzp
tools/lzpcompress -- gfx/tilesets/battle_tower_inside.2bpp.vram0 gfx/tilesets/battle_tower_inside.2bpp.vram0.lzp
tools/lzpcompress -- gfx/tilesets/battle_tower_inside.2bpp.vram1 gfx/tilesets/battle_tower_inside.2bpp.vram1.lzp
tools/lzpcompress -- gfx/tilesets/radio_tower.2bpp.vram0 gfx/tilesets/radio_tower.2bpp.vram0.lzp
tools/lzpcompress -- gfx/tilesets/radio_tower.2bpp.vram1 gfx/tilesets/radio_tower.2bpp.vram1.lzp
tools/lzpcompress -- gfx/tilesets/lighthouse.2bpp.vram0 gfx/tilesets/lighthouse.2bpp.vram0.lzp
tools/lzpcompress -- gfx/tilesets/lighthouse.2bpp.vram1 gfx/tilesets/lighthouse.2bpp.vram1.lzp
tools/lzpcompress -- gfx/tilesets/underground.2bpp.vram0 gfx/tilesets/underground.2bpp.vram0.lzp
tools/lzpcompress -- gfx/tilesets/underground.2bpp.vram1 gfx/tilesets/underground.2bpp.vram1.lzp
tools/lzpcompress -- gfx/tilesets/cave.2bpp.vram0 gfx/tilesets/cave.2bpp.vram0.lzp
tools/lzpcompress -- gfx/tilesets/cave.2bpp.vram1 gfx/tilesets/cave.2bpp.vram1.lzp
tools/lzpcompress -- gfx/tilesets/quiet_cave.2bpp.vram0 gfx/tilesets/quiet_cave.2bpp.vram0.lzp
tools/lzpcompress -- gfx/tilesets/quiet_cave.2bpp.vram1 gfx/tilesets/quiet_cave.2bpp.vram1.lzp
tools/lzpcompress -- gfx/tilesets/ice_path.2bpp.vram0 gfx/tilesets/ice_path.2bpp.vram0.lzp
tools/lzpcompress -- gfx/tilesets/ice_path.2bpp.vram1 gfx/tilesets/ice_path.2bpp.vram1.lzp
tools/lzpcompress -- gfx/tilesets/tunnel.2bpp.vram0 gfx/tilesets/tunnel.2bpp.vram0.lzp
tools/lzpcompress -- gfx/tilesets/tunnel.2bpp.vram1 gfx/tilesets/tunnel.2bpp.vram1.lzp
tools/lzpcompress -- gfx/tilesets/forest.2bpp.vram0 gfx/tilesets/forest.2bpp.vram0.lzp
tools/lzpcompress -- gfx/tilesets/forest.2bpp.vram1 gfx/tilesets/forest.2bpp.vram1.lzp
tools/lzpcompress -- gfx/tilesets/park.2bpp.vram0 gfx/tilesets/park.2bpp.vram0.lzp
tools/lzpcompress -- gfx/tilesets/park.2bpp.vram1 gfx/tilesets/park.2bpp.vram1.lzp
tools/lzpcompress -- gfx/tilesets/safari_zone.2bpp.vram0 gfx/tilesets/safari_zone.2bpp.vram0.lzp
tools/lzpcompress -- gfx/tilesets/safari_zone.2bpp.vram1 gfx/tilesets/safari_zone.2bpp.vram1.lzp
tools/lzpcompress -- gfx/tilesets/ruins_of_alph.2bpp.vram0 gfx/tilesets/ruins_of_alph.2bpp.vram0.lzp
tools/lzpcompress -- gfx/tilesets/ruins_of_alph.2bpp.vram1 gfx/tilesets/ruins_of_alph.2bpp.vram1.lzp
tools/lzpcompress -- gfx/tilesets/pokemon_mansion.2bpp.vram0 gfx/tilesets/pokemon_mansion.2bpp.vram0.lzp
tools/lzpcompress -- gfx/tilesets/pokemon_mansion.2bpp.vram1 gfx/tilesets/pokemon_mansion.2bpp.vram1.lzp
tools/lzpcompress -- gfx/tilesets/battle_factory.2bpp.vram0 gfx/tilesets/battle_factory.2bpp.vram0.lzp
tools/lzpcompress -- gfx/tilesets/battle_factory.2bpp.vram1 gfx/tilesets/battle_factory.2bpp.vram1.lzp
tools/lzpcompress -- gfx/tilesets/snowtop_mountain.2bpp.vram0 gfx/tilesets/snowtop_mountain.2bpp.vram0.lzp
tools/lzpcompress -- gfx/tilesets/snowtop_mountain.2bpp.vram1 gfx/tilesets/snowtop_mountain.2bpp.vram1.lzp
tools/lzpcompress -- gfx/tilesets/hidden_grotto.2bpp.vram0 gfx/tilesets/hidden_grotto.2bpp.vram0.lzp
tools/lzpcompress -- gfx/tilesets/hidden_grotto.2bpp.vram1 gfx/tilesets/hidden_grotto.2bpp.vram1.lzp
tools/lzpcompress -- gfx/tilesets/peaks.2bpp.vram0 gfx/tilesets/peaks.2bpp.vram0.lzp
tools/lzpcompress -- gfx/tilesets/peaks.2bpp.vram1 gfx/tilesets/peaks.2bpp.vram1.lzp
tools/lzpcompress -- gfx/tilesets/hideout.2bpp.vram0 gfx/tilesets/hideout.2bpp.vram0.lzp
tools/lzpcompress -- gfx/tilesets/hideout.2bpp.vram1 gfx/tilesets/hideout.2bpp.vram1.lzp
tools/lzpcompress -- gfx/tilesets/kanto_gym.2bpp.vram0 gfx/tilesets/kanto_gym.2bpp.vram0.lzp
tools/lzpcompress -- gfx/tilesets/kanto_gym.2bpp.vram1 gfx/tilesets/kanto_gym.2bpp.vram1.lzp
rgbasm -DLOCALE_ZH -Weverything -Wtruncation=1 -E -Q8 -P includes.asm -o gfx/minis_icons.o gfx/minis_icons.asm
rgbasm -DLOCALE_ZH -Weverything -Wtruncation=1 -E -Q8 -P includes.asm -o gfx/pokemon.o gfx/pokemon.asm
rgbasm -DLOCALE_ZH -Weverything -Wtruncation=1 -E -Q8 -P includes.asm -o gfx/sprites.o gfx/sprites.asm
rgbasm -DLOCALE_ZH -Weverything -Wtruncation=1 -E -Q8 -P includes.asm -o gfx/trainers.o gfx/trainers.asm
rgbasm -DLOCALE_ZH -Weverything -Wtruncation=1 -E -Q8 -P includes.asm -o gfx/items.o gfx/items.asm
tools/lzpcompress -- gfx/overworld/overworld.2bpp gfx/overworld/overworld.2bpp.lzp
tools/lzpcompress -- gfx/trade/trade_screen.2bpp gfx/trade/trade_screen.2bpp.lzp
tools/lzpcompress -- gfx/trade/poof_cable.2bpp gfx/trade/poof_cable.2bpp.lzp
tools/lzpcompress -- gfx/trade/game_boy_cable.2bpp gfx/trade/game_boy_cable.2bpp.lzp
tools/lzpcompress -- gfx/pc/obj.2bpp gfx/pc/obj.2bpp.lzp
tools/lzpcompress -- gfx/pokedex/pokedex.2bpp gfx/pokedex/pokedex.2bpp.lzp
tools/lzpcompress -- gfx/type_chart/bg0.2bpp gfx/type_chart/bg0.2bpp.lzp
rgbasm -DLOCALE_ZH -Weverything -Wtruncation=1 -E -Q8 -P includes.asm -o audio/music_player.o audio/music_player.asm
rgbasm -DLOCALE_ZH -Weverything -Wtruncation=1 -E -Q8 -P includes.asm -o data/tilesets.o data/tilesets.asm
rgbasm -DLOCALE_ZH -Weverything -Wtruncation=1 -E -Q8 -P includes.asm -o gfx/misc.o gfx/misc.asm
rgbasm -DLOCALE_ZH -Weverything -Wtruncation=1 -E -Q8 -P includes.asm -o main.o main.asm
rgblink -Weverything -Wtruncation=1 -M -n polishedcrystal-zh-3.2.3.sym -m polishedcrystal-zh-3.2.3.map -p 0xff -l layout.link -o polishedcrystal-zh-3.2.3.gbc main.o home.o ram.o audio.o audio/music_player.o data/pokemon/dex_entries.o data/pokemon/egg_moves.o data/pokemon/evos_attacks.o data/maps/map_data.o data/text/common.o data/tilesets.o engine/movie/credits.o engine/overworld/events.o gfx/minis_icons.o gfx/pokemon.o gfx/sprites.o gfx/trainers.o gfx/items.o gfx/misc.o
rgbfix -Weverything -csjv -t PKPCRYSTAL -i PKPC -n 0x32 -p 0xff -k 01 -l 0x33 -m MBC3+TIMER+RAM+BATTERY -r 3 polishedcrystal-zh-3.2.3.gbc
tools/bankends -q polishedcrystal-zh-3.2.3.map >&2
Free space: 2017953/4194304 (48.11%)
